year,month,minute,day_night,day,death,casualties,중상자수,경상자수,부상신고자수,state,state2,사고유형_대분류,사고유형_중분류,사고유형,법규위반_대분류,법규위반,도로형태_대분류,도로형태,당사자종별_1당_대분류,당사자종별_1당,당사자종별_2당_대분류,당사자종별_2당,발생위치X_UTMK,발생위치Y_UTMK,경도,위도
2017,10,16,야간,일,1,1,0,0,0,강원,정선군,차대사람,차도통행중,차도통행중,운전자법규위반,안전운전 의무 불이행,단일로,기타단일로,화물차,화물차,보행자,보행자,1096972,1934027,128.59561855,37.40028549
2017,11,0,주간,토,1,1,0,0,0,강원,정선군,차량단독,기타,기타,운전자법규위반,안전운전 의무 불이행,단일로,기타단일로,화물차,화물차,없음,없음,1123977,1912843,128.89711843,37.20617026
2017,11,30,주간,토,1,2,0,1,0,강원,정선군,차량단독,도로이탈,도로이탈 추락,운전자법규위반,안전운전 의무 불이행,단일로,기타단일로,승용차,승용차,없음,없음,1118334,1913668,128.83354514,37.21428424
2017,1,55,주간,수,1,1,0,0,0,강원,철원군,차량단독,전도,전도,운전자법규위반,안전운전 의무 불이행,단일로,교량위,화물차,화물차,없음,없음,987194,2027366,127.35365005,38.24655059
2017,1,45,주간,일,1,1,0,0,0,강원,철원군,차량단독,공작물충돌,공작물충돌,운전자법규위반,안전운전 의무 불이행,단일로,기타단일로,승용차,승용차,없음,없음,997602,2014815,127.47263741,38.13352141
2017,5,51,주간,목,1,2,1,0,0,강원,철원군,차대차,측면충돌,측면충돌,운전자법규위반,직진 및 우회전차의 통행방해,교차로,교차로내,승용차,승용차,화물차,화물차,979576,2022231,127.26673814,38.20013064
2017,5,45,주간,금,1,3,1,1,0,강원,철원군,차대차,정면충돌,정면충돌,운전자법규위반,중앙선 침범,단일로,기타단일로,승용차,승용차,승용차,승용차,997584,2026022,127.47239393,38.23452575
2017,6,20,야간,금,1,2,0,1,0,강원,철원군,차대차,기타,기타,운전자법규위반,안전운전 의무 불이행,단일로,기타단일로,화물차,화물차,사륜오토바이(ATV),사륜오토바이(ATV),977386,2026216,127.24159946,38.23599299
2017,8,28,주간,일,1,1,0,0,0,강원,철원군,차대차,측면충돌,측면충돌,운전자법규위반,안전운전 의무 불이행,단일로,기타단일로,이륜차,이륜차,승용차,승용차,980175,2028473,127.27340479,38.25639992
2017,8,42,야간,금,1,1,0,0,0,강원,철원군,차대사람,횡단중,횡단중,운전자법규위반,안전운전 의무 불이행,단일로,기타단일로,승용차,승용차,보행자,보행자,992915,2027683,127.41902772,38.24947087
2017,8,15,주간,금,1,1,0,0,0,강원,철원군,차대차,측면충돌,측면충돌,운전자법규위반,안전운전 의무 불이행,단일로,기타단일로,원동기장치자전거,원동기장치자전거,화물차,화물차,977142,2019259,127.23903533,38.17328691
2017,9,30,주간,화,2,3,1,0,0,강원,철원군,차대차,측면충돌,측면충돌,운전자법규위반,안전운전 의무 불이행,단일로,기타단일로,화물차,화물차,농기계,농기계,973901,2028367,127.2016991,38.25528424
2017,10,2,주간,화,1,1,0,0,0,강원,철원군,차량단독,전도전복,전도전복,운전자법규위반,안전운전 의무 불이행,기타,기타,원동기장치자전거,원동기장치자전거,없음,없음,977079,2018977,127.23832517,38.17074378
2017,10,20,주간,토,1,1,0,0,0,강원,철원군,차량단독,전도전복,전도전복,운전자법규위반,안전운전 의무 불이행,단일로,기타단일로,이륜차,이륜차,없음,없음,970113,2029171,127.15837055,38.26241212
2017,10,5,야간,토,1,1,0,0,0,강원,철원군,차대사람,차도통행중,차도통행중,운전자법규위반,안전운전 의무 불이행,단일로,기타단일로,승용차,승용차,보행자,보행자,981181,2015638,127.28524309,38.14074572
2017,10,43,야간,월,1,2,0,1,0,강원,철원군,차대사람,차도통행중,차도통행중,운전자법규위반,과속,단일로,기타단일로,화물차,화물차,보행자,보행자,984850,2019655,127.32702694,38.17701848
2017,11,0,야간,월,1,1,0,0,0,강원,철원군,차대사람,횡단중,횡단중,운전자법규위반,안전운전 의무 불이행,단일로,기타단일로,화물차,화물차,보행자,보행자,983834,2018342,127.3154568,38.16516729
2017,1,0,야간,일,1,2,1,0,0,강원,춘천시,차대사람,횡단중,횡단중,운전자법규위반,안전운전 의무 불이행,단일로,기타단일로,승용차,승용차,보행자,보행자,1021195,1985798,127.740989,37.87175076
2017,1,5,야간,토,1,1,0,0,0,강원,춘천시,차대사람,횡단중,횡단중,운전자법규위반,안전운전 의무 불이행,교차로,교차로내,승용차,승용차,보행자,보행자,1021038,1990363,127.73933707,37.91289869
2017,1,24,야간,화,1,1,0,0,0,강원,춘천시,차대사람,횡단중,횡단중,운전자법규위반,안전운전 의무 불이행,단일로,기타단일로,승용차,승용차,보행자,보행자,1020041,1985290,127.72785392,37.86719827
2017,1,50,야간,수,1,8,5,2,0,강원,춘천시,차대차,추돌,추돌,운전자법규위반,안전운전 의무 불이행,교차로,교차로부근,승용차,승용차,화물차,화물차,1022097,1985688,127.75124136,37.8707379
2017,1,10,주간,화,1,1,0,0,0,강원,춘천시,차대사람,기타,기타,운전자법규위반,안전운전 의무 불이행,단일로,기타단일로,승용차,승용차,보행자,보행자,1020015,1985569,127.72756605,37.86971348
2017,3,44,주간,목,1,2,1,0,0,강원,춘천시,차대사람,횡단중,횡단중,운전자법규위반,안전운전 의무 불이행,단일로,기타단일로,승용차,승용차,보행자,보행자,1019982,1987719,127.72725038,37.88909218
2017,3,10,주간,금,1,1,0,0,0,강원,춘천시,차대차,추돌,추돌,운전자법규위반,안전운전 의무 불이행,단일로,기타단일로,이륜차,이륜차,승용차,승용차,1023636,1985788,127.76874279,37.87160056
2017,4,50,야간,목,1,1,0,0,0,강원,춘천시,차대사람,횡단중,횡단중,운전자법규위반,보행자 보호의무 위반,교차로,교차로부근,승용차,승용차,보행자,보행자,1021073,1984789,127.73957242,37.86265945
2017,4,29,야간,월,1,1,0,0,0,강원,춘천시,차량단독,공작물충돌,공작물충돌,운전자법규위반,안전운전 의무 불이행,단일로,기타단일로,승용차,승용차,없음,없음,1023184,1991529,127.76378817,37.92335559
2017,4,10,야간,토,1,1,0,0,0,강원,춘천시,차대사람,횡단중,횡단중,운전자법규위반,안전운전 의무 불이행,단일로,기타단일로,건설기계,건설기계,보행자,보행자,1019521,1990368,127.72207931,37.91297758
2017,5,30,주간,화,1,1,0,0,0,강원,춘천시,차대차,측면충돌,측면충돌,운전자법규위반,신호위반,교차로,교차로부근,화물차,화물차,자전거,자전거,1019920,1984752,127.72646339,37.86235191
2017,5,10,야간,화,1,1,0,0,0,강원,춘천시,차대사람,차도통행중,차도통행중,운전자법규위반,안전운전 의무 불이행,단일로,기타단일로,화물차,화물차,보행자,보행자,1020258,1994604,127.7305829,37.95114024
2017,5,40,주간,수,1,1,0,0,0,강원,춘천시,차대차,측면충돌,측면충돌,운전자법규위반,교차로 통행방법 위반,교차로,교차로내,이륜차,이륜차,화물차,화물차,1023043,1987354,127.76205041,37.8857301
2017,6,0,주간,금,1,2,0,1,0,강원,춘천시,차대사람,횡단중,횡단중,운전자법규위반,안전운전 의무 불이행,단일로,기타단일로,승용차,승용차,보행자,보행자,1019763,1985632,127.72470261,37.8702868
2017,6,0,주간,수,1,1,0,0,0,강원,춘천시,차량단독,도로이탈,도로이탈 추락,운전자법규위반,안전운전 의무 불이행,단일로,기타단일로,사륜오토바이(ATV),사륜오토바이(ATV),없음,없음,1019108,1979745,127.7170998,37.81724081
2017,7,34,야간,수,1,1,0,0,0,강원,춘천시,차대사람,차도통행중,차도통행중,운전자법규위반,안전운전 의무 불이행,단일로,기타단일로,화물차,화물차,보행자,보행자,1022755,1982877,127.7613163,37.84434996
2017,7,17,야간,목,1,1,0,0,0,강원,춘천시,차대사람,횡단중,횡단중,운전자법규위반,보행자 보호의무 위반,교차로,교차로부근,화물차,화물차,보행자,보행자,1021240,1987837,127.74156067,37.89012723
2017,8,20,주간,토,1,1,0,0,0,강원,춘천시,차량단독,기타,기타,운전자법규위반,안전운전 의무 불이행,기타,기타,자전거,자전거,없음,없음,1020414,1985758,127.7321079,37.87140808
2017,8,50,주간,일,1,3,0,2,0,강원,춘천시,차대차,측면충돌,측면충돌,운전자법규위반,중앙선 침범,단일로,기타단일로,승용차,승용차,승합차,승합차,1009715,1970612,127.61025709,37.73507135
2017,9,40,주간,화,1,1,0,0,0,강원,춘천시,차대차,측면충돌,측면충돌,운전자법규위반,안전운전 의무 불이행,단일로,기타단일로,승용차,승용차,자전거,자전거,1020232,1989701,127.73014916,37.9069504
2017,9,10,주간,수,1,1,0,0,0,강원,춘천시,차대사람,차도통행중,차도통행중,운전자법규위반,안전운전 의무 불이행,교차로,교차로횡단보도내,화물차,화물차,보행자,보행자,1022207,1989765,127.75261756,37.90748115
2017,9,30,주간,월,1,1,0,0,0,강원,춘천시,차량단독,전도전복,전도전복,운전자법규위반,안전운전 의무 불이행,단일로,기타단일로,화물차,화물차,없음,없음,1024326,1986304,127.77660544,37.87623309
2017,9,35,주간,일,1,2,1,0,0,강원,춘천시,차대차,측면충돌,측면충돌,운전자법규위반,안전운전 의무 불이행,단일로,기타단일로,승용차,승용차,이륜차,이륜차,1018612,1990856,127.71175081,37.91739497
2017,9,20,야간,월,1,1,0,0,0,강원,춘천시,차대사람,횡단중,횡단중,운전자법규위반,과속,단일로,기타단일로,승합차,승합차,보행자,보행자,1021212,1986619,127.74120642,37.87915005
2017,10,45,야간,화,1,1,0,0,0,강원,춘천시,차대사람,차도통행중,차도통행중,운전자법규위반,안전운전 의무 불이행,단일로,기타단일로,승합차,승합차,보행자,보행자,1022772,1980366,127.75874833,37.82275385
2017,11,48,야간,수,1,2,0,1,0,강원,춘천시,차대차,정면충돌,정면충돌,운전자법규위반,중앙선 침범,단일로,기타단일로,승용차,승용차,화물차,화물차,1022064,1983405,127.75079642,37.85016195
2017,11,15,주간,월,1,1,0,0,0,강원,춘천시,차량단독,전도전복,전도전복,운전자법규위반,안전운전 의무 불이행,단일로,기타단일로,건설기계,건설기계,없음,없음,1022629,1973507,127.75690936,37.76093636
2017,11,55,주간,금,1,1,0,0,0,강원,춘천시,차대사람,횡단중,횡단중,운전자법규위반,중앙선 침범,단일로,기타단일로,승합차,승합차,보행자,보행자,1020460,1999841,127.73303128,37.99833608
2017,12,30,야간,화,1,1,0,0,0,강원,춘천시,차대사람,길가장자리구역통행중,길가장자리구역통행중,운전자법규위반,안전운전 의무 불이행,단일로,기타단일로,승용차,승용차,보행자,보행자,1020147,1980058,127.72891326,37.82003956
2017,12,15,야간,토,1,1,0,0,0,강원,춘천시,차대사람,횡단중,횡단중,운전자법규위반,보행자 보호의무 위반,단일로,기타단일로,승용차,승용차,보행자,보행자,1020910,1985532,127.73774085,37.86935989
2017,12,35,주간,목,1,3,1,1,0,강원,춘천시,차량단독,공작물충돌,공작물충돌,운전자법규위반,안전운전 의무 불이행,단일로,기타단일로,화물차,화물차,없음,없음,1023796,1976936,127.77027079,37.7918128
2017,12,40,야간,목,1,1,0,0,0,강원,춘천시,차량단독,공작물충돌,공작물충돌,운전자법규위반,안전운전 의무 불이행,단일로,기타단일로,승용차,승용차,없음,없음,1025966,1972729,127.7947664,37.75383545
2017,1,5,주간,월,1,1,0,0,0,강원,태백시,차량단독,공작물충돌,공작물충돌,운전자법규위반,안전운전 의무 불이행,단일로,기타단일로,화물차,화물차,없음,없음,1134043,1909447,129.00990978,37.17417689
2017,3,50,야간,목,1,1,0,0,0,강원,태백시,차대사람,기타,기타,운전자법규위반,안전운전 의무 불이행,단일로,기타단일로,승용차,승용차,보행자,보행자,1132360,1907929,128.99068899,37.16073805
2017,5,38,야간,화,1,2,0,1,0,강원,태백시,차대사람,기타,기타,운전자법규위반,과속,단일로,기타단일로,승용차,승용차,보행자,보행자,1132553,1908376,128.99294119,37.16473865
2017,5,35,주간,목,1,1,0,0,0,강원,태백시,차량단독,전도,전도,운전자법규위반,안전운전 의무 불이행,주차장,주차장,승용차,승용차,없음,없음,1132721,1909130,128.99146396,37.17169122
2017,9,0,야간,수,1,1,0,0,0,강원,태백시,차량단독,공작물충돌,공작물충돌,운전자법규위반,안전운전 의무 불이행,단일로,기타단일로,승용차,승용차,없음,없음,1132277,1907546,128.98968676,37.15729854
2017,11,15,주간,토,1,1,0,0,0,강원,태백시,차량단독,공작물충돌,공작물충돌,운전자법규위반,안전운전 의무 불이행,단일로,기타단일로,화물차,화물차,없음,없음,1133535,1904282,129.00326749,37.12770739
2017,1,5,야간,금,1,3,0,2,0,강원,평창군,차대사람,횡단중,횡단중,운전자법규위반,안전운전 의무 불이행,단일로,기타단일로,승용차,승용차,보행자,보행자,1079256,1930618,128.39511739,37.37124632
2017,3,55,야간,수,1,1,0,0,0,강원,평창군,차대사람,기타,기타,운전자법규위반,안전운전 의무 불이행,단일로,기타단일로,승용차,승용차,보행자,보행자,1105119,1964998,128.69208402,37.6784969
2017,3,35,야간,수,1,1,0,0,0,강원,평창군,차대사람,횡단중,횡단중,운전자법규위반,안전운전 의무 불이행,단일로,기타단일로,승용차,승용차,보행자,보행자,1084396,1943711,128.45465888,37.4887937
2017,3,30,주간,목,1,2,0,1,0,강원,평창군,차대차,정면충돌,정면충돌,운전자법규위반,안전거리 미확보,단일로,기타단일로,승용차,승용차,승용차,승용차,1106272,1965102,128.70062898,37.67915107
2017,4,5,주간,토,1,1,0,0,0,강원,평창군,차량단독,전도전복,전도전복,운전자법규위반,안전운전 의무 불이행,단일로,기타단일로,승용차,승용차,없음,없음,1084927,1927556,128.45076296,37.34575348
2017,5,55,주간,목,1,1,0,0,0,강원,평창군,차량단독,전도,전도,운전자법규위반,안전운전 의무 불이행,단일로,기타단일로,농기계,농기계,없음,없음,1096090,1963619,128.58952824,37.66706012
2017,5,35,주간,토,1,3,1,1,0,강원,평창군,차대차,측면충돌,측면충돌,운전자법규위반,안전운전 의무 불이행,단일로,기타단일로,승용차,승용차,승용차,승용차,1081588,1956297,128.42481434,37.6022741
2017,5,20,주간,목,5,14,1,8,0,강원,평창군,차대차,추돌,추돌,운전자법규위반,안전운전 의무 불이행,단일로,기타단일로,승합차,승합차,승합차,승합차,1073759,1951258,128.32986818,37.55687783
2017,5,37,주간,수,1,2,0,1,0,강원,평창군,차량단독,공작물충돌,공작물충돌,운전자법규위반,안전운전 의무 불이행,교차로,교차로내,승용차,승용차,없음,없음,1088526,1960505,128.50339776,37.63975763
2017,5,20,주간,토,1,2,0,1,0,강원,평창군,차대차,측면충돌,측면충돌,운전자법규위반,중앙선 침범,단일로,기타단일로,자전거,자전거,화물차,화물차,1076898,1957487,128.37129768,37.61360539
2017,6,13,주간,월,1,1,0,0,0,강원,평창군,차량단독,전복,전복,운전자법규위반,안전운전 의무 불이행,단일로,기타단일로,사륜오토바이(ATV),사륜오토바이(ATV),없음,없음,1071342,1938590,128.30801715,37.4358239
2017,8,32,야간,토,1,1,0,0,0,강원,평창군,차대사람,횡단중,횡단중,운전자법규위반,안전운전 의무 불이행,단일로,기타단일로,승용차,승용차,보행자,보행자,1080316,1933498,128.40719648,37.39715655
2017,9,58,주간,토,1,5,0,4,0,강원,평창군,차대차,측면충돌,측면충돌,운전자법규위반,중앙선 침범,단일로,기타단일로,이륜차,이륜차,승합차,승합차,1081048,1937302,128.41608699,37.43133206
2017,9,25,주간,금,1,1,0,0,0,강원,평창군,차대차,정면충돌,정면충돌,운전자법규위반,중앙선 침범,단일로,기타단일로,승용차,승용차,건설기계,건설기계,1091707,1960970,128.53950585,37.64363606
2017,10,40,주간,화,1,4,3,0,0,강원,평창군,차대차,측면충돌,측면충돌,운전자법규위반,중앙선 침범,단일로,기타단일로,승용차,승용차,화물차,화물차,1079038,1932105,128.39281444,37.38466689
2017,10,0,야간,수,1,1,0,0,0,강원,평창군,차량단독,공작물충돌,공작물충돌,운전자법규위반,안전운전 의무 불이행,단일로,기타단일로,이륜차,이륜차,없음,없음,1079640,1954824,128.40207276,37.58937193
2017,10,40,야간,수,1,2,1,0,0,강원,평창군,차량단독,공작물충돌,공작물충돌,운전자법규위반,안전운전 의무 불이행,단일로,기타단일로,승용차,승용차,없음,없음,1082258,1952162,128.43142409,37.5651507
2017,12,35,주간,일,1,29,3,21,4,강원,평창군,차대차,측면충돌,측면충돌,운전자법규위반,기타(운전자법규위반),단일로,기타단일로,건설기계,건설기계,승합차,승합차,1109582,1963400,128.72946336,37.66913088
2017,1,0,주간,수,1,1,0,0,0,강원,홍천군,차량단독,도로이탈,도로이탈 추락,운전자법규위반,안전운전 의무 불이행,단일로,기타단일로,농기계,농기계,없음,없음,1041823,1965236,127.97433987,37.68571324
2017,2,40,주간,금,1,1,0,0,0,강원,홍천군,차량단독,전도,전도,운전자법규위반,안전운전 의무 불이행,교차로,교차로부근,승용차,승용차,없음,없음,1030012,1962979,127.84006812,37.66555881
2017,4,45,주간,금,1,1,0,0,0,강원,홍천군,차대차,정면충돌,정면충돌,운전자법규위반,안전운전 의무 불이행,단일로,기타단일로,승용차,승용차,승용차,승용차,1034125,1966360,127.8870869,37.69616288
2017,4,40,야간,화,2,3,1,0,0,강원,홍천군,차대차,정면충돌,정면충돌,운전자법규위반,중앙선 침범,단일로,기타단일로,승용차,승용차,승용차,승용차,1043095,1978321,127.9895421,37.80358895
2017,5,35,주간,수,1,1,0,0,0,강원,홍천군,차대차,후진중충돌,후진중충돌,운전자법규위반,안전운전 의무 불이행,단일로,터널안,화물차,화물차,농기계,농기계,1033245,1963395,127.87696982,37.66947112
2017,7,0,야간,일,1,3,1,1,0,강원,홍천군,차대차,추돌,추돌,운전자법규위반,안전운전 의무 불이행,단일로,기타단일로,승용차,승용차,화물차,화물차,1079467,1970949,128.40186999,37.73471024
2017,8,5,야간,토,1,1,0,0,0,강원,홍천군,차량단독,기타,기타,운전자법규위반,안전운전 의무 불이행,단일로,터널안,이륜차,이륜차,없음,없음,953936,1952044,127.79799351,37.63927146
2017,9,35,주간,월,1,4,3,0,0,강원,홍천군,차대사람,기타,기타,운전자법규위반,안전운전 의무 불이행,주차장,주차장,승용차,승용차,보행자,보행자,1042971,1977865,127.98810651,37.79948492
2017,9,30,주간,수,1,1,0,0,0,강원,홍천군,차량단독,전복,전복,운전자법규위반,안전운전 의무 불이행,단일로,기타단일로,화물차,화물차,없음,없음,1053939,1978949,128.11276659,37.80867265
2017,9,0,주간,금,1,1,0,0,0,강원,홍천군,차대차,측면충돌,측면충돌,운전자법규위반,직진 및 우회전차의 통행방해,교차로,교차로내,이륜차,이륜차,승용차,승용차,1038042,1964833,127.93223647,37.6819678
2017,10,50,야간,일,1,1,0,0,0,강원,홍천군,차대사람,횡단중,횡단중,운전자법규위반,보행자 보호의무 위반,단일로,기타단일로,승용차,승용차,보행자,보행자,1032394,1965814,127.86742791,37.6913045
2017,12,55,야간,일,1,1,0,0,0,강원,홍천군,차량단독,도로이탈,도로이탈 추락,운전자법규위반,안전운전 의무 불이행,단일로,기타단일로,화물차,화물차,없음,없음,1067639,1980346,128.2685225,37.8203506
2017,1,20,주간,수,1,1,0,0,0,강원,화천군,차대차,측면충돌,측면충돌,운전자법규위반,안전운전 의무 불이행,단일로,기타단일로,화물차,화물차,이륜차,이륜차,1014459,2006559,127.66481818,38.05899977
2017,2,10,야간,목,1,1,0,0,0,강원,화천군,차대차,측면충돌,측면충돌,운전자법규위반,중앙선 침범,단일로,기타단일로,이륜차,이륜차,승합차,승합차,1019632,2013812,127.72398426,38.12427134
2017,4,40,야간,월,1,1,0,0,0,강원,횡성군,차대차,추돌,추돌,운전자법규위반,안전운전 의무 불이행,교차로,교차로내,승합차,승합차,사륜오토바이(ATV),사륜오토바이(ATV),1042251,1941476,127.97782341,37.47153924
2017,4,5,야간,금,1,1,0,0,0,강원,횡성군,차대사람,차도통행중,차도통행중,운전자법규위반,안전운전 의무 불이행,단일로,기타단일로,승용차,승용차,보행자,보행자,1050469,1939494,128.07062245,37.45326257
2017,5,0,주간,금,1,3,0,2,0,강원,횡성군,차대차,추돌,추돌,운전자법규위반,안전운전 의무 불이행,단일로,기타단일로,승용차,승용차,화물차,화물차,1040314,1957153,127.89982896,37.58984076
2017,5,5,야간,목,1,1,0,0,0,강원,횡성군,차대차,측면충돌,측면충돌,운전자법규위반,안전운전 의무 불이행,교차로,교차로내,이륜차,이륜차,화물차,화물차,1042891,1943536,127.98518108,37.4900773
2017,7,40,주간,화,1,1,0,0,0,강원,횡성군,차대차,추돌,추돌,운전자법규위반,안전운전 의무 불이행,단일로,기타단일로,화물차,화물차,농기계,농기계,1031847,1935733,127.8599173,37.42019151
2017,7,0,야간,금,1,2,1,0,0,강원,횡성군,차대차,정면충돌,정면충돌,운전자법규위반,중앙선 침범,단일로,기타단일로,승용차,승용차,승용차,승용차,1044720,1943498,128.00526157,37.48784068
2017,7,25,주간,금,1,1,0,0,0,강원,횡성군,차대사람,길가장자리구역통행중,길가장자리구역통행중,운전자법규위반,안전운전 의무 불이행,단일로,기타단일로,승합차,승합차,보행자,보행자,1066447,1953280,128.25251012,37.57650367
2017,8,11,주간,일,1,2,1,0,0,강원,횡성군,차량단독,공작물충돌,공작물충돌,운전자법규위반,안전운전 의무 불이행,단일로,기타단일로,승용차,승용차,없음,없음,1039459,1941675,127.9492941,37.48648849
2017,8,20,주간,월,1,1,0,0,0,강원,횡성군,차대차,기타,기타,운전자법규위반,안전운전 의무 불이행,기타,기타,특수차,특수차,자전거,자전거,1048631,1941172,128.04995295,37.46848541
2017,10,10,야간,금,1,1,0,0,0,강원,횡성군,차대사람,차도통행중,차도통행중,운전자법규위반,안전운전 의무 불이행,단일로,기타단일로,승용차,승용차,보행자,보행자,1058838,1935888,128.16495263,37.4202664
2017,11,20,야간,수,1,1,0,0,0,강원,횡성군,차대사람,횡단중,횡단중,운전자법규위반,안전운전 의무 불이행,단일로,기타단일로,승용차,승용차,보행자,보행자,1057420,1934505,128.14841345,37.40810512
2017,12,0,야간,일,1,1,0,0,0,강원,횡성군,차량단독,전도전복,전도전복,운전자법규위반,안전운전 의무 불이행,단일로,기타단일로,승용차,승용차,없음,없음,1066216,1945904,128.24922866,37.5100417
2017,1,55,주간,목,1,1,0,0,0,경기,가평군,차대차,기타,기타,운전자법규위반,안전운전 의무 불이행,단일로,기타단일로,화물차,화물차,자전거,자전거,997586,1976060,127.47258499,37.78422402
2017,1,35,야간,목,1,1,0,0,0,경기,가평군,차대차,측면충돌,측면충돌,운전자법규위반,안전운전 의무 불이행,단일로,기타단일로,자전거,자전거,승용차,승용차,992092,1970357,127.41025359,37.73279036
2017,4,40,야간,일,1,1,0,0,0,경기,가평군,차대사람,횡단중,횡단중,운전자법규위반,보행자 보호의무 위반,교차로,교차로부근,승용차,승용차,보행자,보행자,1001304,1979393,127.5148151,37.8142673
2017,5,50,주간,월,1,1,0,0,0,경기,가평군,차량단독,전도전복,전도전복,운전자법규위반,안전운전 의무 불이행,단일로,기타단일로,화물차,화물차,없음,없음,981026,1976191,127.28451574,37.7852109
2017,6,55,주간,목,1,1,0,0,0,경기,가평군,차대사람,횡단중,횡단중,운전자법규위반,신호위반,교차로,교차로내,화물차,화물차,보행자,보행자,1000568,1982319,127.5064555,37.84064057
2017,7,19,야간,화,1,1,0,0,0,경기,가평군,차대차,측면충돌,측면충돌,운전자법규위반,안전운전 의무 불이행,교차로,교차로내,화물차,화물차,화물차,화물차,1000631,1979678,127.50716921,37.81683677
2017,7,2,주간,일,1,3,1,1,0,경기,가평군,차대차,정면충돌,정면충돌,운전자법규위반,중앙선 침범,교차로,교차로부근,승용차,승용차,승합차,승합차,986359,1980160,127.34500667,37.82107936
2017,8,20,야간,금,1,1,0,0,0,경기,가평군,차대차,추돌,추돌,운전자법규위반,안전운전 의무 불이행,단일로,교량위,승용차,승용차,농기계,농기계,998572,1959113,127.48381592,37.63147688
2017,8,30,주간,일,1,1,0,0,0,경기,가평군,차대차,측면충돌,측면충돌,운전자법규위반,안전운전 의무 불이행,단일로,기타단일로,화물차,화물차,이륜차,이륜차,996416,1966431,127.45934518,37.69743115
2017,8,45,주간,금,1,4,3,0,0,경기,가평군,차대차,정면충돌,정면충돌,운전자법규위반,안전운전 의무 불이행,단일로,기타단일로,승합차,승합차,승용차,승용차,997347,1964967,127.46991123,37.68423874
2017,9,48,야간,화,1,1,0,0,0,경기,가평군,차대사람,횡단중,횡단중,운전자법규위반,안전운전 의무 불이행,단일로,기타단일로,승용차,승용차,보행자,보행자,1000553,1983800,127.50628615,37.85398903
2017,9,12,야간,화,1,1,0,0,0,경기,가평군,차대사람,횡단중,횡단중,운전자법규위반,안전운전 의무 불이행,단일로,기타단일로,승용차,승용차,보행자,보행자,1001330,1979222,127.51511018,37.812726
2017,10,0,야간,화,1,1,0,0,0,경기,가평군,차량단독,기타,기타,운전자법규위반,안전운전 의무 불이행,단일로,교량위,사륜오토바이(ATV),사륜오토바이(ATV),없음,없음,1002912,1967818,127.53303759,37.70993505
2017,10,30,야간,화,1,3,0,2,0,경기,가평군,차대차,추돌,추돌,운전자법규위반,안전운전 의무 불이행,교차로,교차로부근,승합차,승합차,농기계,농기계,1000517,1983004,127.50587636,37.8468146
2017,12,10,야간,금,1,2,0,0,1,경기,가평군,차량단독,공작물충돌,공작물충돌,운전자법규위반,안전운전 의무 불이행,교차로,교차로내,승용차,승용차,없음,없음,998802,1964541,127.48641369,37.68040209
2017,1,0,야간,목,1,1,0,0,0,경기,고양시,차대사람,횡단중,횡단중,운전자법규위반,안전운전 의무 불이행,단일로,기타단일로,승용차,승용차,보행자,보행자,935250,1963385,126.76581172,37.66769834
2017,1,30,주간,화,1,1,0,0,0,경기,고양시,차대사람,횡단중,횡단중,운전자법규위반,안전운전 의무 불이행,교차로,교차로부근,승합차,승합차,보행자,보행자,946775,1961752,126.89660334,37.65372126
2017,1,15,야간,금,1,2,0,0,1,경기,고양시,차대차,추돌,추돌,운전자법규위반,안전운전 의무 불이행,교차로,교차로내,승용차,승용차,승용차,승용차,932455,1963301,126.73413006,37.66673976
2017,1,30,야간,일,1,1,0,0,0,경기,고양시,차대사람,횡단중,횡단중,운전자법규위반,안전운전 의무 불이행,단일로,기타단일로,승용차,승용차,보행자,보행자,947585,1969176,126.90525152,37.72067959
2017,1,40,야간,수,1,1,0,0,0,경기,고양시,차대차,기타,기타,운전자법규위반,안전운전 의무 불이행,단일로,기타단일로,승용차,승용차,승용차,승용차,944092,1959535,126.86635836,37.63358018
2017,2,50,야간,금,1,3,0,2,0,경기,고양시,차대차,정면충돌,정면충돌,운전자법규위반,중앙선 침범,단일로,기타단일로,승용차,승용차,승용차,승용차,941679,1960727,126.83891671,37.64417346
2017,2,50,주간,월,1,1,0,0,0,경기,고양시,차대차,측면충돌,측면충돌,운전자법규위반,안전운전 의무 불이행,단일로,기타단일로,승용차,승용차,화물차,화물차,938727,1960552,126.80547193,37.64240398
2017,3,30,야간,월,1,2,0,1,0,경기,고양시,차대차,추돌,추돌,운전자법규위반,안전운전 의무 불이행,단일로,기타단일로,화물차,화물차,화물차,화물차,940443,1956365,126.82526268,37.60478008
2017,3,56,주간,월,1,3,2,0,0,경기,고양시,차대차,추돌,추돌,운전자법규위반,안전운전 의무 불이행,단일로,교량위,승용차,승용차,승용차,승용차,940257,1956376,126.82315467,37.60486715
2017,3,40,야간,금,1,11,3,6,1,경기,고양시,차대차,기타,기타,운전자법규위반,안전운전 의무 불이행,단일로,기타단일로,화물차,화물차,승용차,승용차,943268,1963282,126.85543035,37.6674434
2017,4,30,주간,화,1,2,0,1,0,경기,고양시,차대사람,횡단중,횡단중,운전자법규위반,안전운전 의무 불이행,단일로,기타단일로,화물차,화물차,보행자,보행자,930227,1963007,126.70889782,37.66392334
2017,4,0,주간,수,1,1,0,0,0,경기,고양시,차량단독,전도전복,전도전복,운전자법규위반,안전운전 의무 불이행,단일로,기타단일로,승용차,승용차,없음,없음,945339,1965467,126.88004619,37.68711971