year,month,minute,day_night,day,death,casualties,중상자수,경상자수,부상신고자수,state,state2,사고유형_대분류,사고유형_중분류,사고유형,법규위반_대분류,법규위반,도로형태_대분류,도로형태,당사자종별_1당_대분류,당사자종별_1당,당사자종별_2당_대분류,당사자종별_2당,발생위치X_UTMK,발생위치Y_UTMK,경도,위도
2017,5,0,야간,목,1,2,1,0,0,경기,고양시,차량단독,전도전복,전도전복,운전자법규위반,안전운전 의무 불이행,단일로,기타단일로,이륜차,이륜차,없음,없음,951927,1963406,126.95489855,37.66891307
2017,5,25,야간,금,1,1,0,0,0,경기,고양시,차량단독,공작물충돌,공작물충돌,운전자법규위반,안전운전 의무 불이행,교차로,교차로내,승용차,승용차,없음,없음,944397,1959944,126.86978379,37.63728497
2017,6,7,주간,월,1,1,0,0,0,경기,고양시,차대사람,기타,기타,운전자법규위반,안전운전 의무 불이행,기타,기타,건설기계,건설기계,보행자,보행자,943298,1967628,126.85673065,37.7064724
2017,6,55,야간,화,1,1,0,0,0,경기,고양시,차대사람,횡단중,횡단중,운전자법규위반,안전운전 의무 불이행,교차로,교차로내,화물차,화물차,보행자,보행자,932130,1966451,126.73015196,37.69510538
2017,6,40,주간,수,1,1,0,0,0,경기,고양시,차대사람,횡단중,횡단중,운전자법규위반,안전운전 의무 불이행,단일로,기타단일로,승용차,승용차,보행자,보행자,936835,1964204,126.78371149,37.67519023
2017,6,0,주간,금,1,1,0,0,0,경기,고양시,차대사람,횡단중,횡단중,운전자법규위반,보행자 보호의무 위반,단일로,기타단일로,승용차,승용차,보행자,보행자,947182,1968836,126.90070363,37.71759207
2017,6,46,주간,화,1,2,0,1,0,경기,고양시,차대차,기타,기타,운전자법규위반,중앙선 침범,교차로,교차로부근,승용차,승용차,화물차,화물차,938291,1970006,126.79972957,37.72758094
2017,6,54,야간,목,1,1,0,0,0,경기,고양시,차대사람,횡단중,횡단중,운전자법규위반,안전운전 의무 불이행,단일로,기타단일로,승용차,승용차,보행자,보행자,939903,1956444,126.81913878,37.60545696
2017,6,40,주간,목,1,1,0,0,0,경기,고양시,차량단독,전도,전도,운전자법규위반,안전운전 의무 불이행,단일로,기타단일로,자전거,자전거,없음,없음,930200,1964377,126.70846057,37.67626847
2017,7,0,주간,금,1,8,1,6,0,경기,고양시,차대차,추돌,추돌,운전자법규위반,안전운전 의무 불이행,단일로,기타단일로,승용차,승용차,승용차,승용차,944963,1953650,126.87667222,37.58059146
2017,7,18,야간,목,1,2,1,0,0,경기,고양시,차대사람,기타,기타,운전자법규위반,안전운전 의무 불이행,단일로,기타단일로,승용차,승용차,보행자,보행자,944775,1953807,126.87453129,37.58199524
2017,7,50,야간,월,1,1,0,0,0,경기,고양시,차량단독,전도전복,전도전복,운전자법규위반,안전운전 의무 불이행,단일로,기타단일로,승용차,승용차,없음,없음,940069,1956947,126.82097812,37.61000126
2017,7,5,야간,목,1,1,0,0,0,경기,고양시,차대사람,횡단중,횡단중,운전자법규위반,신호위반,교차로,교차로내,승합차,승합차,보행자,보행자,940901,1959237,126.83021899,37.63069459
2017,7,10,야간,토,1,1,0,0,0,경기,고양시,차대사람,기타,기타,운전자법규위반,안전운전 의무 불이행,단일로,기타단일로,승용차,승용차,보행자,보행자,942603,1963400,126.8491796,37.66832302
2017,8,15,야간,화,1,1,0,0,0,경기,고양시,차대사람,횡단중,횡단중,운전자법규위반,안전운전 의무 불이행,교차로,교차로부근,승용차,승용차,보행자,보행자,943956,1965549,126.86435506,37.68777526
2017,9,15,주간,화,1,1,0,0,0,경기,고양시,차대사람,횡단중,횡단중,운전자법규위반,신호위반,교차로,교차로부근,승합차,승합차,보행자,보행자,937921,1969802,126.79554853,37.72571735
2017,9,45,주간,월,1,3,0,0,2,경기,고양시,차대차,추돌,추돌,운전자법규위반,안전운전 의무 불이행,단일로,기타단일로,화물차,화물차,화물차,화물차,930144,1965818,126.70768745,37.68925125
2017,9,13,주간,금,1,1,0,0,0,경기,고양시,차대차,측면충돌,측면충돌,운전자법규위반,안전운전 의무 불이행,교차로,교차로내,승합차,승합차,이륜차,이륜차,946130,1961608,126.88930217,37.65238577
2017,10,30,야간,일,1,2,1,0,0,경기,고양시,차대사람,횡단중,횡단중,운전자법규위반,보행자 보호의무 위반,교차로,교차로내,승용차,승용차,보행자,보행자,941444,1958563,126.83642655,37.62465469
2017,10,30,야간,금,1,1,0,0,0,경기,고양시,차대사람,기타,기타,운전자법규위반,안전운전 의무 불이행,교차로,교차로내,승용차,승용차,보행자,보행자,941662,1962675,126.8385683,37.66172937
2017,10,0,주간,금,1,6,2,3,0,경기,고양시,차대차,정면충돌,정면충돌,운전자법규위반,중앙선 침범,단일로,기타단일로,화물차,화물차,승용차,승용차,947168,1965800,126.90076513,37.69022822
2017,10,10,야간,금,1,1,0,0,0,경기,고양시,차량단독,공작물충돌,공작물충돌,운전자법규위반,안전운전 의무 불이행,단일로,기타단일로,승용차,승용차,없음,없음,942484,1963424,126.84782845,37.66853187
2017,11,55,야간,일,1,1,0,0,0,경기,고양시,차대사람,기타,기타,운전자법규위반,안전운전 의무 불이행,교차로,교차로내,승용차,승용차,보행자,보행자,942261,1958384,126.84569862,37.62309308
2017,11,40,주간,토,1,1,0,0,0,경기,고양시,차대차,측면충돌,측면충돌,운전자법규위반,안전운전 의무 불이행,교차로,교차로내,승용차,승용차,이륜차,이륜차,944219,1961212,126.86766955,37.64870253
2017,11,10,주간,화,1,1,0,0,0,경기,고양시,차대차,측면충돌,측면충돌,운전자법규위반,신호위반,교차로,교차로내,승합차,승합차,이륜차,이륜차,939444,1964881,126.81323921,37.68146782
2017,11,40,주간,화,1,4,0,0,3,경기,고양시,차대차,추돌,추돌,운전자법규위반,안전운전 의무 불이행,단일로,기타단일로,승합차,승합차,화물차,화물차,934720,1960274,126.76008089,37.63962234
2017,12,44,야간,금,1,2,1,0,0,경기,고양시,차량단독,공작물충돌,공작물충돌,운전자법규위반,안전운전 의무 불이행,단일로,기타단일로,승용차,승용차,없음,없음,944503,1965542,126.87055926,37.68774545
2017,12,0,야간,화,1,1,0,0,0,경기,고양시,차량단독,공작물충돌,공작물충돌,운전자법규위반,중앙선 침범,단일로,기타단일로,승용차,승용차,없음,없음,928364,1965125,126.68756852,37.68286824
2017,8,0,주간,목,1,1,0,0,0,경기,과천시,차대차,측면충돌,측면충돌,운전자법규위반,안전운전 의무 불이행,단일로,기타단일로,화물차,화물차,이륜차,이륜차,955673,1938120,126.99890144,37.44119304
2017,8,30,야간,수,1,1,0,0,0,경기,과천시,차대사람,기타,기타,운전자법규위반,안전운전 의무 불이행,단일로,기타단일로,화물차,화물차,보행자,보행자,954496,1934822,126.98579976,37.41140964
2017,8,30,야간,일,1,1,0,0,0,경기,과천시,차대사람,차도통행중,차도통행중,운전자법규위반,안전운전 의무 불이행,단일로,기타단일로,승용차,승용차,보행자,보행자,956265,1938761,127.00555551,37.44699882
2017,1,7,주간,화,1,1,0,0,0,경기,광명시,차대사람,차도통행중,차도통행중,운전자법규위반,안전운전 의무 불이행,단일로,기타단일로,화물차,화물차,보행자,보행자,944648,1940195,126.87411865,37.45930136
2017,4,20,야간,금,1,1,0,0,0,경기,광명시,차대차,측면충돌,측면충돌,운전자법규위반,안전거리 미확보,단일로,터널안,이륜차,이륜차,화물차,화물차,946485,1937913,126.89505473,37.43884133
2017,6,10,야간,목,1,1,0,0,0,경기,광명시,차대사람,횡단중,횡단중,운전자법규위반,안전운전 의무 불이행,단일로,기타단일로,화물차,화물차,보행자,보행자,945925,1939433,126.88861322,37.45250888
2017,7,50,주간,월,1,2,0,1,0,경기,광명시,차대차,측면충돌,측면충돌,운전자법규위반,신호위반,교차로,교차로내,승용차,승용차,화물차,화물차,942775,1934442,126.85338753,37.4073344
2017,8,0,주간,목,1,1,0,0,0,경기,광명시,차대사람,횡단중,횡단중,운전자법규위반,안전운전 의무 불이행,교차로,교차로횡단보도내,승용차,승용차,보행자,보행자,944534,1942216,126.87267749,37.47751015
2017,12,41,야간,금,1,1,0,0,0,경기,광명시,차대차,추돌,추돌,운전자법규위반,안전운전 의무 불이행,단일로,기타단일로,이륜차,이륜차,건설기계,건설기계,944300,1943491,126.86993459,37.48898783
2017,1,45,야간,금,1,1,0,0,0,경기,광주시,차대사람,기타,기타,운전자법규위반,안전운전 의무 불이행,단일로,기타단일로,승용차,승용차,보행자,보행자,979519,1933939,127.26858352,37.40434217
2017,2,48,주간,화,1,1,0,0,0,경기,광주시,차대사람,횡단중,횡단중,운전자법규위반,안전운전 의무 불이행,단일로,기타단일로,승용차,승용차,보행자,보행자,986032,1927915,127.34228786,37.35016405
2017,2,0,주간,화,3,3,0,0,0,경기,광주시,차대차,측면충돌,측면충돌,운전자법규위반,부당한 회전,단일로,기타단일로,화물차,화물차,화물차,화물차,981688,1931457,127.29315255,37.38201542
2017,3,35,주간,수,1,7,5,1,0,경기,광주시,차대차,측면충돌,측면충돌,운전자법규위반,앞지르기 금지위반,교차로,교차로내,화물차,화물차,승합차,승합차,980288,1942087,127.27705466,37.47780239
2017,4,10,야간,목,1,1,0,0,0,경기,광주시,차대사람,기타,기타,운전자법규위반,안전운전 의무 불이행,단일로,기타단일로,건설기계,건설기계,보행자,보행자,972024,1927809,127.18412972,37.348892
2017,6,4,야간,화,1,2,1,0,0,경기,광주시,차대차,측면충돌,측면충돌,운전자법규위반,중앙선 침범,교차로,교차로내,이륜차,이륜차,화물차,화물차,979079,1938208,127.26349096,37.44281185
2017,7,17,주간,월,1,4,1,2,0,경기,광주시,차대차,추돌,추돌,운전자법규위반,안전운전 의무 불이행,단일로,터널안,화물차,화물차,화물차,화물차,980127,1931876,127.27550878,37.38576003
2017,8,30,주간,화,1,2,0,1,0,경기,광주시,차대사람,보도통행중,보도통행중,운전자법규위반,안전운전 의무 불이행,단일로,기타단일로,승용차,승용차,보행자,보행자,954679,1928046,126.98828278,37.35034322
2017,8,57,야간,금,1,1,0,0,0,경기,광주시,차대사람,횡단중,횡단중,운전자법규위반,안전운전 의무 불이행,단일로,기타단일로,승용차,승용차,보행자,보행자,981625,1931973,127.29242811,37.38666528
2017,8,49,주간,수,1,1,0,0,0,경기,광주시,차대차,측면충돌,측면충돌,운전자법규위반,안전운전 의무 불이행,교차로,교차로내,화물차,화물차,이륜차,이륜차,984357,1940731,127.32310417,37.46565773
2017,8,46,야간,수,1,1,0,0,0,경기,광주시,차대차,측면충돌,측면충돌,운전자법규위반,부당한 회전,교차로,교차로부근,자전거,자전거,승용차,승용차,974183,1927027,127.20853342,37.3419058
2017,9,32,야간,화,1,1,0,0,0,경기,광주시,차대사람,기타,기타,운전자법규위반,안전운전 의무 불이행,단일로,기타단일로,승용차,승용차,보행자,보행자,992726,1930695,127.41784213,37.37529922
2017,9,20,주간,목,1,1,0,0,0,경기,광주시,차대사람,길가장자리구역통행중,길가장자리구역통행중,운전자법규위반,안전운전 의무 불이행,교차로,교차로내,승용차,승용차,보행자,보행자,976484,1933567,127.23430296,37.40091698
2017,10,50,야간,월,1,1,0,0,0,경기,광주시,차대사람,횡단중,횡단중,운전자법규위반,보행자 보호의무 위반,교차로,교차로횡단보도내,승합차,승합차,보행자,보행자,978513,1936371,127.25714596,37.42624073
2017,10,40,주간,목,1,1,0,0,0,경기,광주시,차대사람,횡단중,횡단중,운전자법규위반,안전운전 의무 불이행,단일로,기타단일로,승용차,승용차,보행자,보행자,985803,1927094,127.33971797,37.34276019
2017,11,15,야간,금,1,1,0,0,0,경기,광주시,차대사람,횡단중,횡단중,운전자법규위반,안전운전 의무 불이행,교차로,교차로부근,화물차,화물차,보행자,보행자,984550,1928583,127.32554078,37.35616181
2017,11,35,야간,금,1,1,0,0,0,경기,광주시,차대사람,기타,기타,운전자법규위반,안전운전 의무 불이행,단일로,기타단일로,승용차,승용차,보행자,보행자,983338,1941244,127.31156946,37.47026393
2017,11,0,주간,월,1,2,1,0,0,경기,광주시,차대차,추돌,추돌,운전자법규위반,안전운전 의무 불이행,단일로,기타단일로,화물차,화물차,화물차,화물차,985889,1924641,127.34073557,37.32065043
2017,12,17,주간,토,1,2,1,0,0,경기,광주시,차대차,정면충돌,정면충돌,운전자법규위반,중앙선 침범,단일로,기타단일로,원동기장치자전거,원동기장치자전거,승용차,승용차,978619,1935874,127.2583584,37.42176338
2017,12,50,야간,일,1,3,0,2,0,경기,광주시,차대차,추돌,추돌,운전자법규위반,안전운전 의무 불이행,단일로,기타단일로,승용차,승용차,승합차,승합차,978076,1941259,127.27095546,37.45025657
2017,1,52,야간,월,1,1,0,0,0,경기,구리시,차대사람,횡단중,횡단중,운전자법규위반,안전운전 의무 불이행,단일로,기타단일로,승용차,승용차,보행자,보행자,968554,1955925,127.14375053,37.60220532
2017,7,30,주간,금,1,1,0,0,0,경기,구리시,차대사람,횡단중,횡단중,운전자법규위반,안전운전 의무 불이행,단일로,기타단일로,승용차,승용차,보행자,보행자,967606,1956404,127.13298969,37.60648979
2017,8,20,야간,화,1,1,0,0,0,경기,구리시,차대차,정면충돌,정면충돌,운전자법규위반,안전운전 의무 불이행,단일로,기타단일로,승용차,승용차,건설기계,건설기계,965657,1958601,127.1108056,37.62622123
2017,9,25,주간,월,1,5,0,4,0,경기,구리시,차대차,측면충돌,측면충돌,운전자법규위반,안전운전 의무 불이행,단일로,기타단일로,이륜차,이륜차,승용차,승용차,968328,1959000,127.14105703,37.62991349
2017,10,45,주간,금,1,1,0,0,0,경기,구리시,차대사람,횡단중,횡단중,운전자법규위반,안전운전 의무 불이행,단일로,기타단일로,승용차,승용차,보행자,보행자,968109,1955748,127.13871696,37.60059463
2017,10,0,주간,토,2,2,0,0,0,경기,구리시,차대차,기타,기타,운전자법규위반,중앙선 침범,단일로,기타단일로,승용차,승용차,승용차,승용차,968313,1959008,127.14088669,37.62998508
2017,12,45,주간,금,1,1,0,0,0,경기,구리시,차대차,측면충돌,측면충돌,운전자법규위반,안전운전 의무 불이행,단일로,기타단일로,승용차,승용차,화물차,화물차,967680,1959737,127.13368069,37.63653371
2017,1,40,주간,목,1,1,0,0,0,경기,군포시,차량단독,공작물충돌,공작물충돌,운전자법규위반,안전운전 의무 불이행,단일로,기타단일로,승용차,승용차,없음,없음,949271,1930468,126.92705801,37.37189386
2017,1,46,야간,금,1,1,0,0,0,경기,군포시,차대사람,횡단중,횡단중,운전자법규위반,안전운전 의무 불이행,단일로,기타단일로,승합차,승합차,보행자,보행자,950701,1930437,126.94321003,37.37169157
2017,2,58,야간,목,1,1,0,0,0,경기,군포시,차대사람,횡단중,횡단중,운전자법규위반,안전운전 의무 불이행,교차로,교차로내,승합차,승합차,보행자,보행자,950513,1930940,126.94105318,37.37621531
2017,6,1,주간,일,1,2,0,1,0,경기,군포시,차대차,추돌,추돌,운전자법규위반,안전운전 의무 불이행,단일로,기타단일로,승용차,승용차,승용차,승용차,947977,1925094,126.91282138,37.32338401
2017,7,5,주간,목,1,1,0,0,0,경기,군포시,차대사람,횡단중,횡단중,운전자법규위반,보행자 보호의무 위반,교차로,교차로횡단보도내,승합차,승합차,보행자,보행자,950580,1929867,126.94188156,37.36654747
2017,7,30,야간,일,1,1,0,0,0,경기,군포시,차대사람,횡단중,횡단중,운전자법규위반,과속,교차로,교차로횡단보도내,승용차,승용차,보행자,보행자,950417,1930307,126.94001135,37.37050468
2017,7,50,야간,화,1,1,0,0,0,경기,군포시,차대사람,기타,기타,운전자법규위반,안전운전 의무 불이행,교차로,교차로횡단보도내,화물차,화물차,보행자,보행자,950111,1926311,126.93682468,37.3344705
2017,8,13,주간,목,1,2,0,0,1,경기,군포시,차대사람,횡단중,횡단중,운전자법규위반,안전운전 의무 불이행,단일로,기타단일로,승용차,승용차,보행자,보행자,949086,1926464,126.92524392,37.33579392
2017,8,9,야간,월,1,1,0,0,0,경기,군포시,차대차,추돌,추돌,운전자법규위반,안전운전 의무 불이행,단일로,기타단일로,승용차,승용차,화물차,화물차,948382,1925029,126.91739689,37.32282073
2017,9,49,야간,토,1,1,0,0,0,경기,군포시,차대사람,횡단중,횡단중,운전자법규위반,안전운전 의무 불이행,교차로,교차로횡단보도내,승용차,승용차,보행자,보행자,948952,1929340,126.92353313,37.36170922
2017,9,40,주간,토,1,1,0,0,0,경기,군포시,차대차,기타,기타,운전자법규위반,신호위반,교차로,교차로내,이륜차,이륜차,승용차,승용차,950139,1930267,126.93687446,37.37012924
2017,10,18,야간,일,1,2,0,1,0,경기,군포시,차대차,측면충돌,측면충돌,운전자법규위반,안전거리 미확보,단일로,기타단일로,이륜차,이륜차,승합차,승합차,950063,1925047,126.93636797,37.32307487
2017,11,50,야간,수,1,1,0,0,0,경기,군포시,차대차,기타,기타,운전자법규위반,안전운전 의무 불이행,단일로,교량위,승용차,승용차,승용차,승용차,949030,1927547,126.9245373,37.34555242
2017,12,35,야간,목,1,1,0,0,0,경기,군포시,차대사람,기타,기타,운전자법규위반,안전운전 의무 불이행,단일로,기타단일로,승합차,승합차,보행자,보행자,949899,1926081,126.93444715,37.33238599
2017,1,17,야간,금,1,1,0,0,0,경기,김포시,차량단독,전도전복,전도전복,운전자법규위반,안전운전 의무 불이행,교차로,교차로부근,이륜차,이륜차,없음,없음,927709,1960838,126.68056565,37.64418029
2017,1,57,야간,목,1,1,0,0,0,경기,김포시,차대사람,길가장자리구역통행중,길가장자리구역통행중,운전자법규위반,안전운전 의무 불이행,단일로,기타단일로,승용차,승용차,보행자,보행자,919034,1961077,126.58221707,37.64561028
2017,1,30,야간,목,1,1,0,0,0,경기,김포시,차대사람,횡단중,횡단중,운전자법규위반,안전운전 의무 불이행,교차로,교차로내,승합차,승합차,보행자,보행자,930169,1958926,126.70863059,37.62713858
2017,4,10,야간,수,1,1,0,0,0,경기,김포시,차대사람,횡단중,횡단중,운전자법규위반,안전운전 의무 불이행,교차로,교차로부근,화물차,화물차,보행자,보행자,931671,1957760,126.72575977,37.61674276
2017,4,0,주간,수,1,1,0,0,0,경기,김포시,차대사람,횡단중,횡단중,운전자법규위반,안전운전 의무 불이행,단일로,기타단일로,승용차,승용차,보행자,보행자,929169,1959615,126.69723218,37.6332717
2017,5,10,야간,화,1,2,0,1,0,경기,김포시,차대차,추돌,추돌,운전자법규위반,안전운전 의무 불이행,교차로,교차로내,승용차,승용차,화물차,화물차,922464,1965058,126.62067008,37.68178451
2017,5,30,야간,토,1,1,0,0,0,경기,김포시,차량단독,전도,전도,운전자법규위반,안전운전 의무 불이행,교차로,교차로내,이륜차,이륜차,없음,없음,921415,1967578,126.60850287,37.70440615
2017,5,45,주간,토,1,1,0,0,0,경기,김포시,차대차,기타,기타,운전자법규위반,안전운전 의무 불이행,단일로,기타단일로,화물차,화물차,자전거,자전거,917001,1968147,126.55837,37.70914485
2017,5,0,주간,수,1,1,0,0,0,경기,김포시,차대사람,횡단중,횡단중,운전자법규위반,보행자 보호의무 위반,단일로,기타단일로,승용차,승용차,보행자,보행자,928991,1961457,126.69503586,37.64985909
2017,6,50,야간,토,1,1,0,0,0,경기,김포시,차대사람,횡단중,횡단중,운전자법규위반,안전운전 의무 불이행,단일로,기타단일로,승용차,승용차,보행자,보행자,923617,1966329,126.63361153,37.69333597
2017,6,30,야간,토,1,1,0,0,0,경기,김포시,차대사람,기타,기타,운전자법규위반,안전운전 의무 불이행,단일로,기타단일로,승용차,승용차,보행자,보행자,916987,1968191,126.55820617,37.70954011
2017,7,30,야간,월,1,1,0,0,0,경기,김포시,차대차,측면충돌,측면충돌,운전자법규위반,차로위반(진로변경 위반),단일로,기타단일로,이륜차,이륜차,승용차,승용차,931887,1957630,126.72821919,37.61558714
2017,7,25,야간,토,1,3,2,0,0,경기,김포시,차대차,측면충돌,측면충돌,운전자법규위반,안전운전 의무 불이행,교차로,교차로내,승용차,승용차,특수차,특수차,922861,1960724,126.62563023,37.6427584
2017,8,15,야간,목,1,1,0,0,0,경기,김포시,차량단독,기타,기타,운전자법규위반,안전운전 의무 불이행,단일로,기타단일로,승용차,승용차,없음,없음,923297,1958021,126.63085553,37.61843433
2017,9,50,주간,일,1,2,0,1,0,경기,김포시,차대차,측면충돌,측면충돌,운전자법규위반,교차로 통행방법 위반,교차로,교차로내,승용차,승용차,이륜차,이륜차,921016,1959768,126.60482288,37.63398575
2017,9,20,야간,토,1,1,0,0,0,경기,김포시,차대사람,횡단중,횡단중,운전자법규위반,안전운전 의무 불이행,기타,기타,승용차,승용차,보행자,보행자,935753,1955940,126.77216951,37.60063391
2017,9,10,주간,수,1,1,0,0,0,경기,김포시,차대차,기타,기타,운전자법규위반,신호위반,교차로,교차로횡단보도내,승합차,승합차,자전거,자전거,923075,1961671,126.62795588,37.65131109
2017,9,20,주간,수,1,1,0,0,0,경기,김포시,차대사람,기타,기타,운전자법규위반,신호위반,교차로,교차로내,화물차,화물차,보행자,보행자,927591,1960794,126.67923258,37.64377444
2017,10,25,주간,일,1,1,0,0,0,경기,김포시,차대차,기타,기타,운전자법규위반,안전운전 의무 불이행,단일로,기타단일로,승합차,승합차,자전거,자전거,916869,1968616,126.55681906,37.71335956
2017,10,3,주간,목,1,4,2,1,0,경기,김포시,차대차,기타,기타,운전자법규위반,안전운전 의무 불이행,단일로,기타단일로,승용차,승용차,승용차,승용차,929537,1961441,126.70122636,37.64975696
2017,11,32,주간,화,1,2,1,0,0,경기,김포시,차대사람,횡단중,횡단중,운전자법규위반,신호위반,단일로,기타단일로,승합차,승합차,보행자,보행자,923268,1960608,126.63025527,37.64174706
2017,11,30,주간,일,1,1,0,0,0,경기,김포시,차대차,기타,기타,운전자법규위반,안전운전 의무 불이행,단일로,기타단일로,승용차,승용차,화물차,화물차,933295,1956774,126.74424987,37.60797552
2017,11,0,야간,목,1,1,0,0,0,경기,김포시,차대차,정면충돌,정면충돌,운전자법규위반,중앙선 침범,단일로,터널안,승용차,승용차,이륜차,이륜차,925888,1960587,126.6599517,37.64177298
2017,11,39,야간,토,1,2,1,0,0,경기,김포시,차대차,기타,기타,운전자법규위반,안전운전 의무 불이행,단일로,기타단일로,승용차,승용차,승용차,승용차,924533,1963729,126.64426959,37.66997965
2017,11,0,야간,수,1,1,0,0,0,경기,김포시,차대차,추돌,추돌,운전자법규위반,안전운전 의무 불이행,단일로,기타단일로,승용차,승용차,이륜차,이륜차,930944,1960598,126.71725457,37.64226625
2017,12,30,야간,수,1,1,0,0,0,경기,김포시,차량단독,전도전복,전도전복,운전자법규위반,안전운전 의무 불이행,단일로,기타단일로,승용차,승용차,없음,없음,917657,1961208,126.56659531,37.64666843
2017,1,10,야간,화,1,1,0,0,0,경기,남양주시,차량단독,전도전복,전도전복,운전자법규위반,안전운전 의무 불이행,단일로,기타단일로,승용차,승용차,없음,없음,971115,1954995,127.17280017,37.59390689
2017,1,9,야간,수,1,1,0,0,0,경기,남양주시,차대사람,횡단중,횡단중,운전자법규위반,안전운전 의무 불이행,교차로,교차로부근,화물차,화물차,보행자,보행자,972850,1969548,127.19191183,37.72513018
2017,1,20,주간,일,1,2,1,0,0,경기,남양주시,차대차,기타,기타,운전자법규위반,안전운전 의무 불이행,단일로,기타단일로,승용차,승용차,화물차,화물차,975319,1952937,127.22049051,37.57547966
2017,2,2,야간,목,1,1,0,0,0,경기,남양주시,차대사람,횡단중,횡단중,운전자법규위반,안전운전 의무 불이행,교차로,교차로부근,화물차,화물차,보행자,보행자,970255,1965914,127.1626137,37.69229561
2017,2,50,주간,금,1,1,0,0,0,경기,남양주시,차대사람,횡단중,횡단중,운전자법규위반,기타(운전자법규위반),단일로,기타단일로,화물차,화물차,보행자,보행자,969908,1955360,127.15911288,37.59715808
2017,2,0,야간,토,1,1,0,0,0,경기,남양주시,차대사람,횡단중,횡단중,운전자법규위반,안전운전 의무 불이행,단일로,기타단일로,승용차,승용차,보행자,보행자,983244,1961298,127.31004807,37.65101945
2017,3,30,주간,월,1,1,0,0,0,경기,남양주시,차대사람,기타,기타,운전자법규위반,안전운전 의무 불이행,단일로,기타단일로,승합차,승합차,보행자,보행자,977316,1961339,127.24284544,37.65126165
2017,4,10,야간,금,1,1,0,0,0,경기,남양주시,차대사람,횡단중,횡단중,운전자법규위반,신호위반,교차로,교차로횡단보도내,화물차,화물차,보행자,보행자,970269,1965917,127.16277238,37.69232311
2017,5,50,주간,목,1,1,0,0,0,경기,남양주시,차량단독,전도전복,전도전복,운전자법규위반,안전운전 의무 불이행,단일로,기타단일로,이륜차,이륜차,없음,없음,973582,1954710,127.20075546,37.59141223
2017,6,30,야간,월,1,1,0,0,0,경기,남양주시,차대사람,횡단중,횡단중,운전자법규위반,안전운전 의무 불이행,단일로,기타단일로,화물차,화물차,보행자,보행자,977369,1949705,127.24380607,37.54640077
2017,6,18,야간,수,1,1,0,0,0,경기,남양주시,차대차,기타,기타,운전자법규위반,중앙선 침범,단일로,기타단일로,원동기장치자전거,원동기장치자전거,승용차,승용차,977864,1960836,127.24907298,37.64674131
2017,7,50,야간,수,1,1,0,0,0,경기,남양주시,차대사람,횡단중,횡단중,운전자법규위반,안전운전 의무 불이행,교차로,교차로횡단보도내,승용차,승용차,보행자,보행자,972930,1969785,127.19281081,37.72726867
2017,7,20,주간,목,1,4,1,2,0,경기,남양주시,차대사람,횡단중,횡단중,운전자법규위반,안전운전 의무 불이행,기타,기타,승용차,승용차,보행자,보행자,982975,1961443,127.30699523,37.65232144
2017,7,15,주간,금,1,1,0,0,0,경기,남양주시,차량단독,전도,전도,운전자법규위반,안전운전 의무 불이행,단일로,기타단일로,이륜차,이륜차,없음,없음,971593,1959953,127.17802208,37.63860995
2017,7,5,주간,월,1,1,0,0,0,경기,남양주시,차대사람,횡단중,횡단중,운전자법규위반,안전운전 의무 불이행,기타,기타,승용차,승용차,보행자,보행자,971979,1967655,127.1821011,37.70804195
2017,7,40,주간,수,1,1,0,0,0,경기,남양주시,차대차,측면충돌,측면충돌,운전자법규위반,부당한 회전,단일로,기타단일로,사륜오토바이(ATV),사륜오토바이(ATV),화물차,화물차,971687,1966813,127.17882115,37.70044385
2017,7,10,주간,수,1,2,1,0,0,경기,남양주시,차대차,기타,기타,운전자법규위반,과속,단일로,기타단일로,승용차,승용차,화물차,화물차,966038,1964024,127.11487088,37.67511415
2017,8,0,야간,목,1,2,1,0,0,경기,남양주시,차대차,기타,기타,운전자법규위반,중앙선 침범,교차로,교차로내,화물차,화물차,화물차,화물차,969373,1963715,127.1527021,37.67244649
2017,8,40,주간,금,2,5,0,3,0,경기,남양주시,차대차,측면충돌,측면충돌,운전자법규위반,신호위반,교차로,교차로부근,화물차,화물차,승용차,승용차,973382,1967080,127.19803898,37.70290119
2017,8,30,주간,화,1,1,0,0,0,경기,남양주시,차대사람,기타,기타,운전자법규위반,안전운전 의무 불이행,교차로,교차로내,화물차,화물차,보행자,보행자,981184,1955648,127.2868408,37.60005376
2017,8,35,주간,목,1,1,0,0,0,경기,남양주시,차대차,기타,기타,운전자법규위반,안전운전 의무 불이행,단일로,기타단일로,화물차,화물차,자전거,자전거,969323,1963515,127.15214354,37.67064217
2017,8,0,주간,목,1,1,0,0,0,경기,남양주시,차대차,측면충돌,측면충돌,운전자법규위반,신호위반,교차로,교차로내,이륜차,이륜차,승용차,승용차,971736,1962512,127.17954379,37.66167939
2017,9,0,주간,금,1,1,0,0,0,경기,남양주시,차대차,기타,기타,운전자법규위반,안전운전 의무 불이행,교차로,교차로내,자전거,자전거,승용차,승용차,977407,1961514,127.24387162,37.65284123
2017,9,40,야간,월,1,2,0,1,0,경기,남양주시,차대차,기타,기타,운전자법규위반,신호위반,교차로,교차로내,승합차,승합차,화물차,화물차,972923,1966845,127.19284079,37.70076963