year,month,minute,day_night,day,death,casualties,중상자수,경상자수,부상신고자수,state,state2,사고유형_대분류,사고유형_중분류,사고유형,법규위반_대분류,법규위반,도로형태_대분류,도로형태,당사자종별_1당_대분류,당사자종별_1당,당사자종별_2당_대분류,당사자종별_2당,발생위치X_UTMK,발생위치Y_UTMK,경도,위도
2017,1,0,주간,수,1,2,0,1,0,경기,이천시,차대차,정면충돌,정면충돌,운전자법규위반,중앙선 침범,교차로,교차로내,승용차,승용차,특수차,특수차,999212,1908687,127.49112307,37.17694712
2017,1,40,야간,목,1,2,0,1,0,경기,이천시,차량단독,공작물충돌,공작물충돌,운전자법규위반,안전운전 의무 불이행,단일로,기타단일로,승용차,승용차,없음,없음,999246,1917466,127.49149721,37.25608193
2017,2,25,주간,목,1,4,0,3,0,경기,이천시,차대차,정면충돌,정면충돌,운전자법규위반,안전운전 의무 불이행,교차로,교차로부근,화물차,화물차,화물차,화물차,985822,1917431,127.34011695,37.2556588
2017,2,40,주간,화,1,1,0,0,0,경기,이천시,차량단독,전도,전도,운전자법규위반,안전운전 의무 불이행,교차로,교차로부근,이륜차,이륜차,없음,없음,995283,1925477,127.44675597,37.32828128
2017,3,50,야간,월,1,1,0,0,0,경기,이천시,차량단독,공작물충돌,공작물충돌,운전자법규위반,안전운전 의무 불이행,단일로,기타단일로,승용차,승용차,없음,없음,997367,1910278,127.47033329,37.19128525
2017,3,46,주간,수,1,3,1,1,0,경기,이천시,차대차,기타,기타,운전자법규위반,신호위반,교차로,교차로부근,승용차,승용차,승용차,승용차,993880,1916100,127.43099657,37.24374894
2017,3,20,야간,화,1,1,0,0,0,경기,이천시,차대사람,횡단중,횡단중,운전자법규위반,안전운전 의무 불이행,교차로,교차로부근,승용차,승용차,보행자,보행자,992218,1921900,127.41219674,37.29601778
2017,3,50,주간,수,1,2,1,0,0,경기,이천시,차대차,정면충돌,정면충돌,운전자법규위반,안전운전 의무 불이행,교차로,교차로내,승합차,승합차,화물차,화물차,1001405,1917271,127.51584369,37.25432344
2017,4,15,야간,일,1,1,0,0,0,경기,이천시,차량단독,공작물충돌,공작물충돌,운전자법규위반,안전운전 의무 불이행,단일로,기타단일로,승용차,승용차,없음,없음,996466,1911321,127.46017655,37.20068401
2017,5,55,야간,일,1,3,0,0,2,경기,이천시,차대차,추돌,추돌,운전자법규위반,안전운전 의무 불이행,단일로,기타단일로,승용차,승용차,승용차,승용차,987203,1916619,127.35570418,37.24835942
2017,5,20,야간,토,1,1,0,0,0,경기,이천시,차대사람,기타,기타,운전자법규위반,안전운전 의무 불이행,기타,기타,화물차,화물차,보행자,보행자,993572,1914897,127.42753424,37.23290295
2017,5,8,주간,수,1,1,0,0,0,경기,이천시,차대차,기타,기타,운전자법규위반,안전운전 의무 불이행,교차로,교차로내,화물차,화물차,이륜차,이륜차,988266,1914282,127.36772708,37.2273076
2017,6,46,주간,목,1,3,1,1,0,경기,이천시,차대차,정면충돌,정면충돌,운전자법규위반,안전운전 의무 불이행,교차로,교차로부근,화물차,화물차,화물차,화물차,990495,1912862,127.39287181,37.21453301
2017,6,13,주간,목,1,1,0,0,0,경기,이천시,차량단독,도로이탈,도로이탈 추락,운전자법규위반,안전운전 의무 불이행,단일로,기타단일로,농기계,농기계,없음,없음,1001980,1904013,127.52229259,37.13481302
2017,6,45,야간,토,1,1,0,0,0,경기,이천시,차대사람,기타,기타,운전자법규위반,안전운전 의무 불이행,단일로,기타단일로,승용차,승용차,보행자,보행자,1006742,1907252,127.57593657,37.16398779
2017,6,56,야간,화,1,2,0,0,1,경기,이천시,차대차,정면충돌,정면충돌,운전자법규위반,안전운전 의무 불이행,단일로,기타단일로,승용차,승용차,화물차,화물차,1001989,1921504,127.52244057,37.29247868
2017,6,5,야간,목,1,2,0,1,0,경기,이천시,차대차,추돌,추돌,운전자법규위반,안전운전 의무 불이행,단일로,기타단일로,승용차,승용차,불명,불명,998175,1920718,127.47941166,37.28539403
2017,6,25,야간,목,1,1,0,0,0,경기,이천시,차대사람,기타,기타,운전자법규위반,안전운전 의무 불이행,단일로,기타단일로,화물차,화물차,보행자,보행자,991765,1922499,127.40707896,37.30141324
2017,7,28,야간,수,1,2,1,0,0,경기,이천시,차대차,정면충돌,정면충돌,운전자법규위반,중앙선 침범,단일로,기타단일로,승용차,승용차,승용차,승용차,1011398,1903938,127.6283275,37.13406959
2017,7,10,야간,월,2,2,0,0,0,경기,이천시,차대차,정면충돌,정면충돌,운전자법규위반,안전운전 의무 불이행,단일로,기타단일로,승용차,승용차,원동기장치자전거,원동기장치자전거,993650,1924278,127.42833345,37.31746385
2017,8,11,야간,토,1,1,0,0,0,경기,이천시,차대차,기타,기타,운전자법규위반,안전운전 의무 불이행,단일로,기타단일로,이륜차,이륜차,승용차,승용차,995367,1920246,127.44773678,37.28112967
2017,8,50,주간,수,1,1,0,0,0,경기,이천시,차대차,측면충돌,측면충돌,운전자법규위반,안전운전 의무 불이행,단일로,기타단일로,자전거,자전거,화물차,화물차,1007291,1905366,127.58210168,37.14698291
2017,9,15,주간,금,1,2,1,0,0,경기,이천시,차대차,측면충돌,측면충돌,운전자법규위반,안전거리 미확보,교차로,교차로부근,승용차,승용차,이륜차,이륜차,994530,1919677,127.43829907,37.27599616
2017,9,47,주간,금,1,1,0,0,0,경기,이천시,차량단독,전도전복,전도전복,운전자법규위반,안전운전 의무 불이행,단일로,기타단일로,사륜오토바이(ATV),사륜오토바이(ATV),없음,없음,996323,1917518,127.45853456,37.2565437
2017,10,10,주간,일,1,2,0,1,0,경기,이천시,차대차,기타,기타,운전자법규위반,중앙선 침범,단일로,기타단일로,자전거,자전거,화물차,화물차,1008777,1904190,127.59882125,37.13636944
2017,10,13,주간,월,1,1,0,0,0,경기,이천시,차대사람,횡단중,횡단중,운전자법규위반,안전운전 의무 불이행,단일로,기타단일로,화물차,화물차,보행자,보행자,995613,1919577,127.45051576,37.2751005
2017,10,16,야간,수,1,4,2,1,0,경기,이천시,차대차,추돌,추돌,운전자법규위반,안전운전 의무 불이행,단일로,기타단일로,화물차,화물차,화물차,화물차,990583,1915694,127.39382785,37.24006174
2017,10,43,야간,토,1,1,0,0,0,경기,이천시,차대사람,횡단중,횡단중,운전자법규위반,신호위반,교차로,교차로내,승용차,승용차,보행자,보행자,995890,1919373,127.45364138,37.2732629
2017,11,40,야간,목,1,1,0,0,0,경기,이천시,차대차,기타,기타,운전자법규위반,보행자 보호의무 위반,교차로,교차로내,승용차,승용차,승용차,승용차,995328,1920378,127.447296,37.28231932
2017,11,0,야간,수,2,6,1,3,0,경기,이천시,차대차,기타,기타,운전자법규위반,신호위반,교차로,교차로부근,승용차,승용차,승용차,승용차,1009110,1901768,127.60254108,37.11453381
2017,12,0,주간,화,1,1,0,0,0,경기,이천시,차량단독,공작물충돌,공작물충돌,운전자법규위반,안전운전 의무 불이행,교차로,교차로부근,승용차,승용차,없음,없음,994549,1906627,127.43860879,37.15836235
2017,1,15,주간,월,1,3,2,0,0,경기,파주시,차대차,측면충돌,측면충돌,운전자법규위반,신호위반,교차로,교차로내,화물차,화물차,화물차,화물차,949377,1996717,126.92365563,37.96899871
2017,1,46,야간,금,1,3,0,2,0,경기,파주시,차대차,기타,기타,운전자법규위반,신호위반,교차로,교차로내,승용차,승용차,승용차,승용차,931878,1970443,126.72681779,37.73107571
2017,1,35,주간,일,1,9,0,8,0,경기,파주시,차대차,추돌,추돌,운전자법규위반,안전운전 의무 불이행,단일로,기타단일로,승합차,승합차,승합차,승합차,944142,1983125,126.8651117,37.8461939
2017,1,43,주간,월,1,1,0,0,0,경기,파주시,차대차,측면충돌,측면충돌,운전자법규위반,중앙선 침범,단일로,기타단일로,승용차,승용차,원동기장치자전거,원동기장치자전거,938390,1981598,126.7998682,37.83206125
2017,2,10,야간,목,1,1,0,0,0,경기,파주시,차량단독,전도전복,전도전복,운전자법규위반,안전운전 의무 불이행,단일로,기타단일로,승용차,승용차,없음,없음,936872,1980514,126.78271355,37.82218794
2017,2,0,주간,목,1,1,0,0,0,경기,파주시,차대사람,횡단중,횡단중,운전자법규위반,안전운전 의무 불이행,교차로,교차로내,승용차,승용차,보행자,보행자,933947,1969500,126.75048379,37.72271747
2017,2,50,주간,월,1,1,0,0,0,경기,파주시,차량단독,기타,기타,운전자법규위반,기타(운전자법규위반),단일로,기타단일로,자전거,자전거,없음,없음,928003,1967518,126.68323821,37.70440677
2017,2,44,주간,화,1,1,0,0,0,경기,파주시,차대차,측면충돌,측면충돌,운전자법규위반,교차로 통행방법 위반,교차로,교차로내,원동기장치자전거,원동기장치자전거,화물차,화물차,946052,1978325,126.88717765,37.8030482
2017,3,7,야간,금,1,1,0,0,0,경기,파주시,차대사람,횡단중,횡단중,운전자법규위반,안전운전 의무 불이행,단일로,기타단일로,승합차,승합차,보행자,보행자,934794,1980022,126.75914856,37.81760769
2017,4,15,야간,토,1,1,0,0,0,경기,파주시,차량단독,공작물충돌,공작물충돌,운전자법규위반,안전운전 의무 불이행,단일로,기타단일로,이륜차,이륜차,없음,없음,930752,1969935,126.71419115,37.72640184
2017,4,0,주간,수,1,2,1,0,0,경기,파주시,차량단독,공작물충돌,공작물충돌,운전자법규위반,안전운전 의무 불이행,단일로,기타단일로,승용차,승용차,없음,없음,937967,1973429,126.79576084,37.75840921
2017,4,20,주간,목,1,1,0,0,0,경기,파주시,차대차,추돌,추돌,운전자법규위반,안전운전 의무 불이행,단일로,기타단일로,승용차,승용차,자전거,자전거,934965,1973653,126.76166265,37.76021945
2017,4,20,야간,월,1,3,0,2,0,경기,파주시,차대차,추돌,추돌,운전자법규위반,안전운전 의무 불이행,단일로,고가도로위,화물차,화물차,건설기계,건설기계,935353,1970231,126.76637175,37.72940601
2017,4,56,주간,월,1,1,0,0,0,경기,파주시,차량단독,공작물충돌,공작물충돌,운전자법규위반,안전운전 의무 불이행,단일로,기타단일로,승용차,승용차,없음,없음,943312,1976632,126.85618682,37.78762378
2017,5,20,야간,금,1,1,0,0,0,경기,파주시,차량단독,전도전복,전도전복,운전자법규위반,안전운전 의무 불이행,교차로,교차로내,승용차,승용차,없음,없음,950325,1997762,126.93437588,37.97846915
2017,5,40,주간,수,1,2,1,0,0,경기,파주시,차대차,추돌,추돌,운전자법규위반,안전운전 의무 불이행,단일로,지하차도(도로)내,승용차,승용차,화물차,화물차,931986,1970249,126.72816372,37.72932427
2017,5,15,야간,목,1,1,0,0,0,경기,파주시,차대사람,횡단중,횡단중,운전자법규위반,안전운전 의무 불이행,단일로,기타단일로,승용차,승용차,보행자,보행자,941675,1980051,126.83732104,37.81833481
2017,5,10,야간,토,1,1,0,0,0,경기,파주시,차대차,추돌,추돌,운전자법규위반,안전운전 의무 불이행,단일로,기타단일로,승용차,승용차,자전거,자전거,935865,1975952,126.7716763,37.7810028
2017,6,10,주간,월,1,2,1,0,0,경기,파주시,차대사람,횡단중,횡단중,운전자법규위반,기타(운전자법규위반),단일로,기타단일로,승용차,승용차,보행자,보행자,941247,1992572,126.83143937,37.93115259
2017,6,29,주간,월,1,1,0,0,0,경기,파주시,차대차,측면충돌,측면충돌,운전자법규위반,중앙선 침범,단일로,기타단일로,원동기장치자전거,원동기장치자전거,승용차,승용차,939786,1981403,126.81574742,37.83039704
2017,6,32,야간,화,1,1,0,0,0,경기,파주시,차량단독,전도전복,전도전복,운전자법규위반,안전운전 의무 불이행,단일로,기타단일로,이륜차,이륜차,없음,없음,929511,1969714,126.70013126,37.72431538
2017,7,50,야간,수,1,1,0,0,0,경기,파주시,차대사람,기타,기타,운전자법규위반,안전운전 의무 불이행,단일로,기타단일로,화물차,화물차,보행자,보행자,932121,1982251,126.72857209,37.83750129
2017,7,32,야간,월,1,1,0,0,0,경기,파주시,차대차,측면충돌,측면충돌,운전자법규위반,안전운전 의무 불이행,단일로,기타단일로,승용차,승용차,화물차,화물차,932895,1981277,126.73745804,37.82878054
2017,7,8,주간,금,1,1,0,0,0,경기,파주시,차대사람,횡단중,횡단중,운전자법규위반,보행자 보호의무 위반,교차로,교차로횡단보도내,승합차,승합차,보행자,보행자,933860,1969575,126.74948984,37.72338713
2017,7,40,야간,일,1,1,0,0,0,경기,파주시,차대차,측면충돌,측면충돌,운전자법규위반,안전운전 의무 불이행,단일로,기타단일로,건설기계,건설기계,자전거,자전거,934733,1967619,126.75957073,37.70582116
2017,8,35,주간,화,1,1,0,0,0,경기,파주시,차대사람,횡단중,횡단중,운전자법규위반,안전운전 의무 불이행,교차로,교차로부근,승합차,승합차,보행자,보행자,936167,1974249,126.77525543,37.76567562
2017,8,5,야간,목,1,1,0,0,0,경기,파주시,차대사람,기타,기타,운전자법규위반,안전운전 의무 불이행,단일로,기타단일로,승용차,승용차,보행자,보행자,941238,1992496,126.83134316,37.93046707
2017,8,50,주간,일,1,2,1,0,0,경기,파주시,차대차,측면충돌,측면충돌,운전자법규위반,교차로 통행방법 위반,교차로,교차로내,승용차,승용차,원동기장치자전거,원동기장치자전거,934637,1969679,126.75829666,37.72438024
2017,9,17,주간,금,1,1,0,0,0,경기,파주시,차대사람,길가장자리구역통행중,길가장자리구역통행중,운전자법규위반,안전운전 의무 불이행,단일로,기타단일로,건설기계,건설기계,보행자,보행자,948699,1975338,126.91745618,37.77627968
2017,9,40,야간,월,1,2,1,0,0,경기,파주시,차대차,추돌,추돌,운전자법규위반,안전운전 의무 불이행,단일로,기타단일로,승용차,승용차,농기계,농기계,937105,1971960,126.78610276,37.74511085
2017,9,0,주간,화,1,1,0,0,0,경기,파주시,차대차,측면충돌,측면충돌,운전자법규위반,중앙선 침범,단일로,기타단일로,자전거,자전거,승용차,승용차,930053,1975426,126.70573094,37.77583587
2017,10,0,주간,월,1,3,0,2,0,경기,파주시,차대차,정면충돌,정면충돌,운전자법규위반,중앙선 침범,단일로,기타단일로,승용차,승용차,승용차,승용차,936842,1979973,126.78241991,37.81731012
2017,10,5,야간,금,1,1,0,0,0,경기,파주시,차대사람,기타,기타,운전자법규위반,안전운전 의무 불이행,단일로,기타단일로,승용차,승용차,보행자,보행자,939052,1981349,126.80741159,37.82986162
2017,11,43,주간,일,1,1,0,0,0,경기,파주시,차대차,정면충돌,정면충돌,운전자법규위반,중앙선 침범,단일로,기타단일로,승용차,승용차,건설기계,건설기계,942520,1981350,126.84681803,37.83009577
2017,11,40,야간,목,1,1,0,0,0,경기,파주시,차량단독,전도,전도,운전자법규위반,안전운전 의무 불이행,단일로,기타단일로,승용차,승용차,없음,없음,950103,1994357,126.93208459,37.94776937
2017,12,45,주간,월,1,1,0,0,0,경기,파주시,차대사람,보도통행중,보도통행중,운전자법규위반,보행자 보호의무 위반,교차로,교차로횡단보도내,승용차,승용차,보행자,보행자,936722,1985192,126.78059988,37.8643377
2017,1,10,야간,화,1,1,0,0,0,경기,평택시,차대사람,횡단중,횡단중,운전자법규위반,안전운전 의무 불이행,단일로,기타단일로,승합차,승합차,보행자,보행자,952971,1951690,126.96748964,37.56336972
2017,1,0,야간,목,1,1,0,0,0,경기,평택시,차대사람,횡단중,횡단중,운전자법규위반,안전운전 의무 불이행,교차로,교차로횡단보도내,승용차,승용차,보행자,보행자,961292,1895816,127.06461977,37.0601261
2017,2,30,야간,월,1,1,0,0,0,경기,평택시,차대사람,횡단중,횡단중,운전자법규위반,안전운전 의무 불이행,기타,기타,승용차,승용차,보행자,보행자,961810,1892347,127.07062214,37.0288774
2017,2,35,야간,화,1,1,0,0,0,경기,평택시,차대사람,횡단중,횡단중,운전자법규위반,안전운전 의무 불이행,교차로,교차로부근,승용차,승용차,보행자,보행자,963232,1888287,127.08680774,36.99233661
2017,2,6,야간,일,1,1,0,0,0,경기,평택시,차대사람,횡단중,횡단중,운전자법규위반,보행자 보호의무 위반,교차로,교차로횡단보도내,승용차,승용차,보행자,보행자,960426,1896980,127.05481811,37.07058232
2017,2,30,주간,수,1,2,0,0,1,경기,평택시,차대차,정면충돌,정면충돌,운전자법규위반,직진 및 우회전차의 통행방해,교차로,교차로내,승용차,승용차,승용차,승용차,941640,1886317,126.84432487,36.97348675
2017,2,45,주간,금,1,1,0,0,0,경기,평택시,차대사람,횡단중,횡단중,운전자법규위반,보행자 보호의무 위반,교차로,교차로횡단보도내,승합차,승합차,보행자,보행자,949556,1894080,126.93273716,37.04392006
2017,3,15,야간,월,1,1,0,0,0,경기,평택시,차대차,측면충돌,측면충돌,운전자법규위반,안전운전 의무 불이행,단일로,기타단일로,승용차,승용차,화물차,화물차,963115,1904955,127.08467454,37.14257888
2017,3,40,주간,월,1,1,0,0,0,경기,평택시,차대사람,기타,기타,운전자법규위반,안전운전 의무 불이행,단일로,기타단일로,화물차,화물차,보행자,보행자,964122,1894141,127.09653026,37.04514
2017,3,40,주간,토,1,1,0,0,0,경기,평택시,차대차,정면충돌,정면충돌,운전자법규위반,과속,교차로,교차로내,승용차,승용차,원동기장치자전거,원동기장치자전거,962224,1890223,127.07538326,37.00974809
2017,3,45,야간,금,1,1,0,0,0,경기,평택시,차대차,정면충돌,정면충돌,운전자법규위반,차로위반(진로변경 위반),단일로,기타단일로,화물차,화물차,이륜차,이륜차,948359,1896167,126.91913367,37.06266691
2017,3,48,야간,일,1,1,0,0,0,경기,평택시,차대사람,횡단중,횡단중,운전자법규위반,안전운전 의무 불이행,단일로,기타단일로,승용차,승용차,보행자,보행자,963726,1890461,127.09225446,37.01195267
2017,4,35,야간,월,1,2,0,0,1,경기,평택시,차대차,추돌,추돌,운전자법규위반,안전운전 의무 불이행,단일로,기타단일로,승용차,승용차,화물차,화물차,953818,1888669,126.98099503,36.99536461
2017,4,50,야간,목,1,1,0,0,0,경기,평택시,차대차,기타,기타,운전자법규위반,안전운전 의무 불이행,단일로,기타단일로,화물차,화물차,승용차,승용차,945713,1895596,126.88941379,37.05737055
2017,4,30,주간,화,1,1,0,0,0,경기,평택시,차대차,측면충돌,측면충돌,운전자법규위반,차로위반(진로변경 위반),단일로,기타단일로,이륜차,이륜차,승용차,승용차,949153,1887277,126.9286647,36.98257633
2017,4,0,야간,금,1,1,0,0,0,경기,평택시,차량단독,전도,전도,운전자법규위반,안전운전 의무 불이행,교차로,교차로부근,화물차,화물차,없음,없음,959444,1890340,127.04412956,37.01068684
2017,4,45,주간,금,1,2,0,1,0,경기,평택시,차대차,정면충돌,정면충돌,운전자법규위반,교차로 통행방법 위반,교차로,교차로내,이륜차,이륜차,승합차,승합차,948062,1887082,126.91641983,36.98075898
2017,4,57,주간,토,1,1,0,0,0,경기,평택시,차대차,측면충돌,측면충돌,운전자법규위반,안전운전 의무 불이행,단일로,기타단일로,건설기계,건설기계,자전거,자전거,951328,1883842,126.95332421,36.95172811
2017,4,17,주간,토,1,3,2,0,0,경기,평택시,차량단독,공작물충돌,공작물충돌,운전자법규위반,안전운전 의무 불이행,교차로,교차로부근,승용차,승용차,없음,없음,957532,1895956,127.02232137,37.06122531
2017,5,10,주간,일,1,4,1,2,0,경기,평택시,차대차,정면충돌,정면충돌,운전자법규위반,신호위반,교차로,교차로내,이륜차,이륜차,화물차,화물차,942042,1888690,126.84865875,36.99490152
2017,5,1,주간,화,1,1,0,0,0,경기,평택시,차량단독,전도전복,전도전복,운전자법규위반,안전운전 의무 불이행,단일로,기타단일로,화물차,화물차,없음,없음,947739,1883164,126.91306191,36.94542419
2017,5,20,주간,목,1,1,0,0,0,경기,평택시,차량단독,공작물충돌,공작물충돌,운전자법규위반,안전운전 의무 불이행,단일로,기타단일로,이륜차,이륜차,없음,없음,946827,1887982,126.90248049,36.98880252
2017,5,45,야간,토,1,1,0,0,0,경기,평택시,차대차,정면충돌,정면충돌,운전자법규위반,부당한 회전,단일로,기타단일로,자전거,자전거,승용차,승용차,961865,1892043,127.0712559,37.02613934
2017,5,0,야간,월,1,4,2,1,0,경기,평택시,차대차,정면충돌,정면충돌,운전자법규위반,안전운전 의무 불이행,단일로,기타단일로,화물차,화물차,승용차,승용차,955469,1890611,126.99943397,37.01294963
2017,5,5,야간,토,1,1,0,0,0,경기,평택시,차대사람,횡단중,횡단중,운전자법규위반,안전운전 의무 불이행,단일로,기타단일로,승용차,승용차,보행자,보행자,947872,1888466,126.91418941,36.99322381
2017,5,25,야간,일,1,1,0,0,0,경기,평택시,차대차,정면충돌,정면충돌,운전자법규위반,신호위반,교차로,교차로내,승합차,승합차,이륜차,이륜차,949850,1887134,126.9365056,36.98132476
2017,6,48,주간,화,1,3,0,2,0,경기,평택시,차대차,정면충돌,정면충돌,운전자법규위반,과속,단일로,기타단일로,승용차,승용차,승용차,승용차,957919,1882746,127.02741178,36.94216625
2017,6,40,주간,목,1,1,0,0,0,경기,평택시,차대사람,기타,기타,운전자법규위반,안전운전 의무 불이행,교차로,교차로부근,건설기계,건설기계,보행자,보행자,964623,1894550,127.10214494,37.0488458
2017,7,40,야간,수,1,1,0,0,0,경기,평택시,차대사람,횡단중,횡단중,운전자법규위반,안전운전 의무 불이행,단일로,기타단일로,승합차,승합차,보행자,보행자,958302,1904091,127.0305298,37.13458858
2017,7,0,야간,금,1,1,0,0,0,경기,평택시,차대사람,횡단중,횡단중,운전자법규위반,안전운전 의무 불이행,교차로,교차로내,승합차,승합차,보행자,보행자,965641,1890780,127.11376541,37.0149002
2017,7,18,야간,목,1,1,0,0,0,경기,평택시,차대사람,횡단중,횡단중,운전자법규위반,과속,교차로,교차로횡단보도내,승용차,승용차,보행자,보행자,965623,1888543,127.11366513,36.99473474
2017,7,0,야간,금,1,3,2,0,0,경기,평택시,차량단독,전도전복,전도전복,운전자법규위반,안전운전 의무 불이행,단일로,기타단일로,승용차,승용차,없음,없음,961995,1892510,127.07269385,37.03035421
2017,7,20,주간,토,1,3,0,2,0,경기,평택시,차대차,측면충돌,측면충돌,운전자법규위반,중앙선 침범,단일로,기타단일로,사륜오토바이(ATV),사륜오토바이(ATV),승용차,승용차,960290,1899137,127.05317415,37.09001983
2017,8,50,야간,화,1,2,0,1,0,경기,평택시,차대사람,횡단중,횡단중,운전자법규위반,안전운전 의무 불이행,단일로,기타단일로,화물차,화물차,보행자,보행자,958381,1890896,127.03215053,37.01565219
2017,8,10,주간,화,1,1,0,0,0,경기,평택시,차대차,정면충돌,정면충돌,운전자법규위반,교차로 통행방법 위반,교차로,교차로내,승용차,승용차,이륜차,이륜차,961013,1896431,127.0614498,37.0656582
2017,8,20,주간,금,1,1,0,0,0,경기,평택시,차대차,측면충돌,측면충돌,운전자법규위반,신호위반,교차로,교차로내,이륜차,이륜차,승용차,승용차,948468,1887960,126.92092148,36.9886956
2017,8,42,야간,목,1,2,0,1,0,경기,평택시,차량단독,공작물충돌,공작물충돌,운전자법규위반,과속,단일로,기타단일로,승용차,승용차,없음,없음,966206,1888421,127.12022232,36.99365614
2017,8,10,주간,토,1,4,2,1,0,경기,평택시,차대차,정면충돌,정면충돌,운전자법규위반,안전운전 의무 불이행,교차로,교차로내,승용차,승용차,화물차,화물차,965246,1888358,127.10943695,36.99305324
2017,8,55,야간,수,1,1,0,0,0,경기,평택시,차대사람,기타,기타,운전자법규위반,안전운전 의무 불이행,단일로,기타단일로,승용차,승용차,보행자,보행자,947344,1888272,126.90826962,36.99144567
2017,8,50,주간,토,1,1,0,0,0,경기,평택시,차대사람,기타,기타,운전자법규위반,안전운전 의무 불이행,교차로,교차로부근,화물차,화물차,보행자,보행자,964403,1888637,127.09995041,36.99553666
2017,8,45,주간,목,1,1,0,0,0,경기,평택시,차대사람,횡단중,횡단중,운전자법규위반,안전운전 의무 불이행,교차로,교차로부근,화물차,화물차,보행자,보행자,959427,1884739,127.04423977,36.96019776
2017,9,30,주간,토,1,1,0,0,0,경기,평택시,차량단독,전도,전도,운전자법규위반,안전운전 의무 불이행,단일로,기타단일로,기타,기타,없음,없음,953020,1890826,126.97189277,37.01476834
2017,9,45,야간,화,1,5,0,2,2,경기,평택시,차대차,추돌,추돌,운전자법규위반,안전운전 의무 불이행,교차로,교차로부근,승용차,승용차,화물차,화물차,966555,1888186,127.12415474,36.99155028
2017,9,30,야간,수,1,1,0,0,0,경기,평택시,차량단독,기타,기타,운전자법규위반,안전운전 의무 불이행,단일로,기타단일로,이륜차,이륜차,없음,없음,955696,1890686,127.00198114,37.01363642
2017,9,0,야간,일,1,1,0,0,0,경기,평택시,차대차,측면충돌,측면충돌,운전자법규위반,안전운전 의무 불이행,단일로,기타단일로,승용차,승용차,승용차,승용차,965837,1887569,127.11611418,36.98596267
2017,9,53,야간,수,1,1,0,0,0,경기,평택시,차대사람,보도통행중,보도통행중,운전자법규위반,보행자 보호의무 위반,교차로,교차로횡단보도내,승합차,승합차,보행자,보행자,965802,1889313,127.11564179,37.00168222
2017,9,25,야간,목,1,2,0,1,0,경기,평택시,차대차,측면충돌,측면충돌,운전자법규위반,신호위반,교차로,교차로내,승용차,승용차,승용차,승용차,959200,1894252,127.0411749,37.04593942
2017,10,50,주간,화,1,2,0,1,0,경기,평택시,차대차,정면충돌,정면충돌,운전자법규위반,중앙선 침범,단일로,기타단일로,승용차,승용차,건설기계,건설기계,959791,1899816,127.04752306,37.09611906
2017,10,44,주간,월,1,2,1,0,0,경기,평택시,차대차,기타,기타,운전자법규위반,안전운전 의무 불이행,단일로,기타단일로,화물차,화물차,특수차,특수차,954562,1895748,126.98892866,37.05921119
2017,10,30,주간,화,1,1,0,0,0,경기,평택시,차대차,추돌,추돌,운전자법규위반,안전운전 의무 불이행,단일로,기타단일로,화물차,화물차,이륜차,이륜차,960849,1899406,127.05944994,37.09246814
2017,10,44,주간,화,1,13,3,9,0,경기,평택시,차대차,추돌,추돌,운전자법규위반,안전운전 의무 불이행,단일로,기타단일로,승합차,승합차,화물차,화물차,968908,1889527,127.1505413,37.00371918
2017,10,45,주간,수,1,1,0,0,0,경기,평택시,차대사람,보도통행중,보도통행중,운전자법규위반,보행자 보호의무 위반,교차로,교차로횡단보도내,승합차,승합차,보행자,보행자,963144,1889294,127.0857696,37.00141046
2017,10,35,야간,수,1,1,0,0,0,경기,평택시,차대사람,기타,기타,운전자법규위반,안전운전 의무 불이행,교차로,교차로부근,승합차,승합차,보행자,보행자,958403,1882734,127.03284781,36.94207958
2017,11,20,주간,월,1,1,0,0,0,경기,평택시,차대사람,차도통행중,차도통행중,운전자법규위반,안전운전 의무 불이행,단일로,기타단일로,승용차,승용차,보행자,보행자,961726,1888762,127.06985989,36.99655823
2017,11,30,주간,화,1,6,0,5,0,경기,평택시,차대차,기타,기타,운전자법규위반,안전거리 미확보,단일로,기타단일로,승용차,승용차,승용차,승용차,966993,1888323,127.12907077,36.99280071
2017,11,50,야간,화,1,1,0,0,0,경기,평택시,차대사람,기타,기타,운전자법규위반,안전운전 의무 불이행,교차로,교차로부근,승용차,승용차,보행자,보행자,960728,1897672,127.05817914,37.07683274
2017,12,5,야간,목,1,5,1,3,0,경기,평택시,차대차,추돌,추돌,운전자법규위반,안전운전 의무 불이행,단일로,기타단일로,화물차,화물차,승용차,승용차,954188,1893650,126.98485001,37.04028164
2017,12,5,주간,금,1,1,0,0,0,경기,평택시,차량단독,공작물충돌,공작물충돌,운전자법규위반,안전운전 의무 불이행,교차로,교차로내,승용차,승용차,없음,없음,959939,1885534,127.04994877,36.96738599
2017,12,15,야간,금,1,1,0,0,0,경기,평택시,차대사람,차도통행중,차도통행중,운전자법규위반,과속,단일로,기타단일로,승용차,승용차,보행자,보행자,967849,1892784,127.13849982,37.03304286
2017,12,20,야간,금,1,1,0,0,0,경기,평택시,차대차,기타,기타,운전자법규위반,안전운전 의무 불이행,단일로,기타단일로,승합차,승합차,화물차,화물차,961442,1896386,127.06627764,37.0652703
2017,12,14,야간,수,1,1,0,0,0,경기,평택시,차대사람,기타,기타,운전자법규위반,안전운전 의무 불이행,교차로,교차로내,승용차,승용차,보행자,보행자,962781,1888461,127.08173102,36.99388733