year,month,minute,day_night,day,death,casualties,중상자수,경상자수,부상신고자수,state,state2,사고유형_대분류,사고유형_중분류,사고유형,법규위반_대분류,법규위반,도로형태_대분류,도로형태,당사자종별_1당_대분류,당사자종별_1당,당사자종별_2당_대분류,당사자종별_2당,발생위치X_UTMK,발생위치Y_UTMK,경도,위도
2017,9,40,주간,토,1,1,0,0,0,경남,거창군,차대사람,기타,기타,운전자법규위반,안전운전 의무 불이행,단일로,기타단일로,승용차,승용차,보행자,보행자,1032835,1742767,127.86285834,35.68058293
2017,9,50,야간,월,1,1,0,0,0,경남,거창군,차대차,추돌,추돌,운전자법규위반,안전운전 의무 불이행,단일로,기타단일로,화물차,화물차,화물차,화물차,1032677,1732455,127.86069436,35.58761194
2017,10,18,주간,수,1,1,0,0,0,경남,거창군,차대사람,차도통행중,차도통행중,운전자법규위반,신호위반,단일로,기타단일로,승용차,승용차,보행자,보행자,1030399,1761638,127.8366548,35.85080465
2017,10,30,야간,월,1,1,0,0,0,경남,거창군,차량단독,전복,전복,운전자법규위반,안전운전 의무 불이행,단일로,기타단일로,승합차,승합차,없음,없음,1030255,1762306,127.83508543,35.8568318
2017,11,53,주간,토,1,1,0,0,0,경남,거창군,차대차,기타,기타,운전자법규위반,부당한 회전,단일로,기타단일로,자전거,자전거,화물차,화물차,1037905,1743501,127.91892005,35.68701891
2017,11,6,주간,화,1,6,3,2,0,경남,거창군,차대차,측면충돌,측면충돌,운전자법규위반,신호위반,교차로,교차로내,승용차,승용차,승합차,승합차,1036718,1743038,127.90578068,35.68288935
2017,12,19,야간,월,1,1,0,0,0,경남,거창군,차대차,측면충돌,측면충돌,운전자법규위반,안전운전 의무 불이행,단일로,기타단일로,화물차,화물차,이륜차,이륜차,1037987,1744393,127.91986843,35.69505817
2017,3,22,야간,목,1,3,1,1,0,경남,고성군,차대차,측면충돌,측면충돌,운전자법규위반,신호위반,교차로,교차로내,승용차,승용차,승합차,승합차,1076215,1664087,128.33489078,34.9688058
2017,4,6,주간,수,1,1,0,0,0,경남,고성군,차대사람,횡단중,횡단중,운전자법규위반,안전운전 의무 불이행,단일로,기타단일로,화물차,화물차,보행자,보행자,1068198,1665990,128.2472321,34.98653657
2017,5,20,주간,수,1,1,0,0,0,경남,고성군,차대차,측면충돌,측면충돌,운전자법규위반,교차로 통행방법 위반,교차로,교차로내,화물차,화물차,이륜차,이륜차,1075606,1666896,128.32847525,34.99417889
2017,6,50,주간,화,1,1,0,0,0,경남,고성군,차량단독,전도전복,전도전복,운전자법규위반,안전운전 의무 불이행,단일로,기타단일로,승용차,승용차,없음,없음,1068170,1665999,128.24692607,34.98661961
2017,6,30,주간,목,1,3,2,0,0,경남,고성군,차대사람,길가장자리구역통행중,길가장자리구역통행중,운전자법규위반,안전운전 의무 불이행,단일로,기타단일로,승용차,승용차,보행자,보행자,1070708,1682810,128.27616564,35.13802209
2017,7,13,야간,월,1,1,0,0,0,경남,고성군,차량단독,전도전복,전도전복,운전자법규위반,안전운전 의무 불이행,단일로,기타단일로,승용차,승용차,없음,없음,1072882,1665323,128.29849109,34.98019582
2017,9,0,주간,화,1,1,0,0,0,경남,고성군,차대사람,차도통행중,차도통행중,운전자법규위반,안전운전 의무 불이행,단일로,기타단일로,승용차,승용차,보행자,보행자,1058781,1658421,128.1435245,34.9188785
2017,11,36,야간,월,1,1,0,0,0,경남,고성군,차량단독,공작물충돌,공작물충돌,운전자법규위반,과속,단일로,기타단일로,승용차,승용차,없음,없음,1085390,1672617,128.4362622,35.04498169
2017,11,24,주간,목,1,2,0,1,0,경남,고성군,차대차,측면충돌,측면충돌,운전자법규위반,안전거리 미확보,교차로,교차로부근,이륜차,이륜차,건설기계,건설기계,1079026,1673834,128.36660714,35.05647296
2017,1,54,야간,목,1,3,2,0,0,경남,김해시,차대차,정면충돌,정면충돌,운전자법규위반,중앙선 침범,단일로,기타단일로,승용차,승용차,승용차,승용차,1124227,1691507,128.86484035,35.21123649
2017,1,35,주간,목,1,1,0,0,0,경남,김해시,차대차,측면충돌,측면충돌,운전자법규위반,안전운전 의무 불이행,단일로,기타단일로,화물차,화물차,승용차,승용차,1113659,1696603,128.74946336,35.25842973
2017,1,40,야간,일,2,4,1,1,0,경남,김해시,차대차,추돌,추돌,운전자법규위반,안전운전 의무 불이행,단일로,기타단일로,승용차,승용차,승용차,승용차,1119413,1689626,128.81169041,35.19486433
2017,1,50,야간,월,2,3,1,0,0,경남,김해시,차대차,측면충돌,측면충돌,운전자법규위반,중앙선 침범,단일로,기타단일로,승용차,승용차,승합차,승합차,1125020,1693455,128.87384649,35.22869825
2017,2,43,주간,화,1,2,1,0,0,경남,김해시,차대차,측면충돌,측면충돌,운전자법규위반,부당한 회전,교차로,교차로내,자전거,자전거,승용차,승용차,1111621,1702498,128.72786625,35.31180205
2017,2,20,야간,목,1,1,0,0,0,경남,김해시,차대사람,차도통행중,차도통행중,운전자법규위반,안전운전 의무 불이행,단일로,기타단일로,승용차,승용차,보행자,보행자,1115202,1688158,128.76523977,35.18212252
2017,2,30,주간,목,1,1,0,0,0,경남,김해시,차대사람,횡단중,횡단중,운전자법규위반,안전운전 의무 불이행,단일로,기타단일로,화물차,화물차,보행자,보행자,1124031,1697459,128.86358539,35.26491521
2017,3,30,주간,금,1,1,0,0,0,경남,김해시,차대사람,횡단중,횡단중,운전자법규위반,안전운전 의무 불이행,단일로,기타단일로,승용차,승용차,보행자,보행자,1118814,1690173,128.80519112,35.19986651
2017,3,50,주간,수,1,1,0,0,0,경남,김해시,차대차,정면충돌,정면충돌,운전자법규위반,안전운전 의무 불이행,단일로,기타단일로,화물차,화물차,화물차,화물차,1116005,1697146,128.77532421,35.26305575
2017,3,48,야간,일,1,1,0,0,0,경남,김해시,차대차,측면충돌,측면충돌,운전자법규위반,안전운전 의무 불이행,교차로,교차로부근,승용차,승용차,자전거,자전거,1125994,1693745,128.88459144,35.2311905
2017,3,25,야간,토,1,1,0,0,0,경남,김해시,차대사람,횡단중,횡단중,운전자법규위반,보행자 보호의무 위반,단일로,기타단일로,화물차,화물차,보행자,보행자,1125392,1694897,128.87815324,35.24165066
2017,3,40,주간,월,1,1,0,0,0,경남,김해시,차대차,측면충돌,측면충돌,운전자법규위반,신호위반,교차로,교차로내,이륜차,이륜차,승용차,승용차,1118561,1704287,128.80445034,35.32713003
2017,4,25,주간,금,1,1,0,0,0,경남,김해시,차량단독,전도전복,전도전복,운전자법규위반,안전운전 의무 불이행,단일로,기타단일로,화물차,화물차,없음,없음,1121793,1690695,128.83798526,35.20421505
2017,4,5,야간,토,1,1,0,0,0,경남,김해시,차량단독,전도전복,전도전복,운전자법규위반,안전운전 의무 불이행,단일로,기타단일로,이륜차,이륜차,없음,없음,1114763,1695356,128.76142293,35.24706227
2017,4,40,주간,수,1,1,0,0,0,경남,김해시,차대차,기타,기타,운전자법규위반,과속,단일로,기타단일로,화물차,화물차,화물차,화물차,1133567,1693628,128.96777112,35.2291554
2017,5,25,야간,일,1,1,0,0,0,경남,김해시,차대사람,횡단중,횡단중,운전자법규위반,안전운전 의무 불이행,단일로,기타단일로,승용차,승용차,보행자,보행자,1126143,1694648,128.88636695,35.2393118
2017,5,20,야간,화,1,2,0,1,0,경남,김해시,차량단독,공작물충돌,공작물충돌,운전자법규위반,안전운전 의무 불이행,단일로,기타단일로,이륜차,이륜차,없음,없음,1127974,1693457,128.90629974,35.22834354
2017,5,20,주간,화,1,1,0,0,0,경남,김해시,차대차,추돌,추돌,운전자법규위반,안전운전 의무 불이행,단일로,기타단일로,화물차,화물차,승용차,승용차,1121760,1698035,128.83870977,35.27038638
2017,6,5,주간,목,1,1,0,0,0,경남,김해시,차대차,측면충돌,측면충돌,운전자법규위반,부당한 회전,교차로,교차로내,이륜차,이륜차,건설기계,건설기계,1122693,1692591,128.84815257,35.22119713
2017,6,5,야간,월,1,1,0,0,0,경남,김해시,차대차,측면충돌,측면충돌,운전자법규위반,신호위반,교차로,교차로내,이륜차,이륜차,화물차,화물차,1123817,1694190,128.8607407,35.23547324
2017,7,30,야간,목,1,1,0,0,0,경남,김해시,차대차,측면충돌,측면충돌,운전자법규위반,과속,교차로,교차로내,화물차,화물차,원동기장치자전거,원동기장치자전거,1124568,1687384,128.86796259,35.17402711
2017,7,40,주간,토,1,1,0,0,0,경남,김해시,차대차,추돌,추돌,운전자법규위반,안전운전 의무 불이행,교차로,교차로부근,이륜차,이륜차,승용차,승용차,1121971,1690818,128.83995846,35.20530223
2017,7,4,야간,토,1,1,0,0,0,경남,김해시,차대사람,횡단중,횡단중,운전자법규위반,과속,교차로,교차로부근,승용차,승용차,보행자,보행자,1127738,1695028,128.90395108,35.24253522
2017,8,35,주간,월,1,1,0,0,0,경남,김해시,차량단독,전도전복,전도전복,운전자법규위반,안전운전 의무 불이행,단일로,기타단일로,화물차,화물차,없음,없음,1121781,1698593,128.8390234,35.27541395
2017,8,35,주간,수,1,1,0,0,0,경남,김해시,차대차,측면충돌,측면충돌,운전자법규위반,안전운전 의무 불이행,교차로,교차로내,원동기장치자전거,원동기장치자전거,화물차,화물차,1121074,1709993,128.83293767,35.37826515
2017,9,30,야간,토,1,3,1,1,0,경남,김해시,차량단독,전복,전복,운전자법규위반,과속,단일로,기타단일로,승용차,승용차,없음,없음,1124377,1697134,128.86733909,35.26194258
2017,10,30,야간,일,1,3,2,0,0,경남,김해시,차대차,측면충돌,측면충돌,운전자법규위반,중앙선 침범,단일로,기타단일로,승용차,승용차,승용차,승용차,1135064,1699054,128.98510879,35.27786495
2017,10,50,주간,목,1,1,0,0,0,경남,김해시,차대차,기타,기타,운전자법규위반,안전운전 의무 불이행,교차로,교차로부근,화물차,화물차,승용차,승용차,1127799,1695694,128.90472491,35.248531
2017,10,55,야간,목,1,1,0,0,0,경남,김해시,차량단독,전도전복,전도전복,운전자법규위반,안전운전 의무 불이행,단일로,기타단일로,승용차,승용차,없음,없음,1119929,1687707,128.81707787,35.17750345
2017,10,0,야간,일,1,1,0,0,0,경남,김해시,차량단독,전도전복,전도전복,운전자법규위반,안전운전 의무 불이행,단일로,기타단일로,원동기장치자전거,원동기장치자전거,없음,없음,1120395,1688491,128.82230883,35.18451528
2017,10,25,주간,토,1,1,0,0,0,경남,김해시,차대사람,횡단중,횡단중,운전자법규위반,안전운전 의무 불이행,단일로,기타단일로,화물차,화물차,보행자,보행자,1119030,1700650,128.80908082,35.29428809
2017,11,10,주간,목,1,1,0,0,0,경남,김해시,차대사람,차도통행중,차도통행중,운전자법규위반,안전운전 의무 불이행,단일로,기타단일로,승용차,승용차,보행자,보행자,1128378,1695123,128.91099818,35.24330979
2017,12,17,야간,일,1,1,0,0,0,경남,김해시,차대사람,횡단중,횡단중,운전자법규위반,안전운전 의무 불이행,단일로,기타단일로,승용차,승용차,보행자,보행자,1114993,1699967,128.7645963,35.28860332
2017,1,50,주간,월,1,1,0,0,0,경남,남해군,차대사람,횡단중,횡단중,운전자법규위반,안전운전 의무 불이행,교차로,교차로부근,화물차,화물차,보행자,보행자,1048067,1657068,128.02615645,34.90724278
2017,1,25,주간,목,1,1,0,0,0,경남,남해군,차대사람,횡단중,횡단중,운전자법규위반,신호위반,교차로,교차로내,건설기계,건설기계,보행자,보행자,1034441,1655346,127.87693447,34.89226901
2017,11,40,야간,수,1,1,0,0,0,경남,남해군,차량단독,공작물충돌,공작물충돌,운전자법규위반,안전운전 의무 불이행,단일로,기타단일로,원동기장치자전거,원동기장치자전거,없음,없음,1038392,1649074,127.91988707,34.8355701
2017,2,10,주간,화,1,1,0,0,0,경남,밀양시,차대사람,횡단중,횡단중,운전자법규위반,안전운전 의무 불이행,교차로,교차로내,화물차,화물차,보행자,보행자,1118159,1713082,128.80130041,35.40646075
2017,2,50,야간,금,1,1,0,0,0,경남,밀양시,차대사람,차도통행중,차도통행중,운전자법규위반,안전운전 의무 불이행,단일로,기타단일로,승용차,승용차,보행자,보행자,1122010,1714685,128.84394167,35.42044642
2017,2,50,주간,월,1,1,0,0,0,경남,밀양시,차대차,추돌,추돌,운전자법규위반,과속,교차로,교차로부근,화물차,화물차,원동기장치자전거,원동기장치자전거,1125044,1732869,128.88015442,35.58398184
2017,3,10,주간,일,1,1,0,0,0,경남,밀양시,차량단독,전도전복,전도전복,운전자법규위반,안전운전 의무 불이행,단일로,기타단일로,이륜차,이륜차,없음,없음,1110501,1711485,128.71676307,35.39294323
2017,3,40,주간,수,1,1,0,0,0,경남,밀양시,차대차,측면충돌,측면충돌,운전자법규위반,안전운전 의무 불이행,교차로,교차로내,화물차,화물차,자전거,자전거,1112248,1723910,128.73770993,35.50475518
2017,4,50,주간,토,1,2,1,0,0,경남,밀양시,차량단독,공작물충돌,공작물충돌,운전자법규위반,안전운전 의무 불이행,단일로,기타단일로,승용차,승용차,없음,없음,1107205,1727085,128.68253356,35.5339346
2017,5,20,야간,토,1,1,0,0,0,경남,밀양시,차대사람,차도통행중,차도통행중,운전자법규위반,안전운전 의무 불이행,단일로,기타단일로,승용차,승용차,보행자,보행자,1112747,1710681,128.74137831,35.38544378
2017,6,20,주간,일,1,1,0,0,0,경남,밀양시,차량단독,전복,전복,운전자법규위반,안전운전 의무 불이행,단일로,기타단일로,승용차,승용차,없음,없음,1118222,1712366,128.80189028,35.39999889
2017,6,10,주간,토,1,1,0,0,0,경남,밀양시,차대차,측면충돌,측면충돌,운전자법규위반,신호위반,교차로,교차로내,이륜차,이륜차,승용차,승용차,1110701,1710015,128.71876551,35.37966925
2017,6,0,주간,화,1,2,0,1,0,경남,밀양시,차대차,기타,기타,운전자법규위반,안전운전 의무 불이행,단일로,기타단일로,승용차,승용차,농기계,농기계,1113780,1720802,128.75416354,35.47656351
2017,7,45,주간,토,1,1,0,0,0,경남,밀양시,차량단독,전도,전도,운전자법규위반,안전운전 의무 불이행,단일로,기타단일로,화물차,화물차,없음,없음,1104351,1717688,128.64985034,35.44952628
2017,7,35,주간,화,1,2,1,0,0,경남,밀양시,차대차,추돌,추돌,운전자법규위반,안전운전 의무 불이행,단일로,기타단일로,승용차,승용차,화물차,화물차,1114065,1717521,128.7568441,35.446954
2017,7,10,주간,목,1,1,0,0,0,경남,밀양시,차대차,추돌,추돌,운전자법규위반,안전거리 미확보,단일로,기타단일로,화물차,화물차,화물차,화물차,1115821,1721585,128.77676756,35.48338598
2017,7,20,야간,목,1,2,0,1,0,경남,밀양시,차대차,측면충돌,측면충돌,운전자법규위반,안전운전 의무 불이행,단일로,기타단일로,승용차,승용차,승용차,승용차,1115880,1717112,128.77678034,35.44305722
2017,8,43,주간,금,1,1,0,0,0,경남,밀양시,차대차,측면충돌,측면충돌,운전자법규위반,교차로 통행방법 위반,교차로,교차로내,화물차,화물차,원동기장치자전거,원동기장치자전거,1111638,1709690,128.72903489,35.37663495
2017,8,35,주간,화,1,1,0,0,0,경남,밀양시,차대사람,횡단중,횡단중,운전자법규위반,신호위반,단일로,기타단일로,화물차,화물차,보행자,보행자,1112290,1723911,128.73817308,35.50475944
2017,9,25,주간,토,1,2,0,1,0,경남,밀양시,차량단독,공작물충돌,공작물충돌,운전자법규위반,안전운전 의무 불이행,단일로,기타단일로,승용차,승용차,없음,없음,1108716,1726889,128.69917123,35.53200316
2017,9,10,야간,월,1,1,0,0,0,경남,밀양시,차대차,추돌,추돌,운전자법규위반,안전운전 의무 불이행,단일로,기타단일로,화물차,화물차,화물차,화물차,1115501,1719160,128.77289615,35.46156307
2017,9,0,주간,수,1,1,0,0,0,경남,밀양시,차대차,기타,기타,운전자법규위반,안전운전 의무 불이행,단일로,기타단일로,화물차,화물차,화물차,화물차,1116259,1724551,128.78201961,35.51007162
2017,10,0,주간,월,1,1,0,0,0,경남,밀양시,차대차,측면충돌,측면충돌,운전자법규위반,안전운전 의무 불이행,단일로,기타단일로,화물차,화물차,이륜차,이륜차,1103777,1719693,128.64378237,35.46766134
2017,10,40,야간,수,1,1,0,0,0,경남,밀양시,차대사람,길가장자리구역통행중,길가장자리구역통행중,운전자법규위반,안전운전 의무 불이행,단일로,기타단일로,승용차,승용차,보행자,보행자,1108064,1713607,128.69021486,35.41234011
2017,10,20,주간,수,1,2,0,1,0,경남,밀양시,차대차,측면충돌,측면충돌,운전자법규위반,안전운전 의무 불이행,교차로,교차로내,승용차,승용차,승용차,승용차,1110425,1709476,128.7156546,35.37484086
2017,12,10,야간,금,1,1,0,0,0,경남,밀양시,차대사람,기타,기타,운전자법규위반,안전운전 의무 불이행,단일로,기타단일로,화물차,화물차,보행자,보행자,1111180,1708807,128.72387355,35.36872604
2017,12,8,주간,목,1,1,0,0,0,경남,밀양시,차량단독,공작물충돌,공작물충돌,운전자법규위반,안전운전 의무 불이행,교차로,교차로부근,승용차,승용차,없음,없음,1114103,1719464,128.75753528,35.46446498
2017,2,50,주간,토,1,1,0,0,0,경남,사천시,차대사람,횡단중,횡단중,운전자법규위반,안전운전 의무 불이행,단일로,기타단일로,승용차,승용차,보행자,보행자,1052978,1660357,128.08012014,34.9366554
2017,4,50,주간,토,1,1,0,0,0,경남,사천시,차대차,측면충돌,측면충돌,운전자법규위반,안전운전 의무 불이행,단일로,기타단일로,화물차,화물차,원동기장치자전거,원동기장치자전거,1051566,1663780,128.06487082,34.96759368
2017,4,56,야간,일,1,1,0,0,0,경남,사천시,차량단독,공작물충돌,공작물충돌,운전자법규위반,안전운전 의무 불이행,단일로,기타단일로,원동기장치자전거,원동기장치자전거,없음,없음,1049732,1670013,128.04515399,35.02388867
2017,4,10,주간,화,1,2,1,0,0,경남,사천시,차량단독,전도,전도,운전자법규위반,안전운전 의무 불이행,단일로,기타단일로,원동기장치자전거,원동기장치자전거,없음,없음,1053212,1660565,128.08269564,34.93851869
2017,5,0,야간,월,1,3,1,1,0,경남,사천시,차량단독,공작물충돌,공작물충돌,운전자법규위반,안전운전 의무 불이행,단일로,기타단일로,승용차,승용차,없음,없음,1052485,1675152,128.07565562,35.07008729
2017,6,11,야간,화,1,1,0,0,0,경남,사천시,차대사람,횡단중,횡단중,운전자법규위반,안전운전 의무 불이행,단일로,기타단일로,승용차,승용차,보행자,보행자,1055037,1675577,128.10367283,35.07378337
2017,7,35,주간,토,1,1,0,0,0,경남,사천시,차대사람,기타,기타,운전자법규위반,안전운전 의무 불이행,교차로,교차로내,승용차,승용차,보행자,보행자,1052935,1660740,128.0796736,34.94011118
2017,8,10,주간,목,1,1,0,0,0,경남,사천시,차대사람,차도통행중,차도통행중,운전자법규위반,중앙선 침범,단일로,기타단일로,승합차,승합차,보행자,보행자,1052687,1659837,128.07690094,34.93198169
2017,9,25,야간,목,1,1,0,0,0,경남,사천시,차대사람,횡단중,횡단중,운전자법규위반,안전운전 의무 불이행,교차로,교차로내,승용차,승용차,보행자,보행자,1052850,1675445,128.07967744,35.07271017
2017,10,20,야간,수,1,1,0,0,0,경남,사천시,차대사람,기타,기타,운전자법규위반,중앙선 침범,단일로,기타단일로,건설기계,건설기계,보행자,보행자,1051781,1672228,128.06775195,35.04375824
2017,10,30,주간,금,1,1,0,0,0,경남,사천시,차대차,측면충돌,측면충돌,운전자법규위반,신호위반,교차로,교차로내,원동기장치자전거,원동기장치자전거,승용차,승용차,1054179,1660670,128.09329105,34.93941423
2017,12,55,야간,월,1,1,0,0,0,경남,사천시,차대사람,차도통행중,차도통행중,운전자법규위반,안전운전 의무 불이행,단일로,기타단일로,승용차,승용차,보행자,보행자,1052737,1673920,128.07834107,35.05896534
2017,12,20,야간,화,2,4,2,0,0,경남,사천시,차량단독,공작물충돌,공작물충돌,운전자법규위반,안전운전 의무 불이행,단일로,기타단일로,승용차,승용차,없음,없음,1043063,1664670,127.97177527,34.97601649
2017,12,10,야간,일,1,4,1,0,2,경남,사천시,차대차,추돌,추돌,운전자법규위반,안전운전 의무 불이행,단일로,기타단일로,화물차,화물차,화물차,화물차,1044531,1682838,127.9888328,35.13977429
2017,1,35,주간,화,1,1,0,0,0,경남,산청군,차대사람,길가장자리구역통행중,길가장자리구역통행중,운전자법규위반,안전운전 의무 불이행,교차로,교차로부근,화물차,화물차,보행자,보행자,1031886,1697393,127.85059049,35.27149665
2017,7,0,야간,화,1,1,0,0,0,경남,산청군,차량단독,전도전복,전도전복,운전자법규위반,안전운전 의무 불이행,단일로,기타단일로,화물차,화물차,없음,없음,1044535,1699099,127.98975652,35.2863962
2017,10,36,야간,금,1,1,0,0,0,경남,산청군,차대사람,길가장자리구역통행중,길가장자리구역통행중,운전자법규위반,안전운전 의무 불이행,단일로,기타단일로,승용차,승용차,보행자,보행자,1030019,1697402,127.83006324,35.27163555
2017,11,5,야간,목,1,1,0,0,0,경남,산청군,차대차,측면충돌,측면충돌,운전자법규위반,안전운전 의무 불이행,단일로,기타단일로,승용차,승용차,승용차,승용차,1043001,1701940,127.97303652,35.31207973
2017,11,16,주간,일,1,2,0,1,0,경남,산청군,차량단독,도로이탈,도로이탈 추락,운전자법규위반,안전운전 의무 불이행,단일로,기타단일로,승용차,승용차,없음,없음,1037286,1709621,127.91051991,35.38156653
2017,1,10,주간,월,1,1,0,0,0,경남,양산시,차대차,추돌,추돌,운전자법규위반,안전운전 의무 불이행,단일로,기타단일로,원동기장치자전거,원동기장치자전거,화물차,화물차,1138995,1709400,129.03007535,35.3705828
2017,1,30,주간,월,1,4,3,0,0,경남,양산시,차대차,측면충돌,측면충돌,운전자법규위반,안전운전 의무 불이행,교차로,교차로부근,화물차,화물차,승용차,승용차,1139949,1705057,129.0398304,35.3313031
2017,1,50,야간,목,1,1,0,0,0,경남,양산시,차량단독,전도,전도,운전자법규위반,안전운전 의무 불이행,단일로,기타단일로,화물차,화물차,없음,없음,1135430,1714405,128.9916741,35.41618732
2017,2,45,주간,화,1,1,0,0,0,경남,양산시,차대차,측면충돌,측면충돌,운전자법규위반,안전거리 미확보,단일로,기타단일로,특수차,특수차,원동기장치자전거,원동기장치자전거,1139484,1708018,129.0352207,35.35805766
2017,3,30,주간,목,1,1,0,0,0,경남,양산시,차대차,정면충돌,정면충돌,운전자법규위반,신호위반,교차로,교차로부근,건설기계,건설기계,승용차,승용차,1151051,1713236,129.16345139,35.40340384
2017,4,26,야간,화,1,1,0,0,0,경남,양산시,차대차,측면충돌,측면충돌,운전자법규위반,안전운전 의무 불이행,단일로,기타단일로,승용차,승용차,승용차,승용차,1143094,1702459,129.07396874,35.30744025
2017,4,9,주간,금,1,1,0,0,0,경남,양산시,차대사람,횡단중,횡단중,운전자법규위반,안전운전 의무 불이행,단일로,기타단일로,화물차,화물차,보행자,보행자,1139649,1706074,129.03670419,35.34051201
2017,4,1,주간,월,1,1,0,0,0,경남,양산시,차량단독,전도,전도,운전자법규위반,안전운전 의무 불이행,단일로,기타단일로,화물차,화물차,없음,없음,1150391,1716667,129.156819,35.43442743
2017,6,5,주간,목,1,1,0,0,0,경남,양산시,차량단독,전도전복,전도전복,운전자법규위반,안전운전 의무 불이행,단일로,기타단일로,승용차,승용차,없음,없음,1144952,1704810,129.09481497,35.32836322
2017,6,45,주간,화,1,1,0,0,0,경남,양산시,차대차,측면충돌,측면충돌,운전자법규위반,부당한 회전,교차로,교차로횡단보도내,이륜차,이륜차,화물차,화물차,1136489,1701207,129.00113102,35.29707855
2017,7,43,야간,월,1,2,0,1,0,경남,양산시,차대차,측면충돌,측면충돌,운전자법규위반,신호위반,교차로,교차로내,원동기장치자전거,원동기장치자전거,화물차,화물차,1151191,1714060,129.16514534,35.41080933
2017,7,0,야간,월,1,1,0,0,0,경남,양산시,차대차,측면충돌,측면충돌,운전자법규위반,중앙선 침범,단일로,기타단일로,화물차,화물차,승용차,승용차,1150785,1713591,129.1605888,35.40664377
2017,7,36,주간,화,1,1,0,0,0,경남,양산시,차량단독,전도전복,전도전복,운전자법규위반,안전운전 의무 불이행,교차로,교차로부근,승합차,승합차,없음,없음,1150324,1710793,129.15499823,35.38149486
2017,8,30,야간,화,1,1,0,0,0,경남,양산시,차대사람,횡단중,횡단중,운전자법규위반,보행자 보호의무 위반,단일로,기타단일로,승용차,승용차,보행자,보행자,1138650,1703271,129.02523987,35.31538571
2017,11,17,야간,월,1,1,0,0,0,경남,양산시,차량단독,공작물충돌,공작물충돌,운전자법규위반,안전운전 의무 불이행,단일로,기타단일로,승용차,승용차,없음,없음,1139036,1707063,129.03012898,35.34951212
2017,11,15,야간,수,1,1,0,0,0,경남,양산시,차대사람,횡단중,횡단중,운전자법규위반,안전운전 의무 불이행,교차로,교차로부근,승용차,승용차,보행자,보행자,1151147,1713571,129.16457028,35.40640864
2017,11,20,야간,목,1,3,2,0,0,경남,양산시,차대차,측면충돌,측면충돌,운전자법규위반,신호위반,교차로,교차로내,승용차,승용차,승용차,승용차,1138955,1705419,129.02895857,35.33470486
2017,12,40,주간,금,1,1,0,0,0,경남,양산시,차대사람,횡단중,횡단중,운전자법규위반,신호위반,교차로,교차로횡단보도내,승용차,승용차,보행자,보행자,1141318,1714072,129.05644798,35.41236752
2017,4,50,야간,수,1,1,0,0,0,경남,의령군,차대사람,차도통행중,차도통행중,운전자법규위반,안전운전 의무 불이행,단일로,기타단일로,승용차,승용차,보행자,보행자,1074165,1708460,128.31642566,35.36903732
2017,5,33,주간,금,1,1,0,0,0,경남,의령군,차대차,측면충돌,측면충돌,운전자법규위반,중앙선 침범,단일로,기타단일로,사륜오토바이(ATV),사륜오토바이(ATV),건설기계,건설기계,1072858,1714488,128.30257756,35.42348189
2017,5,0,주간,화,1,1,0,0,0,경남,의령군,차량단독,도로이탈,도로이탈 추락,운전자법규위반,안전운전 의무 불이행,단일로,기타단일로,화물차,화물차,없음,없음,1079059,1718320,128.37125097,35.45755695
2017,10,10,주간,화,1,1,0,0,0,경남,의령군,차대차,측면충돌,측면충돌,운전자법규위반,안전운전 의무 불이행,단일로,기타단일로,이륜차,이륜차,화물차,화물차,1071754,1704348,128.28952621,35.33213967
2017,12,30,주간,수,1,2,1,0,0,경남,의령군,차대차,측면충돌,측면충돌,운전자법규위반,안전운전 의무 불이행,교차로,교차로내,이륜차,이륜차,화물차,화물차,1072122,1705148,128.29364558,35.33932602
2017,1,0,야간,목,1,1,0,0,0,경남,진주시,차대사람,기타,기타,운전자법규위반,안전운전 의무 불이행,교차로,교차로내,승용차,승용차,보행자,보행자,1055058,1684705,128.10451078,35.15608728
2017,1,25,주간,토,1,2,1,0,0,경남,진주시,차대차,추돌,추돌,운전자법규위반,안전운전 의무 불이행,단일로,기타단일로,화물차,화물차,화물차,화물차,1057938,1685774,128.13620517,35.16556418
2017,1,0,야간,목,1,1,0,0,0,경남,진주시,차량단독,도로이탈,도로이탈 추락,운전자법규위반,안전운전 의무 불이행,단일로,기타단일로,화물차,화물차,없음,없음,1058668,1700260,128.14525409,35.2961352
2017,1,45,주간,월,1,1,0,0,0,경남,진주시,차대사람,횡단중,횡단중,운전자법규위반,보행자 보호의무 위반,단일로,기타단일로,화물차,화물차,보행자,보행자,1053432,1688878,128.08692929,35.19380175
2017,1,3,주간,화,1,1,0,0,0,경남,진주시,차량단독,공작물충돌,공작물충돌,운전자법규위반,안전운전 의무 불이행,단일로,기타단일로,승용차,승용차,없음,없음,1054179,1689163,128.09515314,35.19633145
2017,1,13,주간,화,1,1,0,0,0,경남,진주시,차대차,추돌,추돌,운전자법규위반,차로위반(진로변경 위반),단일로,기타단일로,승용차,승용차,화물차,화물차,1054389,1682113,128.09699514,35.13275232
2017,3,40,주간,금,1,1,0,0,0,경남,진주시,차대사람,길가장자리구역통행중,길가장자리구역통행중,운전자법규위반,교차로 통행방법 위반,교차로,교차로내,승용차,승용차,보행자,보행자,1056067,1688801,128.11586702,35.19296373