year,month,minute,day_night,day,death,casualties,중상자수,경상자수,부상신고자수,state,state2,사고유형_대분류,사고유형_중분류,사고유형,법규위반_대분류,법규위반,도로형태_대분류,도로형태,당사자종별_1당_대분류,당사자종별_1당,당사자종별_2당_대분류,당사자종별_2당,발생위치X_UTMK,발생위치Y_UTMK,경도,위도
2017,3,45,야간,금,1,1,0,0,0,경남,진주시,차대사람,횡단중,횡단중,운전자법규위반,신호위반,교차로,교차로내,승용차,승용차,보행자,보행자,1075225,1683963,128.32584956,35.14809017
2017,3,40,주간,수,1,2,0,1,0,경남,진주시,차대차,추돌,추돌,운전자법규위반,안전운전 의무 불이행,단일로,기타단일로,화물차,화물차,화물차,화물차,1062637,1676943,128.18713162,35.08565659
2017,4,59,주간,수,1,1,0,0,0,경남,진주시,차량단독,전도전복,전도전복,운전자법규위반,안전운전 의무 불이행,단일로,기타단일로,원동기장치자전거,원동기장치자전거,없음,없음,1062627,1676436,128.1869836,35.08108577
2017,5,40,주간,금,1,2,1,0,0,경남,진주시,차대차,추돌,추돌,운전자법규위반,안전운전 의무 불이행,단일로,기타단일로,화물차,화물차,승합차,승합차,1055161,1685696,128.10570785,35.16501718
2017,5,55,주간,화,1,1,0,0,0,경남,진주시,차량단독,전도,전도,운전자법규위반,안전운전 의무 불이행,단일로,기타단일로,농기계,농기계,없음,없음,1066128,1688424,128.22634435,35.18895212
2017,5,30,야간,금,1,1,0,0,0,경남,진주시,차대사람,기타,기타,운전자법규위반,안전운전 의무 불이행,단일로,기타단일로,승용차,승용차,보행자,보행자,1065467,1688741,128.21910968,35.19185366
2017,6,40,주간,토,1,1,0,0,0,경남,진주시,차대차,추돌,추돌,운전자법규위반,안전운전 의무 불이행,단일로,기타단일로,화물차,화물차,농기계,농기계,1054428,1681234,128.09736532,35.12482448
2017,6,10,야간,월,1,1,0,0,0,경남,진주시,차대사람,기타,기타,운전자법규위반,안전운전 의무 불이행,교차로,교차로내,승합차,승합차,보행자,보행자,1053420,1688621,128.08678082,35.1914851
2017,7,0,주간,토,1,1,0,0,0,경남,진주시,차대사람,차도통행중,차도통행중,운전자법규위반,안전운전 의무 불이행,교차로,교차로부근,승용차,승용차,보행자,보행자,1053119,1689113,128.08350642,35.19593729
2017,8,0,야간,목,1,2,1,0,0,경남,진주시,차대차,추돌,추돌,운전자법규위반,과속,단일로,기타단일로,화물차,화물차,농기계,농기계,1049360,1684485,128.04193891,35.15439957
2017,8,50,야간,토,1,2,1,0,0,경남,진주시,차대차,정면충돌,정면충돌,운전자법규위반,중앙선 침범,단일로,기타단일로,승용차,승용차,승용차,승용차,1073216,1685126,128.30389907,35.15872446
2017,8,29,주간,화,1,2,0,1,0,경남,진주시,차대차,기타,기타,운전자법규위반,신호위반,교차로,교차로내,화물차,화물차,건설기계,건설기계,1065326,1681349,128.21697593,35.1252129
2017,9,0,주간,화,1,2,1,0,0,경남,진주시,차대차,추돌,추돌,운전자법규위반,안전운전 의무 불이행,단일로,기타단일로,화물차,화물차,건설기계,건설기계,1055958,1684999,128.11441178,35.15868848
2017,9,30,야간,일,1,2,1,0,0,경남,진주시,차대차,정면충돌,정면충돌,운전자법규위반,중앙선 침범,단일로,기타단일로,이륜차,이륜차,승용차,승용차,1054963,1689666,128.10379847,35.2008242
2017,10,20,야간,일,1,1,0,0,0,경남,진주시,차대사람,기타,기타,운전자법규위반,과속,단일로,기타단일로,승용차,승용차,보행자,보행자,1070526,1694428,128.27516229,35.2427866
2017,10,20,야간,금,1,1,0,0,0,경남,진주시,차대사람,횡단중,횡단중,운전자법규위반,안전운전 의무 불이행,단일로,기타단일로,승용차,승용차,보행자,보행자,1053305,1687091,128.08541874,35.17769567
2017,10,5,주간,토,1,1,0,0,0,경남,진주시,차대사람,차도통행중,차도통행중,운전자법규위반,안전운전 의무 불이행,단일로,기타단일로,화물차,화물차,보행자,보행자,1053368,1688354,128.08619237,35.18908041
2017,10,30,주간,월,1,1,0,0,0,경남,진주시,차대차,정면충돌,정면충돌,운전자법규위반,안전운전 의무 불이행,단일로,기타단일로,자전거,자전거,승용차,승용차,1055346,1686137,128.10776877,35.16898336
2017,10,40,야간,월,1,1,0,0,0,경남,진주시,차량단독,전도,전도,운전자법규위반,안전운전 의무 불이행,교차로,교차로부근,원동기장치자전거,원동기장치자전거,없음,없음,1060930,1681943,128.16877509,35.13084458
2017,11,30,야간,수,1,1,0,0,0,경남,진주시,차대차,추돌,추돌,운전자법규위반,안전운전 의무 불이행,단일로,기타단일로,승용차,승용차,건설기계,건설기계,1063638,1687570,128.19893032,35.18141297
2017,11,40,주간,토,1,1,0,0,0,경남,진주시,차대차,기타,기타,운전자법규위반,신호위반,교차로,교차로내,승합차,승합차,이륜차,이륜차,1054210,1686293,128.09530492,35.17045191
2017,11,15,주간,월,1,1,0,0,0,경남,진주시,차대사람,기타,기타,운전자법규위반,안전운전 의무 불이행,기타,기타,화물차,화물차,보행자,보행자,1052433,1696343,128.07643203,35.26116369
2017,11,45,야간,금,1,1,0,0,0,경남,진주시,차대차,추돌,추돌,운전자법규위반,안전운전 의무 불이행,단일로,기타단일로,화물차,화물차,자전거,자전거,1060464,1700522,128.16502537,35.2983905
2017,12,40,주간,화,1,1,0,0,0,경남,진주시,차대차,측면충돌,측면충돌,운전자법규위반,교차로 통행방법 위반,교차로,교차로내,화물차,화물차,원동기장치자전거,원동기장치자전거,1059299,1693270,128.15168884,35.23307291
2017,12,20,주간,토,1,1,0,0,0,경남,진주시,차대사람,기타,기타,운전자법규위반,보행자 보호의무 위반,단일로,기타단일로,승용차,승용차,보행자,보행자,1053504,1689021,128.08772943,35.1950873
2017,12,0,주간,월,1,2,1,0,0,경남,진주시,차대차,측면충돌,측면충돌,운전자법규위반,중앙선 침범,교차로,교차로부근,원동기장치자전거,원동기장치자전거,승용차,승용차,1062125,1680918,128.1818137,35.12152946
2017,2,40,야간,수,1,2,0,1,0,경남,창녕군,차량단독,공작물충돌,공작물충돌,운전자법규위반,안전운전 의무 불이행,단일로,기타단일로,승용차,승용차,없음,없음,1092246,1718597,128.51658763,35.45891793
2017,2,10,주간,금,1,1,0,0,0,경남,창녕군,차대사람,횡단중,횡단중,운전자법규위반,안전운전 의무 불이행,단일로,기타단일로,화물차,화물차,보행자,보행자,1087128,1738370,128.46232029,35.63764024
2017,7,0,주간,화,1,1,0,0,0,경남,창녕군,차대차,측면충돌,측면충돌,운전자법규위반,안전운전 의무 불이행,단일로,기타단일로,화물차,화물차,이륜차,이륜차,1091747,1721950,128.51146777,35.4891925
2017,7,50,야간,수,1,2,1,0,0,경남,창녕군,차대차,기타,기타,운전자법규위반,안전운전 의무 불이행,단일로,기타단일로,승용차,승용차,이륜차,이륜차,1091614,1722492,128.51006286,35.49409108
2017,7,5,야간,화,1,1,0,0,0,경남,창녕군,차대차,추돌,추돌,운전자법규위반,안전운전 의무 불이행,단일로,기타단일로,특수차,특수차,이륜차,이륜차,1091830,1714382,128.51152828,35.42095664
2017,7,35,주간,목,1,1,0,0,0,경남,창녕군,차대차,기타,기타,운전자법규위반,신호위반,교차로,교차로내,승용차,승용차,이륜차,이륜차,1091985,1718606,128.51371273,35.45902326
2017,8,50,야간,토,1,1,0,0,0,경남,창녕군,차대사람,차도통행중,차도통행중,운전자법규위반,안전운전 의무 불이행,교차로,교차로내,승용차,승용차,보행자,보행자,1089146,1711098,128.4816083,35.39159372
2017,8,20,주간,화,1,1,0,0,0,경남,창녕군,차대사람,횡단중,횡단중,운전자법규위반,안전운전 의무 불이행,교차로,교차로내,승용차,승용차,보행자,보행자,1085987,1724883,128.44828527,35.51615037
2017,8,0,야간,목,1,1,0,0,0,경남,창녕군,차량단독,공작물충돌,공작물충돌,운전자법규위반,안전운전 의무 불이행,교차로,교차로내,화물차,화물차,없음,없음,1087741,1731955,128.46839271,35.5797532
2017,9,53,주간,화,1,1,0,0,0,경남,창녕군,차대사람,기타,기타,운전자법규위반,안전운전 의무 불이행,교차로,교차로내,화물차,화물차,보행자,보행자,1085087,1733349,128.439251,35.59255236
2017,9,50,야간,목,1,1,0,0,0,경남,창녕군,차량단독,기타,기타,운전자법규위반,안전운전 의무 불이행,단일로,기타단일로,농기계,농기계,없음,없음,1084280,1728095,128.42979636,35.54525454
2017,9,55,야간,수,1,1,0,0,0,경남,창녕군,차대차,기타,기타,운전자법규위반,안전운전 의무 불이행,단일로,기타단일로,승용차,승용차,승용차,승용차,1100110,1716017,128.60292086,35.43489807
2017,9,30,주간,금,1,1,0,0,0,경남,창녕군,차대차,측면충돌,측면충돌,운전자법규위반,신호위반,교차로,교차로내,자전거,자전거,승용차,승용차,1093171,1718206,128.52673525,35.45530667
2017,10,30,야간,월,1,1,0,0,0,경남,창녕군,차대차,정면충돌,정면충돌,운전자법규위반,안전운전 의무 불이행,교차로,교차로부근,원동기장치자전거,원동기장치자전거,승용차,승용차,1093033,1717547,128.52513936,35.4493785
2017,10,25,주간,월,1,2,0,1,0,경남,창녕군,차대차,기타,기타,운전자법규위반,안전운전 의무 불이행,단일로,기타단일로,농기계,농기계,화물차,화물차,1087468,1718459,128.46392416,35.45810573
2017,11,57,주간,월,1,1,0,0,0,경남,창녕군,차대사람,횡단중,횡단중,운전자법규위반,안전운전 의무 불이행,교차로,교차로내,승용차,승용차,보행자,보행자,1093498,1718619,128.53038572,35.45899929
2017,11,0,야간,수,1,2,1,0,0,경남,창녕군,차대사람,횡단중,횡단중,운전자법규위반,보행자 보호의무 위반,교차로,교차로횡단보도내,화물차,화물차,보행자,보행자,1093173,1718242,128.52676141,35.45563104
2017,11,38,야간,목,1,1,0,0,0,경남,창녕군,차대사람,차도통행중,차도통행중,운전자법규위반,안전운전 의무 불이행,단일로,기타단일로,승용차,승용차,보행자,보행자,1088826,1711098,128.47808516,35.39162229
2017,12,10,주간,화,1,1,0,0,0,경남,창녕군,차대차,기타,기타,운전자법규위반,안전운전 의무 불이행,교차로,교차로내,화물차,화물차,이륜차,이륜차,1093127,1718537,128.52628834,35.45829486
2017,1,20,야간,월,1,1,0,0,0,경남,창원시(통합),차대사람,횡단중,횡단중,운전자법규위반,안전운전 의무 불이행,교차로,교차로내,승용차,승용차,보행자,보행자,1108157,1698819,128.68928325,35.27901656
2017,1,13,주간,화,1,2,1,0,0,경남,창원시(통합),차대차,측면충돌,측면충돌,운전자법규위반,안전거리 미확보,교차로,교차로부근,승용차,승용차,승합차,승합차,1119108,1679991,128.80695107,35.10804238
2017,1,50,주간,수,1,1,0,0,0,경남,창원시(통합),차대사람,길가장자리구역통행중,길가장자리구역통행중,운전자법규위반,안전운전 의무 불이행,단일로,기타단일로,승용차,승용차,보행자,보행자,1111711,1706244,128.72936733,35.3455617
2017,1,50,야간,금,1,1,0,0,0,경남,창원시(통합),차대차,측면충돌,측면충돌,운전자법규위반,안전운전 의무 불이행,단일로,기타단일로,승용차,승용차,이륜차,이륜차,1098870,1692292,128.5863961,35.22113355
2017,2,30,주간,목,1,1,0,0,0,경남,창원시(통합),차대차,측면충돌,측면충돌,운전자법규위반,안전운전 의무 불이행,단일로,기타단일로,승용차,승용차,자전거,자전거,1091394,1694222,128.50447503,35.23924315
2017,2,0,주간,금,1,1,0,0,0,경남,창원시(통합),차량단독,공작물충돌,공작물충돌,운전자법규위반,안전운전 의무 불이행,단일로,기타단일로,이륜차,이륜차,없음,없음,1102477,1691894,128.62597402,35.21718329
2017,2,47,주간,토,1,1,0,0,0,경남,창원시(통합),차대차,측면충돌,측면충돌,운전자법규위반,안전운전 의무 불이행,단일로,기타단일로,자전거,자전거,승합차,승합차,1108384,1693741,128.69110883,35.2332133
2017,2,54,야간,일,1,2,0,1,0,경남,창원시(통합),차대차,측면충돌,측면충돌,운전자법규위반,신호위반,교차로,교차로내,원동기장치자전거,원동기장치자전거,승용차,승용차,1101001,1695761,128.61023406,35.25219556
2017,2,55,야간,화,1,1,0,0,0,경남,창원시(통합),차대사람,횡단중,횡단중,운전자법규위반,안전운전 의무 불이행,교차로,교차로횡단보도내,승합차,승합차,보행자,보행자,1106645,1684791,128.67084296,35.15271323
2017,2,20,주간,수,1,1,0,0,0,경남,창원시(통합),차대차,기타,기타,운전자법규위반,안전운전 의무 불이행,교차로,교차로부근,화물차,화물차,특수차,특수차,1096920,1692345,128.56497883,35.22180175
2017,2,35,야간,금,1,1,0,0,0,경남,창원시(통합),차량단독,전도,전도,운전자법규위반,안전운전 의무 불이행,단일로,기타단일로,이륜차,이륜차,없음,없음,1097800,1690249,128.57439794,35.20281975
2017,2,46,야간,토,1,1,0,0,0,경남,창원시(통합),차대사람,횡단중,횡단중,운전자법규위반,안전운전 의무 불이행,교차로,교차로횡단보도내,승용차,승용차,보행자,보행자,1109825,1684820,128.70575288,35.15263229
2017,2,19,주간,토,1,1,0,0,0,경남,창원시(통합),차대사람,횡단중,횡단중,운전자법규위반,과속,교차로,교차로부근,승용차,승용차,보행자,보행자,1096163,1689824,128.55636754,35.19914633
2017,2,8,야간,일,1,1,0,0,0,경남,창원시(통합),차대사람,기타,기타,운전자법규위반,안전운전 의무 불이행,단일로,기타단일로,승용차,승용차,보행자,보행자,1098689,1694551,128.58467864,35.24151734
2017,3,56,주간,수,1,1,0,0,0,경남,창원시(통합),차량단독,전도,전도,운전자법규위반,안전운전 의무 불이행,교차로,교차로부근,승용차,승용차,없음,없음,1109881,1706894,128.70931976,35.35162452
2017,3,55,주간,일,1,1,0,0,0,경남,창원시(통합),차량단독,전도전복,전도전복,운전자법규위반,안전운전 의무 불이행,단일로,기타단일로,원동기장치자전거,원동기장치자전거,없음,없음,1103151,1692355,128.63343615,35.22127027
2017,3,50,야간,금,3,3,0,0,0,경남,창원시(통합),차대차,정면충돌,정면충돌,운전자법규위반,중앙선 침범,단일로,교량위,승용차,승용차,승용차,승용차,1109203,1687974,128.69934283,35.18113403
2017,3,49,야간,일,1,1,0,0,0,경남,창원시(통합),차대차,측면충돌,측면충돌,운전자법규위반,안전운전 의무 불이행,단일로,기타단일로,승용차,승용차,승용차,승용차,1094858,1694138,128.54253127,35.23816392
2017,3,41,야간,목,1,1,0,0,0,경남,창원시(통합),차대사람,횡단중,횡단중,운전자법규위반,안전운전 의무 불이행,단일로,기타단일로,승용차,승용차,보행자,보행자,1098965,1692564,128.58747252,35.22357639
2017,4,0,주간,목,1,1,0,0,0,경남,창원시(통합),차대사람,횡단중,횡단중,운전자법규위반,안전운전 의무 불이행,교차로,교차로내,승용차,승용차,보행자,보행자,1097164,1693435,128.56778829,35.23160507
2017,4,5,야간,토,1,1,0,0,0,경남,창원시(통합),차대차,측면충돌,측면충돌,운전자법규위반,안전운전 의무 불이행,단일로,기타단일로,승용차,승용차,이륜차,이륜차,1106126,1690643,128.66589916,35.20552571
2017,4,57,주간,월,1,1,0,0,0,경남,창원시(통합),차대사람,횡단중,횡단중,운전자법규위반,안전운전 의무 불이행,단일로,기타단일로,승용차,승용차,보행자,보행자,1106658,1691992,128.67191739,35.21763085
2017,5,20,야간,금,1,1,0,0,0,경남,창원시(통합),차대사람,차도통행중,차도통행중,운전자법규위반,안전운전 의무 불이행,단일로,기타단일로,화물차,화물차,보행자,보행자,1109813,1682868,128.70536165,35.13503588
2017,5,40,야간,목,1,1,0,0,0,경남,창원시(통합),차대차,측면충돌,측면충돌,운전자법규위반,신호위반,교차로,교차로내,승용차,승용차,이륜차,이륜차,1110535,1684868,128.71355275,35.1529872
2017,5,55,야간,수,2,2,0,0,0,경남,창원시(통합),차대차,측면충돌,측면충돌,운전자법규위반,신호위반,교차로,교차로내,이륜차,이륜차,화물차,화물차,1093766,1697435,128.53090775,35.26799113
2017,5,45,야간,토,1,1,0,0,0,경남,창원시(통합),차대차,추돌,추돌,운전자법규위반,안전운전 의무 불이행,단일로,기타단일로,승용차,승용차,승용차,승용차,1117646,1681394,128.79111198,35.12086227
2017,6,25,야간,목,1,1,0,0,0,경남,창원시(통합),차대차,기타,기타,운전자법규위반,안전운전 의무 불이행,교차로,교차로부근,자전거,자전거,화물차,화물차,1106039,1695144,128.66552372,35.24611248
2017,6,5,야간,금,1,1,0,0,0,경남,창원시(통합),차대차,기타,기타,운전자법규위반,중앙선 침범,교차로,교차로내,자전거,자전거,승용차,승용차,1103103,1694319,128.63315501,35.23898132
2017,6,7,주간,월,1,1,0,0,0,경남,창원시(통합),차대차,측면충돌,측면충돌,운전자법규위반,안전운전 의무 불이행,교차로,교차로내,이륜차,이륜차,화물차,화물차,1100081,1696180,128.60017385,35.25606536
2017,6,15,야간,월,1,1,0,0,0,경남,창원시(통합),차대차,정면충돌,정면충돌,운전자법규위반,중앙선 침범,단일로,기타단일로,승용차,승용차,승용차,승용차,1103404,1693519,128.63636197,35.23173805
2017,7,40,야간,화,1,1,0,0,0,경남,창원시(통합),차량단독,공작물충돌,공작물충돌,운전자법규위반,안전운전 의무 불이행,교차로,교차로내,승용차,승용차,없음,없음,1081565,1680215,128.39507542,35.11380332
2017,7,0,주간,토,1,1,0,0,0,경남,창원시(통합),차대차,기타,기타,운전자법규위반,안전운전 의무 불이행,교차로,교차로횡단보도내,화물차,화물차,원동기장치자전거,원동기장치자전거,1105219,1692856,128.65621958,35.22557205
2017,7,48,야간,일,1,1,0,0,0,경남,창원시(통합),차량단독,전도,전도,운전자법규위반,안전운전 의무 불이행,단일로,기타단일로,원동기장치자전거,원동기장치자전거,없음,없음,1109376,1688342,128.70129128,35.18443279
2017,7,45,야간,수,1,1,0,0,0,경남,창원시(통합),차량단독,전도전복,전도전복,운전자법규위반,안전운전 의무 불이행,단일로,기타단일로,화물차,화물차,없음,없음,1105399,1697775,128.65882809,35.26989903
2017,7,20,주간,수,1,1,0,0,0,경남,창원시(통합),차대차,측면충돌,측면충돌,운전자법규위반,안전운전 의무 불이행,단일로,기타단일로,승용차,승용차,원동기장치자전거,원동기장치자전거,1090673,1681106,128.49510946,35.12105733
2017,8,30,야간,일,1,1,0,0,0,경남,창원시(통합),차량단독,전도,전도,운전자법규위반,안전운전 의무 불이행,단일로,기타단일로,원동기장치자전거,원동기장치자전거,없음,없음,1103097,1694812,128.6331509,35.24342648
2017,8,24,주간,월,1,1,0,0,0,경남,창원시(통합),차대차,측면충돌,측면충돌,운전자법규위반,과속,단일로,기타단일로,승용차,승용차,자전거,자전거,1105317,1686795,128.6565214,35.17092001
2017,8,30,주간,월,1,1,0,0,0,경남,창원시(통합),차대사람,횡단중,횡단중,운전자법규위반,안전운전 의무 불이행,단일로,기타단일로,승합차,승합차,보행자,보행자,1096993,1693366,128.56590123,35.23099956
2017,8,30,주간,화,1,1,0,0,0,경남,창원시(통합),차대사람,기타,기타,운전자법규위반,안전운전 의무 불이행,교차로,교차로내,특수차,특수차,보행자,보행자,1097128,1689380,128.56691426,35.19505048
2017,8,6,야간,토,1,2,1,0,0,경남,창원시(통합),차량단독,전도,전도,운전자법규위반,안전운전 의무 불이행,기타,기타,이륜차,이륜차,없음,없음,1099907,1681466,128.59647764,35.12342867
2017,8,21,야간,월,1,1,0,0,0,경남,창원시(통합),차대사람,기타,기타,운전자법규위반,안전운전 의무 불이행,단일로,기타단일로,승용차,승용차,보행자,보행자,1101232,1696797,128.61290054,35.26151215
2017,8,1,주간,화,1,1,0,0,0,경남,창원시(통합),차량단독,도로이탈,도로이탈 기타,운전자법규위반,안전운전 의무 불이행,단일로,기타단일로,이륜차,이륜차,없음,없음,1096910,1681335,128.56357538,35.12254069
2017,8,15,야간,일,1,1,0,0,0,경남,창원시(통합),차대차,기타,기타,운전자법규위반,안전운전 의무 불이행,단일로,기타단일로,화물차,화물차,이륜차,이륜차,1095495,1693934,128.54950745,35.23626424
2017,8,20,주간,월,1,1,0,0,0,경남,창원시(통합),차대차,기타,기타,운전자법규위반,안전운전 의무 불이행,교차로,교차로횡단보도내,승용차,승용차,특수차,특수차,1120196,1677396,128.81850997,35.08451943
2017,8,5,야간,화,1,1,0,0,0,경남,창원시(통합),차대차,정면충돌,정면충돌,운전자법규위반,안전운전 의무 불이행,교차로,교차로부근,원동기장치자전거,원동기장치자전거,승용차,승용차,1104340,1695470,128.64689398,35.24922985
2017,9,30,주간,일,1,1,0,0,0,경남,창원시(통합),차대사람,기타,기타,운전자법규위반,안전운전 의무 불이행,교차로,교차로내,승용차,승용차,보행자,보행자,1105513,1695047,128.65973081,35.24529354
2017,9,10,야간,월,1,1,0,0,0,경남,창원시(통합),차대사람,길가장자리구역통행중,길가장자리구역통행중,운전자법규위반,안전운전 의무 불이행,단일로,기타단일로,승용차,승용차,보행자,보행자,1086390,1679458,128.44793854,35.10657567
2017,9,27,야간,수,1,1,0,0,0,경남,창원시(통합),차대사람,횡단중,횡단중,운전자법규위반,안전운전 의무 불이행,단일로,기타단일로,승용차,승용차,보행자,보행자,1096857,1687341,128.56369828,35.17669385
2017,10,10,주간,목,1,1,0,0,0,경남,창원시(통합),차대사람,기타,기타,운전자법규위반,안전운전 의무 불이행,단일로,기타단일로,승용차,승용차,보행자,보행자,1101934,1696831,128.62062093,35.26174745
2017,10,49,야간,월,1,1,0,0,0,경남,창원시(통합),차대차,추돌,추돌,운전자법규위반,안전운전 의무 불이행,단일로,기타단일로,승용차,승용차,자전거,자전거,1097728,1692950,128.5739278,35.22717771
2017,10,25,주간,월,1,1,0,0,0,경남,창원시(통합),차대차,추돌,추돌,운전자법규위반,안전운전 의무 불이행,단일로,기타단일로,승용차,승용차,승용차,승용차,1096496,1690482,128.56010214,35.20504663
2017,10,20,야간,금,1,1,0,0,0,경남,창원시(통합),차대사람,횡단중,횡단중,운전자법규위반,안전운전 의무 불이행,단일로,기타단일로,화물차,화물차,보행자,보행자,1098923,1692099,128.58695518,35.21938833
2017,10,30,야간,월,1,1,0,0,0,경남,창원시(통합),차대사람,기타,기타,운전자법규위반,안전운전 의무 불이행,단일로,기타단일로,이륜차,이륜차,보행자,보행자,1097037,1687812,128.5657302,35.18092283
2017,10,30,야간,목,1,1,0,0,0,경남,창원시(통합),차대차,기타,기타,운전자법규위반,안전운전 의무 불이행,단일로,기타단일로,승용차,승용차,승용차,승용차,1106597,1684730,128.67030819,35.15216839
2017,10,19,주간,금,1,2,0,1,0,경남,창원시(통합),차대차,추돌,추돌,운전자법규위반,안전운전 의무 불이행,단일로,기타단일로,화물차,화물차,건설기계,건설기계,1093130,1695331,128.52367769,35.24908165
2017,10,0,야간,토,1,1,0,0,0,경남,창원시(통합),차대사람,기타,기타,운전자법규위반,안전운전 의무 불이행,교차로,교차로부근,승합차,승합차,보행자,보행자,1108917,1699266,128.69769785,35.28296385
2017,11,23,주간,목,3,10,3,4,0,경남,창원시(통합),차대차,기타,기타,운전자법규위반,안전운전 의무 불이행,단일로,기타단일로,화물차,화물차,화물차,화물차,1107682,1692893,128.7142335,35.19412626
2017,11,30,야간,목,1,2,0,1,0,경남,창원시(통합),차대차,추돌,추돌,운전자법규위반,안전운전 의무 불이행,단일로,기타단일로,화물차,화물차,화물차,화물차,1110034,1707804,128.7111258,35.35981122
2017,11,51,야간,일,1,1,0,0,0,경남,창원시(통합),차대차,추돌,추돌,운전자법규위반,안전운전 의무 불이행,단일로,기타단일로,이륜차,이륜차,승용차,승용차,1108843,1693293,128.69609284,35.22912478
2017,11,0,주간,화,1,2,1,0,0,경남,창원시(통합),차대차,추돌,추돌,운전자법규위반,안전운전 의무 불이행,단일로,기타단일로,승용차,승용차,이륜차,이륜차,1093645,1694820,128.52927949,35.24442666
2017,11,50,주간,수,1,1,0,0,0,경남,창원시(통합),차대사람,횡단중,횡단중,운전자법규위반,안전운전 의무 불이행,교차로,교차로횡단보도내,승합차,승합차,보행자,보행자,1088054,1680286,128.46628309,35.11389678
2017,11,0,주간,토,1,1,0,0,0,경남,창원시(통합),차대차,측면충돌,측면충돌,운전자법규위반,신호위반,교차로,교차로부근,화물차,화물차,이륜차,이륜차,1096860,1693547,128.56446117,35.23264423
2017,12,35,야간,월,1,1,0,0,0,경남,창원시(통합),차대사람,길가장자리구역통행중,길가장자리구역통행중,운전자법규위반,안전운전 의무 불이행,단일로,기타단일로,승용차,승용차,보행자,보행자,1107601,1698603,128.68314237,35.27712925
2017,12,45,주간,화,1,1,0,0,0,경남,창원시(통합),차대사람,차도통행중,차도통행중,운전자법규위반,안전운전 의무 불이행,단일로,기타단일로,화물차,화물차,보행자,보행자,1107410,1694752,128.68053896,35.24243249
2017,12,40,야간,목,1,1,0,0,0,경남,창원시(통합),차량단독,공작물충돌,공작물충돌,운전자법규위반,안전운전 의무 불이행,단일로,교량위,승용차,승용차,없음,없음,1118119,1681134,128.79626463,35.11846298
2017,12,20,주간,월,1,1,0,0,0,경남,창원시(통합),차대사람,횡단중,횡단중,운전자법규위반,보행자 보호의무 위반,교차로,교차로횡단보도내,이륜차,이륜차,보행자,보행자,1097231,1689084,128.56801057,35.1923719
2017,12,10,야간,화,1,1,0,0,0,경남,창원시(통합),차대차,추돌,추돌,운전자법규위반,안전운전 의무 불이행,단일로,기타단일로,화물차,화물차,특수차,특수차,1116766,1682660,128.78163534,35.13237772
2017,1,23,주간,토,1,2,0,1,0,경남,통영시,차대차,추돌,추돌,운전자법규위반,안전운전 의무 불이행,단일로,기타단일로,이륜차,이륜차,이륜차,이륜차,1077413,1660769,128.34770482,34.93879806
2017,3,0,주간,금,1,1,0,0,0,경남,통영시,차대차,정면충돌,정면충돌,운전자법규위반,안전운전 의무 불이행,교차로,교차로내,승용차,승용차,이륜차,이륜차,1084395,1648312,128.42289567,34.82592273
2017,4,45,야간,수,1,2,0,1,0,경남,통영시,차대차,정면충돌,정면충돌,운전자법규위반,중앙선 침범,단일로,기타단일로,승용차,승용차,이륜차,이륜차,1083888,1650544,128.41757532,34.84608954
2017,4,20,야간,수,1,1,0,0,0,경남,통영시,차대차,추돌,추돌,운전자법규위반,안전운전 의무 불이행,단일로,기타단일로,승용차,승용차,건설기계,건설기계,1087743,1655415,128.46024703,34.88968289
2017,5,42,야간,화,1,1,0,0,0,경남,통영시,차대사람,횡단중,횡단중,운전자법규위반,안전운전 의무 불이행,단일로,기타단일로,화물차,화물차,보행자,보행자,1081594,1663352,128.39373646,34.96175939
2017,6,40,야간,일,1,1,0,0,0,경남,통영시,차대사람,횡단중,횡단중,운전자법규위반,안전운전 의무 불이행,단일로,기타단일로,승용차,승용차,보행자,보행자,1081148,1646063,128.38717476,34.80590848
2017,7,30,주간,수,1,1,0,0,0,경남,통영시,차대사람,횡단중,횡단중,운전자법규위반,안전운전 의무 불이행,교차로,교차로횡단보도내,화물차,화물차,보행자,보행자,1084507,1650464,128.42433716,34.84531696
2017,7,30,주간,토,1,1,0,0,0,경남,통영시,차대사람,기타,기타,운전자법규위반,안전운전 의무 불이행,교차로,교차로부근,건설기계,건설기계,보행자,보행자,1081620,1656885,128.39338877,34.90344796
2017,8,58,주간,금,1,1,0,0,0,경남,통영시,차대사람,횡단중,횡단중,운전자법규위반,안전운전 의무 불이행,단일로,기타단일로,승용차,승용차,보행자,보행자,1083271,1658196,128.41158879,34.91513434
2017,9,56,주간,목,1,1,0,0,0,경남,통영시,차대차,측면충돌,측면충돌,운전자법규위반,중앙선 침범,교차로,교차로부근,승용차,승용차,사륜오토바이(ATV),사륜오토바이(ATV),1075153,1657034,128.32262302,34.90529112
2017,9,0,야간,수,1,1,0,0,0,경남,통영시,차대사람,횡단중,횡단중,운전자법규위반,보행자 보호의무 위반,단일로,기타단일로,이륜차,이륜차,보행자,보행자,1083858,1648875,128.41708029,34.83104344
2017,11,10,주간,목,1,1,0,0,0,경남,통영시,차대사람,횡단중,횡단중,운전자법규위반,안전운전 의무 불이행,단일로,기타단일로,화물차,화물차,보행자,보행자,1083885,1644841,128.41697247,34.79466841