year,month,minute,day_night,day,death,casualties,중상자수,경상자수,부상신고자수,state,state2,사고유형_대분류,사고유형_중분류,사고유형,법규위반_대분류,법규위반,도로형태_대분류,도로형태,당사자종별_1당_대분류,당사자종별_1당,당사자종별_2당_대분류,당사자종별_2당,발생위치X_UTMK,발생위치Y_UTMK,경도,위도
2017,1,10,주간,화,2,2,0,0,0,경남,하동군,차대차,정면충돌,정면충돌,운전자법규위반,중앙선 침범,단일로,기타단일로,화물차,화물차,화물차,화물차,1028214,1670188,127.80928738,35.02629704
2017,3,0,주간,월,1,2,1,0,0,경남,하동군,차대차,측면충돌,측면충돌,운전자법규위반,중앙선 침범,기타,기타,화물차,화물차,화물차,화물차,1028813,1679377,127.81617301,35.10913921
2017,4,35,야간,목,1,1,0,0,0,경남,하동군,차대차,추돌,추돌,운전자법규위반,안전운전 의무 불이행,단일로,기타단일로,승용차,승용차,원동기장치자전거,원동기장치자전거,1028748,1668435,127.81508047,35.01047469
2017,4,25,야간,토,1,1,0,0,0,경남,하동군,차대사람,횡단중,횡단중,운전자법규위반,안전운전 의무 불이행,기타,기타,화물차,화물차,보행자,보행자,1021941,1675005,127.74064951,35.0698891
2017,5,10,주간,화,1,1,0,0,0,경남,하동군,차대사람,횡단중,횡단중,운전자법규위반,안전운전 의무 불이행,기타,기타,승용차,승용차,보행자,보행자,1026376,1675506,127.78930815,35.07430046
2017,7,21,야간,금,1,1,0,0,0,경남,하동군,차량단독,전도전복,전도전복,운전자법규위반,안전운전 의무 불이행,단일로,기타단일로,화물차,화물차,없음,없음,1028400,1666796,127.81121045,34.99570517
2017,8,25,야간,수,1,1,0,0,0,경남,하동군,차량단독,공작물충돌,공작물충돌,운전자법규위반,안전운전 의무 불이행,단일로,기타단일로,화물차,화물차,없음,없음,1025528,1671284,127.77987694,35.03625146
2017,9,55,야간,수,1,1,0,0,0,경남,하동군,차대사람,길가장자리구역통행중,길가장자리구역통행중,운전자법규위반,안전운전 의무 불이행,단일로,기타단일로,승용차,승용차,보행자,보행자,1011679,1689158,127.628296,35.1976809
2017,9,10,야간,월,1,2,0,1,0,경남,하동군,차대차,추돌,추돌,운전자법규위반,과속,단일로,기타단일로,승용차,승용차,농기계,농기계,1033997,1669591,127.87265624,35.02073564
2017,9,15,야간,토,1,1,0,0,0,경남,하동군,차대사람,횡단중,횡단중,운전자법규위반,안전운전 의무 불이행,기타,기타,승용차,승용차,보행자,보행자,1034380,1673896,127.87703268,35.05954167
2017,10,10,주간,월,1,1,0,0,0,경남,하동군,차대사람,차도통행중,차도통행중,운전자법규위반,보행자 보호의무 위반,기타,기타,화물차,화물차,보행자,보행자,1024657,1672960,127.77037759,35.05138606
2017,11,20,주간,화,1,1,0,0,0,경남,하동군,차대차,기타,기타,운전자법규위반,안전운전 의무 불이행,기타,기타,승용차,승용차,자전거,자전거,1023017,1675474,127.75246403,35.0740942
2017,11,0,야간,목,1,1,0,0,0,경남,하동군,차대차,추돌,추돌,운전자법규위반,안전운전 의무 불이행,단일로,기타단일로,승용차,승용차,자전거,자전거,1036957,1670455,127.90513986,35.02842252
2017,12,58,주간,토,1,1,0,0,0,경남,하동군,차대차,정면충돌,정면충돌,운전자법규위반,중앙선 침범,단일로,기타단일로,승용차,승용차,건설기계,건설기계,1030259,1674021,127.83184448,35.06080086
2017,2,20,주간,목,1,1,0,0,0,경남,함안군,차대사람,보도통행중,보도통행중,운전자법규위반,안전운전 의무 불이행,단일로,기타단일로,건설기계,건설기계,보행자,보행자,1093124,1706214,128.52484811,35.34719847
2017,2,4,야간,화,1,1,0,0,0,경남,함안군,차대사람,횡단중,횡단중,운전자법규위반,안전운전 의무 불이행,단일로,기타단일로,승용차,승용차,보행자,보행자,1081338,1697837,128.39432424,35.27270259
2017,2,30,주간,수,3,3,0,0,0,경남,함안군,차대차,추돌,추돌,운전자법규위반,안전운전 의무 불이행,단일로,기타단일로,화물차,화물차,승용차,승용차,1091556,1699457,128.50683895,35.28642532
2017,4,30,주간,목,1,1,0,0,0,경남,함안군,차량단독,전도,전도,운전자법규위반,안전운전 의무 불이행,교차로,교차로부근,이륜차,이륜차,없음,없음,1093533,1710053,128.52978806,35.38177049
2017,4,10,야간,금,1,1,0,0,0,경남,함안군,차대사람,횡단중,횡단중,운전자법규위반,안전운전 의무 불이행,교차로,교차로부근,승용차,승용차,보행자,보행자,1079863,1704208,128.37872891,35.33026186
2017,5,20,주간,월,1,1,0,0,0,경남,함안군,차대사람,기타,기타,운전자법규위반,안전운전 의무 불이행,단일로,기타단일로,화물차,화물차,보행자,보행자,1076902,1704675,128.34619628,35.33470472
2017,6,15,야간,토,1,1,0,0,0,경남,함안군,차대사람,기타,기타,운전자법규위반,중앙선 침범,단일로,기타단일로,화물차,화물차,보행자,보행자,1084602,1706444,128.4310972,35.35003085
2017,6,20,주간,목,1,1,0,0,0,경남,함안군,차대차,측면충돌,측면충돌,운전자법규위반,직진 및 우회전차의 통행방해,교차로,교차로내,이륜차,이륜차,승용차,승용차,1083045,1706269,128.41394564,35.34858387
2017,7,10,야간,일,1,1,0,0,0,경남,함안군,차대차,측면충돌,측면충돌,운전자법규위반,중앙선 침범,단일로,기타단일로,자전거,자전거,승용차,승용차,1085252,1690776,128.43662199,35.20871575
2017,9,21,주간,토,1,1,0,0,0,경남,함안군,차대차,측면충돌,측면충돌,운전자법규위반,교차로 통행방법 위반,교차로,교차로내,화물차,화물차,이륜차,이륜차,1072504,1702090,128.29757797,35.31172718
2017,11,25,주간,목,1,1,0,0,0,경남,함안군,차대사람,횡단중,횡단중,운전자법규위반,보행자 보호의무 위반,단일로,기타단일로,승용차,승용차,보행자,보행자,1093937,1702806,128.53340285,35.31639754
2017,12,16,주간,토,1,2,0,1,0,경남,함안군,차대차,측면충돌,측면충돌,운전자법규위반,중앙선 침범,단일로,기타단일로,화물차,화물차,화물차,화물차,1096653,1706526,128.56371647,35.34967576
2017,12,18,주간,수,1,1,0,0,0,경남,함안군,차대차,정면충돌,정면충돌,운전자법규위반,중앙선 침범,단일로,기타단일로,승합차,승합차,건설기계,건설기계,1095843,1706479,128.55479784,35.34933015
2017,12,36,주간,금,1,2,0,1,0,경남,함안군,차대차,추돌,추돌,운전자법규위반,안전운전 의무 불이행,단일로,기타단일로,화물차,화물차,승용차,승용차,1092633,1699122,128.51864321,35.28330594
2017,12,6,야간,토,1,1,0,0,0,경남,함안군,차대사람,기타,기타,운전자법규위반,안전운전 의무 불이행,단일로,기타단일로,승용차,승용차,보행자,보행자,1091159,1699943,128.50252777,35.29084317
2017,4,33,주간,목,1,1,0,0,0,경남,함양군,차대차,측면충돌,측면충돌,운전자법규위반,신호위반,교차로,교차로내,자전거,자전거,승용차,승용차,1028653,1737266,127.81644817,35.63111455
2017,5,17,주간,토,1,2,0,1,0,경남,함양군,차량단독,전복,전복,운전자법규위반,안전운전 의무 불이행,단일로,기타단일로,승용차,승용차,없음,없음,1017133,1714388,127.68873668,35.42509971
2017,6,1,주간,토,1,1,0,0,0,경남,함양군,차대차,추돌,추돌,운전자법규위반,안전운전 의무 불이행,교차로,교차로부근,화물차,화물차,이륜차,이륜차,1027818,1736311,127.80719349,35.62252778
2017,7,10,야간,목,1,2,0,1,0,경남,함양군,차대차,추돌,추돌,운전자법규위반,안전운전 의무 불이행,단일로,기타단일로,화물차,화물차,화물차,화물차,1018465,1738722,127.70396449,35.64448549
2017,7,20,주간,화,1,6,3,2,0,경남,함양군,차대차,측면충돌,측면충돌,운전자법규위반,신호위반,교차로,교차로내,화물차,화물차,승용차,승용차,1025465,1727628,127.78093608,35.5443013
2017,8,45,주간,수,1,1,0,0,0,경남,함양군,차대차,측면충돌,측면충돌,운전자법규위반,신호위반,교차로,교차로내,사륜오토바이(ATV),사륜오토바이(ATV),화물차,화물차,1016809,1711891,127.68511602,35.40259034
2017,10,16,야간,토,1,2,1,0,0,경남,함양군,차대차,정면충돌,정면충돌,운전자법규위반,중앙선 침범,교차로,교차로부근,농기계,농기계,승용차,승용차,1019595,1725232,127.71611934,35.52283105
2017,1,0,야간,금,1,1,0,0,0,경남,합천군,차량단독,전도전복,전도전복,운전자법규위반,안전운전 의무 불이행,교차로,교차로부근,승용차,승용차,없음,없음,1070247,1727164,128.27491425,35.53795513
2017,2,30,주간,수,1,2,1,0,0,경남,합천군,차대차,추돌,추돌,운전자법규위반,안전운전 의무 불이행,단일로,기타단일로,화물차,화물차,화물차,화물차,1058417,1717631,128.1437363,35.45277227
2017,4,0,주간,월,1,1,0,0,0,경남,합천군,차량단독,전도전복,전도전복,운전자법규위반,안전운전 의무 불이행,단일로,기타단일로,이륜차,이륜차,없음,없음,1072325,1728376,128.29794352,35.54873276
2017,5,0,야간,화,1,1,0,0,0,경남,합천군,차대사람,차도통행중,차도통행중,운전자법규위반,안전운전 의무 불이행,단일로,기타단일로,승용차,승용차,보행자,보행자,1056829,1739054,128.12774178,35.64601579
2017,5,11,주간,수,1,3,1,0,1,경남,합천군,차대차,정면충돌,정면충돌,운전자법규위반,교차로 통행방법 위반,교차로,교차로내,승용차,승용차,승용차,승용차,1056815,1711655,128.12566691,35.39898391
2017,6,58,주간,화,1,1,0,0,0,경남,합천군,차량단독,전도전복,전도전복,운전자법규위반,안전운전 의무 불이행,단일로,기타단일로,이륜차,이륜차,없음,없음,1058185,1730264,128.14208603,35.56668644
2017,6,45,주간,일,1,1,0,0,0,경남,합천군,차량단독,전도,전도,운전자법규위반,안전운전 의무 불이행,단일로,기타단일로,화물차,화물차,없음,없음,1060268,1734888,128.16541595,35.6082516
2017,7,45,주간,월,1,1,0,0,0,경남,합천군,차량단독,전도,전도,운전자법규위반,안전운전 의무 불이행,단일로,기타단일로,이륜차,이륜차,없음,없음,1049476,1724052,128.04560484,35.51115118
2017,9,5,야간,토,1,1,0,0,0,경남,합천군,차대차,측면충돌,측면충돌,운전자법규위반,신호위반,교차로,교차로내,자전거,자전거,승용차,승용차,1060759,1730377,128.17049755,35.56755062
2017,10,13,주간,수,1,1,0,0,0,경남,합천군,차대사람,기타,기타,운전자법규위반,안전운전 의무 불이행,단일로,기타단일로,화물차,화물차,보행자,보행자,1050453,1725325,128.05645763,35.52257965
2017,11,10,주간,금,1,1,0,0,0,경남,합천군,차량단독,도로이탈,도로이탈 추락,운전자법규위반,안전운전 의무 불이행,단일로,기타단일로,이륜차,이륜차,없음,없음,1054539,1713730,128.10074286,35.41782002
2017,11,19,주간,토,1,1,0,0,0,경남,합천군,차대차,정면충돌,정면충돌,운전자법규위반,중앙선 침범,단일로,기타단일로,건설기계,건설기계,화물차,화물차,1056497,1750376,128.12487051,35.74811244
2017,1,40,주간,금,1,1,0,0,0,경북,경산시,차대사람,횡단중,횡단중,운전자법규위반,안전운전 의무 불이행,교차로,교차로부근,승용차,승용차,보행자,보행자,1110430,1758487,128.72240968,35.8166502
2017,1,40,야간,일,1,2,0,1,0,경북,경산시,차대차,측면충돌,측면충돌,운전자법규위반,중앙선 침범,교차로,교차로부근,이륜차,이륜차,이륜차,이륜차,1114342,1761255,128.76610073,35.84115281
2017,1,50,주간,일,1,1,0,0,0,경북,경산시,차량단독,공작물충돌,공작물충돌,운전자법규위반,안전운전 의무 불이행,단일로,기타단일로,승용차,승용차,없음,없음,1120624,1759111,128.83532048,35.82107442
2017,2,58,주간,월,1,2,0,1,0,경북,경산시,차대차,측면충돌,측면충돌,운전자법규위반,중앙선 침범,단일로,기타단일로,사륜오토바이(ATV),사륜오토바이(ATV),이륜차,이륜차,1124493,1753582,128.87727929,35.77075463
2017,2,30,야간,화,1,1,0,0,0,경북,경산시,차대사람,기타,기타,운전자법규위반,안전운전 의무 불이행,교차로,교차로내,승용차,승용차,보행자,보행자,1119531,1769226,128.82474056,35.91238211
2017,3,45,야간,목,1,1,0,0,0,경북,경산시,차량단독,공작물충돌,공작물충돌,운전자법규위반,안전운전 의무 불이행,교차로,교차로부근,이륜차,이륜차,없음,없음,1117717,1765177,128.80404227,35.87610549
2017,3,25,야간,화,1,1,0,0,0,경북,경산시,차대차,기타,기타,운전자법규위반,안전거리 미확보,단일로,기타단일로,자전거,자전거,화물차,화물차,1111900,1758197,128.73863791,35.81386954
2017,4,40,야간,화,1,3,2,0,0,경북,경산시,차량단독,공작물충돌,공작물충돌,운전자법규위반,안전운전 의무 불이행,단일로,기타단일로,승용차,승용차,없음,없음,1111378,1761152,128.73327311,35.84056563
2017,4,20,주간,월,1,1,0,0,0,경북,경산시,차대차,측면충돌,측면충돌,운전자법규위반,안전운전 의무 불이행,교차로,교차로횡단보도내,화물차,화물차,자전거,자전거,1113583,1758799,128.75734886,35.81910261
2017,5,50,야간,월,1,1,0,0,0,경북,경산시,차대사람,횡단중,횡단중,운전자법규위반,안전운전 의무 불이행,단일로,기타단일로,승용차,승용차,보행자,보행자,1116008,1757949,128.78406392,35.81115698
2017,5,20,야간,일,1,1,0,0,0,경북,경산시,차대차,기타,기타,운전자법규위반,안전운전 의무 불이행,단일로,기타단일로,이륜차,이륜차,화물차,화물차,1114444,1762616,128.76741303,35.85341354
2017,5,35,주간,수,1,4,1,0,2,경북,경산시,차대차,정면충돌,정면충돌,운전자법규위반,중앙선 침범,단일로,기타단일로,승용차,승용차,승용차,승용차,1110794,1762410,128.72698257,35.85197156
2017,6,55,야간,목,1,1,0,0,0,경북,경산시,차량단독,전도전복,전도전복,운전자법규위반,안전운전 의무 불이행,단일로,기타단일로,이륜차,이륜차,없음,없음,1115573,1762640,128.77992909,35.85349271
2017,6,55,주간,토,1,1,0,0,0,경북,경산시,차량단독,전도,전도,운전자법규위반,안전운전 의무 불이행,단일로,기타단일로,이륜차,이륜차,없음,없음,1124572,1753344,128.87811603,35.76859937
2017,6,10,주간,월,1,1,0,0,0,경북,경산시,차량단독,도로이탈,도로이탈 추락,운전자법규위반,안전운전 의무 불이행,단일로,기타단일로,원동기장치자전거,원동기장치자전거,없음,없음,1111916,1751495,128.73787784,35.75345483
2017,6,30,야간,화,1,1,0,0,0,경북,경산시,차대사람,차도통행중,차도통행중,운전자법규위반,안전운전 의무 불이행,단일로,기타단일로,승용차,승용차,보행자,보행자,1119418,1769011,128.82345622,35.91045798
2017,6,33,야간,수,1,1,0,0,0,경북,경산시,차대사람,길가장자리구역통행중,길가장자리구역통행중,운전자법규위반,안전운전 의무 불이행,단일로,교량위,승용차,승용차,보행자,보행자,1119597,1769461,128.82550719,35.91449224
2017,7,20,야간,화,1,1,0,0,0,경북,경산시,차대차,기타,기타,운전자법규위반,안전운전 의무 불이행,단일로,기타단일로,승용차,승용차,농기계,농기계,1111306,1760429,128.73237522,35.83405662
2017,7,10,주간,화,1,2,0,1,0,경북,경산시,차대차,정면충돌,정면충돌,운전자법규위반,안전운전 의무 불이행,교차로,교차로내,이륜차,이륜차,승용차,승용차,1118511,1760591,128.81215452,35.83467245
2017,7,55,야간,월,1,1,0,0,0,경북,경산시,차대차,기타,기타,운전자법규위반,교차로 통행방법 위반,교차로,교차로내,승용차,승용차,자전거,자전거,1115249,1765036,128.77668809,35.8751282
2017,8,25,주간,일,1,1,0,0,0,경북,경산시,차량단독,공작물충돌,공작물충돌,운전자법규위반,안전운전 의무 불이행,단일로,기타단일로,이륜차,이륜차,없음,없음,1122993,1766246,128.86263914,35.88509236
2017,8,50,주간,수,1,1,0,0,0,경북,경산시,차대차,기타,기타,운전자법규위반,안전운전 의무 불이행,기타,기타,이륜차,이륜차,화물차,화물차,1112512,1760259,128.74570122,35.83238658
2017,8,45,야간,일,1,1,0,0,0,경북,경산시,차대차,정면충돌,정면충돌,운전자법규위반,안전운전 의무 불이행,교차로,교차로내,승용차,승용차,원동기장치자전거,원동기장치자전거,1119391,1764941,128.8225467,35.87377553
2017,8,0,주간,월,1,2,1,0,0,경북,경산시,차대차,측면충돌,측면충돌,운전자법규위반,교차로 통행방법 위반,교차로,교차로내,승합차,승합차,이륜차,이륜차,1110931,1759045,128.72803185,35.82162357
2017,9,55,야간,금,1,1,0,0,0,경북,경산시,차대사람,횡단중,횡단중,운전자법규위반,보행자 보호의무 위반,단일로,기타단일로,승용차,승용차,보행자,보행자,1115942,1757940,128.78333224,35.81108366
2017,9,14,야간,수,1,1,0,0,0,경북,경산시,차대차,측면충돌,측면충돌,운전자법규위반,안전운전 의무 불이행,교차로,교차로내,승용차,승용차,화물차,화물차,1112474,1759267,128.74514088,35.82344898
2017,9,26,야간,금,1,2,0,1,0,경북,경산시,차대사람,길가장자리구역통행중,길가장자리구역통행중,운전자법규위반,안전운전 의무 불이행,단일로,기타단일로,이륜차,이륜차,보행자,보행자,1111465,1759985,128.73407331,35.8300363
2017,10,30,야간,화,1,1,0,0,0,경북,경산시,차대사람,기타,기타,운전자법규위반,안전운전 의무 불이행,교차로,교차로부근,승용차,승용차,보행자,보행자,1114046,1758419,128.76241886,35.81562357
2017,10,0,야간,화,2,6,3,1,0,경북,경산시,차대차,측면충돌,측면충돌,운전자법규위반,신호위반,교차로,교차로내,승용차,승용차,특수차,특수차,1118897,1768959,128.81767581,35.91005276
2017,10,30,야간,금,1,1,0,0,0,경북,경산시,차대사람,기타,기타,운전자법규위반,안전운전 의무 불이행,단일로,기타단일로,승용차,승용차,보행자,보행자,1113060,1758668,128.75154203,35.81798219
2017,10,30,주간,화,1,1,0,0,0,경북,경산시,차대차,측면충돌,측면충돌,운전자법규위반,안전운전 의무 불이행,교차로,교차로내,화물차,화물차,이륜차,이륜차,1120602,1753497,128.83423058,35.77047367
2017,10,40,주간,수,1,1,0,0,0,경북,경산시,차대차,측면충돌,측면충돌,운전자법규위반,안전운전 의무 불이행,단일로,기타단일로,승용차,승용차,자전거,자전거,1111649,1756946,128.73568541,35.80262146
2017,11,45,주간,일,1,1,0,0,0,경북,경산시,차량단독,공작물충돌,공작물충돌,운전자법규위반,안전운전 의무 불이행,단일로,기타단일로,이륜차,이륜차,없음,없음,1118567,1758600,128.81247885,35.81671914
2017,11,4,주간,목,1,1,0,0,0,경북,경산시,차량단독,전도전복,전도전복,운전자법규위반,안전운전 의무 불이행,교차로,교차로부근,건설기계,건설기계,없음,없음,1124622,1753249,128.87865425,35.76773673
2017,11,15,야간,수,1,1,0,0,0,경북,경산시,차량단독,공작물충돌,공작물충돌,운전자법규위반,안전운전 의무 불이행,단일로,기타단일로,승용차,승용차,없음,없음,1110866,1752462,128.7264002,35.76229054
2017,11,18,야간,목,1,1,0,0,0,경북,경산시,차대사람,기타,기타,운전자법규위반,안전운전 의무 불이행,단일로,기타단일로,화물차,화물차,보행자,보행자,1111495,1760516,128.73447953,35.83481937
2017,12,48,주간,금,1,1,0,0,0,경북,경산시,차대사람,횡단중,횡단중,운전자법규위반,신호위반,교차로,교차로횡단보도내,승용차,승용차,보행자,보행자,1120330,1772251,128.83405156,35.93955025
2017,12,10,주간,일,1,1,0,0,0,경북,경산시,차대차,기타,기타,운전자법규위반,교차로 통행방법 위반,교차로,교차로부근,이륜차,이륜차,승합차,승합차,1111054,1758873,128.72965401,35.82021769
2017,1,30,야간,목,1,1,0,0,0,경북,경주시,차대사람,횡단중,횡단중,운전자법규위반,안전운전 의무 불이행,단일로,기타단일로,승용차,승용차,보행자,보행자,1164250,1756099,129.31745724,35.78759752
2017,1,5,주간,일,1,1,0,0,0,경북,경주시,차대사람,횡단중,횡단중,운전자법규위반,신호위반,단일로,기타단일로,승용차,승용차,보행자,보행자,1157983,1759182,129.24875026,35.81640962
2017,1,45,야간,화,1,3,1,1,0,경북,경주시,차대차,측면충돌,측면충돌,운전자법규위반,안전운전 의무 불이행,단일로,기타단일로,승용차,승용차,승합차,승합차,1152940,1758535,129.19282654,35.81137772
2017,2,30,주간,화,1,2,1,0,0,경북,경주시,차대사람,횡단중,횡단중,운전자법규위반,안전운전 의무 불이행,단일로,기타단일로,화물차,화물차,보행자,보행자,1154468,1765152,129.21101312,35.87077183
2017,3,55,주간,일,1,1,0,0,0,경북,경주시,차대사람,보도통행중,보도통행중,운전자법규위반,기타(운전자법규위반),단일로,기타단일로,승용차,승용차,보행자,보행자,1155791,1765370,129.22573076,35.87251567
2017,3,32,야간,금,1,1,0,0,0,경북,경주시,차대사람,차도통행중,차도통행중,운전자법규위반,안전운전 의무 불이행,단일로,기타단일로,화물차,화물차,보행자,보행자,1163051,1754320,129.30383369,35.77176531
2017,4,35,주간,일,1,1,0,0,0,경북,경주시,차량단독,전도,전도,운전자법규위반,안전운전 의무 불이행,단일로,기타단일로,승용차,승용차,없음,없음,1155106,1767312,129.21849784,35.89013703
2017,4,55,주간,화,1,1,0,0,0,경북,경주시,차대사람,횡단중,횡단중,운전자법규위반,신호위반,교차로,교차로횡단보도내,화물차,화물차,보행자,보행자,1159036,1758105,129.26018697,35.80653363
2017,4,13,주간,금,1,5,0,4,0,경북,경주시,차대차,추돌,추돌,운전자법규위반,안전운전 의무 불이행,교차로,교차로내,화물차,화물차,승용차,승용차,1179086,1751253,129.48045296,35.74133797
2017,4,15,야간,토,1,1,0,0,0,경북,경주시,차대사람,기타,기타,운전자법규위반,안전운전 의무 불이행,단일로,기타단일로,화물차,화물차,보행자,보행자,1154033,1763232,129.20582573,35.85353704
2017,4,10,주간,일,1,3,0,2,0,경북,경주시,차대차,측면충돌,측면충돌,운전자법규위반,중앙선 침범,단일로,기타단일로,이륜차,이륜차,승용차,승용차,1163869,1760556,129.3141568,35.82782632
2017,4,41,주간,일,1,1,0,0,0,경북,경주시,차대사람,횡단중,횡단중,운전자법규위반,보행자 보호의무 위반,단일로,기타단일로,승용차,승용차,보행자,보행자,1156293,1760198,129.2302497,35.82583657
2017,5,20,주간,수,1,1,0,0,0,경북,경주시,차대사람,길가장자리구역통행중,길가장자리구역통행중,운전자법규위반,안전운전 의무 불이행,단일로,기타단일로,승용차,승용차,보행자,보행자,1140752,1744715,129.05554322,35.68864218
2017,5,5,주간,금,1,4,0,3,0,경북,경주시,차대차,추돌,추돌,운전자법규위반,안전운전 의무 불이행,단일로,기타단일로,승합차,승합차,승용차,승용차,1156860,1761146,129.23671032,35.83428947
2017,5,55,야간,월,1,1,0,0,0,경북,경주시,차대차,측면충돌,측면충돌,운전자법규위반,신호위반,교차로,교차로내,자전거,자전거,승용차,승용차,1154163,1761979,129.20702274,35.84222436
2017,5,35,주간,금,1,1,0,0,0,경북,경주시,차량단독,전도전복,전도전복,운전자법규위반,안전운전 의무 불이행,단일로,기타단일로,승용차,승용차,없음,없음,1164094,1746026,129.31367111,35.69684777
2017,5,37,주간,금,1,1,0,0,0,경북,경주시,차대차,측면충돌,측면충돌,운전자법규위반,안전운전 의무 불이행,교차로,교차로내,화물차,화물차,이륜차,이륜차,1157285,1767301,129.24262795,35.88969009
2017,5,55,주간,수,1,2,0,1,0,경북,경주시,차대차,측면충돌,측면충돌,운전자법규위반,중앙선 침범,교차로,교차로부근,이륜차,이륜차,특수차,특수차,1175337,1756739,129.44021614,35.79144816
2017,5,40,주간,수,1,2,0,1,0,경북,경주시,차량단독,전도,전도,운전자법규위반,안전운전 의무 불이행,단일로,기타단일로,승용차,승용차,없음,없음,1143092,1762071,129.08449547,35.84473221
2017,5,30,주간,목,1,1,0,0,0,경북,경주시,차대차,측면충돌,측면충돌,운전자법규위반,신호위반,단일로,기타단일로,자전거,자전거,자전거,자전거,1154948,1764713,129.21624252,35.86673969
2017,5,25,주간,토,1,1,0,0,0,경북,경주시,차량단독,전도전복,전도전복,운전자법규위반,안전운전 의무 불이행,단일로,기타단일로,승용차,승용차,없음,없음,1163603,1761059,129.31131634,35.83240361
2017,5,30,주간,일,1,1,0,0,0,경북,경주시,차대사람,길가장자리구역통행중,길가장자리구역통행중,운전자법규위반,안전운전 의무 불이행,단일로,기타단일로,화물차,화물차,보행자,보행자,1171960,1759019,129.40335637,35.81259091
2017,6,15,주간,토,1,1,0,0,0,경북,경주시,차대사람,횡단중,횡단중,운전자법규위반,안전운전 의무 불이행,단일로,기타단일로,화물차,화물차,보행자,보행자,1160960,1780958,129.28609624,36.01216437
2017,7,35,주간,화,1,1,0,0,0,경북,경주시,차대사람,횡단중,횡단중,운전자법규위반,안전운전 의무 불이행,단일로,기타단일로,화물차,화물차,보행자,보행자,1153623,1764802,129.20158948,35.86775051
2017,7,15,주간,수,2,4,0,2,0,경북,경주시,차대차,측면충돌,측면충돌,운전자법규위반,안전운전 의무 불이행,단일로,기타단일로,승합차,승합차,화물차,화물차,1155503,1778406,129.22506652,35.9900525
2017,8,55,주간,일,1,1,0,0,0,경북,경주시,차량단독,공작물충돌,공작물충돌,운전자법규위반,안전운전 의무 불이행,단일로,기타단일로,이륜차,이륜차,없음,없음,1150585,1768296,129.16861288,35.89971128
2017,8,50,야간,금,1,1,0,0,0,경북,경주시,차량단독,전도전복,전도전복,운전자법규위반,안전운전 의무 불이행,단일로,기타단일로,농기계,농기계,없음,없음,1162434,1742661,129.29465242,35.66679745
2017,9,0,야간,월,1,2,1,0,0,경북,경주시,차대사람,횡단중,횡단중,운전자법규위반,중앙선 침범,단일로,기타단일로,승용차,승용차,보행자,보행자,1146223,1761077,129.11897148,35.83531161
2017,9,20,주간,목,1,1,0,0,0,경북,경주시,차량단독,전도전복,전도전복,운전자법규위반,안전운전 의무 불이행,단일로,기타단일로,화물차,화물차,없음,없음,1173924,1743118,129.42163663,35.66895708
2017,9,48,주간,일,1,1,0,0,0,경북,경주시,차량단독,공작물충돌,공작물충돌,운전자법규위반,안전운전 의무 불이행,단일로,기타단일로,이륜차,이륜차,없음,없음,1157465,1775312,129.24620841,35.96185515
2017,9,45,야간,목,1,1,0,0,0,경북,경주시,차대사람,길가장자리구역통행중,길가장자리구역통행중,운전자법규위반,안전운전 의무 불이행,단일로,기타단일로,화물차,화물차,보행자,보행자,1166232,1743055,129.3366769,35.66971548
2017,10,51,야간,월,1,1,0,0,0,경북,경주시,차량단독,공작물충돌,공작물충돌,운전자법규위반,안전운전 의무 불이행,단일로,터널안,승용차,승용차,없음,없음,1180464,1758426,129.4972998,35.80572063
2017,10,5,야간,월,1,2,0,1,0,경북,경주시,차대사람,차도통행중,차도통행중,운전자법규위반,안전운전 의무 불이행,교차로,교차로내,승용차,승용차,보행자,보행자,1166127,1743380,129.33558438,35.672662
2017,10,26,야간,금,1,1,0,0,0,경북,경주시,차대차,측면충돌,측면충돌,운전자법규위반,안전운전 의무 불이행,교차로,교차로부근,화물차,화물차,자전거,자전거,1154165,1760950,129.20684617,35.83295051
2017,11,5,야간,일,1,1,0,0,0,경북,경주시,차대사람,차도통행중,차도통행중,운전자법규위반,안전운전 의무 불이행,단일로,기타단일로,화물차,화물차,보행자,보행자,1142094,1759206,129.07293829,35.81905576
2017,11,0,야간,화,1,1,0,0,0,경북,경주시,차대사람,길가장자리구역통행중,길가장자리구역통행중,운전자법규위반,안전운전 의무 불이행,단일로,기타단일로,화물차,화물차,보행자,보행자,1146218,1761077,129.11891614,35.83531236
2017,11,50,주간,금,1,1,0,0,0,경북,경주시,차량단독,공작물충돌,공작물충돌,운전자법규위반,안전운전 의무 불이행,단일로,기타단일로,농기계,농기계,없음,없음,1174321,1760683,129.42983914,35.82716882
2017,11,12,주간,금,1,1,0,0,0,경북,경주시,차대사람,횡단중,횡단중,운전자법규위반,안전운전 의무 불이행,단일로,기타단일로,승합차,승합차,보행자,보행자,1175357,1756994,129.44049322,35.79374242
2017,11,39,주간,일,1,1,0,0,0,경북,경주시,차대사람,횡단중,횡단중,운전자법규위반,안전운전 의무 불이행,단일로,기타단일로,승용차,승용차,보행자,보행자,1149088,1759312,129.15035143,35.81897318
2017,12,50,주간,목,1,1,0,0,0,경북,경주시,차대사람,횡단중,횡단중,운전자법규위반,안전운전 의무 불이행,단일로,기타단일로,승용차,승용차,보행자,보행자,1155289,1761945,129.21947913,35.84174021