year,month,minute,day_night,day,death,casualties,중상자수,경상자수,부상신고자수,state,state2,사고유형_대분류,사고유형_중분류,사고유형,법규위반_대분류,법규위반,도로형태_대분류,도로형태,당사자종별_1당_대분류,당사자종별_1당,당사자종별_2당_대분류,당사자종별_2당,발생위치X_UTMK,발생위치Y_UTMK,경도,위도
2017,12,5,야간,토,1,2,1,0,0,경북,경주시,차대사람,차도통행중,차도통행중,운전자법규위반,안전운전 의무 불이행,단일로,교량위,승용차,승용차,보행자,보행자,1162897,1748029,129.30085304,35.71509723
2017,12,40,주간,월,1,1,0,0,0,경북,경주시,차대차,추돌,추돌,운전자법규위반,안전운전 의무 불이행,단일로,기타단일로,화물차,화물차,화물차,화물차,1144179,1764177,129.0969086,35.86355356
2017,3,0,주간,목,1,1,0,0,0,경북,고령군,차대차,측면충돌,측면충돌,운전자법규위반,직진 및 우회전차의 통행방해,교차로,교차로내,원동기장치자전거,원동기장치자전거,화물차,화물차,1086425,1759329,128.45681423,35.82664927
2017,7,22,야간,화,1,1,0,0,0,경북,고령군,차대사람,차도통행중,차도통행중,운전자법규위반,안전운전 의무 불이행,교차로,교차로내,화물차,화물차,보행자,보행자,1067994,1745785,128.25163218,35.70599427
2017,8,42,주간,화,1,1,0,0,0,경북,고령군,차량단독,도로이탈,도로이탈 추락,운전자법규위반,안전운전 의무 불이행,단일로,기타단일로,건설기계,건설기계,없음,없음,1074789,1749573,128.32709299,35.73965219
2017,9,57,주간,화,1,2,1,0,0,경북,고령군,차대차,정면충돌,정면충돌,운전자법규위반,중앙선 침범,단일로,기타단일로,승용차,승용차,승용차,승용차,1068034,1746010,128.25209337,35.70802002
2017,12,40,주간,월,1,1,0,0,0,경북,고령군,차대차,측면충돌,측면충돌,운전자법규위반,안전운전 의무 불이행,단일로,기타단일로,이륜차,이륜차,승용차,승용차,1083674,1746323,128.42500271,35.7096373
2017,1,30,주간,토,2,2,0,0,0,경북,구미시,차대사람,횡단중,횡단중,운전자법규위반,안전운전 의무 불이행,단일로,기타단일로,승용차,승용차,보행자,보행자,1075185,1793441,128.33562441,36.13509561
2017,1,35,야간,금,1,1,0,0,0,경북,구미시,차량단독,전도전복,전도전복,운전자법규위반,안전운전 의무 불이행,단일로,기타단일로,승용차,승용차,없음,없음,1076104,1792833,128.34577859,36.12954294
2017,1,25,주간,목,1,3,1,1,0,경북,구미시,차대차,추돌,추돌,운전자법규위반,안전운전 의무 불이행,단일로,기타단일로,화물차,화물차,승용차,승용차,1068449,1801725,128.26157705,36.21057886
2017,2,5,주간,월,1,1,0,0,0,경북,구미시,차대차,후진중충돌,후진중충돌,운전자법규위반,안전운전 의무 불이행,단일로,기타단일로,건설기계,건설기계,자전거,자전거,1076198,1793303,128.34686867,36.1337725
2017,3,10,주간,수,1,1,0,0,0,경북,구미시,차대사람,횡단중,횡단중,운전자법규위반,안전운전 의무 불이행,교차로,교차로부근,승합차,승합차,보행자,보행자,1076672,1792175,128.3520263,36.1235665
2017,3,20,주간,월,1,5,4,0,0,경북,구미시,차량단독,공작물충돌,공작물충돌,운전자법규위반,안전운전 의무 불이행,단일로,기타단일로,화물차,화물차,없음,없음,1087429,1789207,128.47122069,36.09590172
2017,4,30,야간,토,1,1,0,0,0,경북,구미시,차량단독,전도전복,전도전복,운전자법규위반,안전운전 의무 불이행,단일로,기타단일로,원동기장치자전거,원동기장치자전거,없음,없음,1073878,1793325,128.32108856,36.13415035
2017,4,5,야간,토,1,1,0,0,0,경북,구미시,차대사람,횡단중,횡단중,운전자법규위반,안전운전 의무 불이행,단일로,기타단일로,승용차,승용차,보행자,보행자,1082549,1793806,128.41749898,36.13778701
2017,5,45,야간,금,1,2,1,0,0,경북,구미시,차량단독,전복,전복,운전자법규위반,안전운전 의무 불이행,교차로,교차로부근,승용차,승용차,없음,없음,1077843,1790797,128.36490159,36.11105094
2017,5,29,주간,일,1,1,0,0,0,경북,구미시,차량단독,전도전복,전도전복,운전자법규위반,안전운전 의무 불이행,교차로,교차로부근,이륜차,이륜차,없음,없음,1072164,1801169,128.30276152,36.20499152
2017,5,35,야간,금,1,1,0,0,0,경북,구미시,차대차,정면충돌,정면충돌,운전자법규위반,안전운전 의무 불이행,단일로,기타단일로,이륜차,이륜차,승용차,승용차,1075091,1810985,128.33626114,36.29325609
2017,5,8,야간,토,1,1,0,0,0,경북,구미시,차대사람,횡단중,횡단중,운전자법규위반,보행자 보호의무 위반,교차로,교차로내,승용차,승용차,보행자,보행자,1084118,1796042,128.43517498,36.15780862
2017,6,43,주간,목,1,1,0,0,0,경북,구미시,차량단독,전도,전도,운전자법규위반,안전운전 의무 불이행,단일로,기타단일로,자전거,자전거,없음,없음,1077297,1790903,128.35884609,36.11205014
2017,6,10,주간,일,1,1,0,0,0,경북,구미시,차량단독,전도,전도,운전자법규위반,안전운전 의무 불이행,교차로,교차로내,승용차,승용차,없음,없음,1077607,1792329,128.36243072,36.12488042
2017,6,35,주간,화,1,1,0,0,0,경북,구미시,차대차,추돌,추돌,운전자법규위반,안전운전 의무 불이행,단일로,기타단일로,화물차,화물차,화물차,화물차,1080246,1788356,128.3913495,36.08885035
2017,6,40,야간,화,1,1,0,0,0,경북,구미시,차대차,측면충돌,측면충돌,운전자법규위반,중앙선 침범,단일로,기타단일로,이륜차,이륜차,승용차,승용차,1075645,1792774,128.34067234,36.12904698
2017,6,50,주간,월,1,1,0,0,0,경북,구미시,차대차,측면충돌,측면충돌,운전자법규위반,과속,단일로,기타단일로,승합차,승합차,자전거,자전거,1076283,1806019,128.34904987,36.2483963
2017,6,20,야간,목,1,1,0,0,0,경북,구미시,차대차,측면충돌,측면충돌,운전자법규위반,신호위반,교차로,교차로부근,이륜차,이륜차,승용차,승용차,1076365,1794864,128.34887613,36.14783137
2017,7,20,야간,목,1,1,0,0,0,경북,구미시,차량단독,전도전복,전도전복,운전자법규위반,안전운전 의무 불이행,단일로,기타단일로,이륜차,이륜차,없음,없음,1076529,1804458,128.35163497,36.23430507
2017,8,10,주간,목,1,1,0,0,0,경북,구미시,차량단독,전도전복,전도전복,운전자법규위반,안전운전 의무 불이행,단일로,기타단일로,승용차,승용차,없음,없음,1082555,1791155,128.41728756,36.1138888
2017,8,0,주간,토,1,1,0,0,0,경북,구미시,차대차,기타,기타,운전자법규위반,안전운전 의무 불이행,단일로,기타단일로,이륜차,이륜차,승용차,승용차,1082069,1794881,128.41227679,36.14751843
2017,9,25,주간,일,1,1,0,0,0,경북,구미시,차대차,측면충돌,측면충돌,운전자법규위반,직진 및 우회전차의 통행방해,교차로,교차로내,승용차,승용차,이륜차,이륜차,1072015,1804241,128.30138659,36.23269588
2017,9,1,야간,금,1,1,0,0,0,경북,구미시,차대사람,횡단중,횡단중,운전자법규위반,안전운전 의무 불이행,교차로,교차로내,승용차,승용차,보행자,보행자,1074599,1801668,128.32989375,36.20930511
2017,9,30,주간,수,1,1,0,0,0,경북,구미시,차대차,정면충돌,정면충돌,운전자법규위반,중앙선 침범,단일로,기타단일로,화물차,화물차,승용차,승용차,1077067,1799512,128.35713495,36.18967604
2017,9,30,주간,목,1,2,1,0,0,경북,구미시,차대차,기타,기타,운전자법규위반,중앙선 침범,단일로,기타단일로,승용차,승용차,승용차,승용차,1070101,1803510,128.28002385,36.22624684
2017,10,24,야간,화,1,3,1,1,0,경북,구미시,차대차,추돌,추돌,운전자법규위반,안전운전 의무 불이행,단일로,기타단일로,화물차,화물차,농기계,농기계,1066533,1809567,128.24084061,36.28110174
2017,10,23,주간,토,1,1,0,0,0,경북,구미시,차대사람,차도통행중,차도통행중,운전자법규위반,보행자 보호의무 위반,단일로,기타단일로,화물차,화물차,보행자,보행자,1074857,1792579,128.33189727,36.12735023
2017,10,15,주간,토,1,1,0,0,0,경북,구미시,차량단독,전도전복,전도전복,운전자법규위반,안전운전 의무 불이행,단일로,기타단일로,농기계,농기계,없음,없음,1078126,1801930,128.36915281,36.21138843
2017,10,28,야간,토,1,1,0,0,0,경북,구미시,차대차,추돌,추돌,운전자법규위반,안전운전 의무 불이행,단일로,기타단일로,이륜차,이륜차,화물차,화물차,1075882,1790627,128.34309899,36.10967372
2017,10,55,야간,일,1,3,2,0,0,경북,구미시,차량단독,전도전복,전도전복,운전자법규위반,안전운전 의무 불이행,단일로,기타단일로,승용차,승용차,없음,없음,1074632,1793294,128.32946487,36.13381315
2017,11,0,야간,토,1,1,0,0,0,경북,구미시,차대차,기타,기타,운전자법규위반,안전운전 의무 불이행,단일로,기타단일로,화물차,화물차,화물차,화물차,1072618,1815059,128.30910216,36.3301709
2017,11,15,야간,일,1,2,1,0,0,경북,구미시,차량단독,공작물충돌,공작물충돌,운전자법규위반,안전운전 의무 불이행,기타,기타,승용차,승용차,없음,없음,1076673,1787028,128.35153656,36.07716728
2017,11,43,야간,수,1,1,0,0,0,경북,구미시,차대차,측면충돌,측면충돌,운전자법규위반,신호위반,교차로,교차로부근,자전거,자전거,승용차,승용차,1084679,1788866,128.44063895,36.09307144
2017,11,26,주간,금,1,1,0,0,0,경북,구미시,차대사람,기타,기타,운전자법규위반,보행자 보호의무 위반,교차로,교차로부근,승합차,승합차,보행자,보행자,1077035,1788412,128.35569176,36.08961515
2017,12,36,야간,수,1,1,0,0,0,경북,구미시,차량단독,공작물충돌,공작물충돌,운전자법규위반,안전운전 의무 불이행,단일로,기타단일로,이륜차,이륜차,없음,없음,1082360,1791400,128.41514675,36.11611396
2017,3,45,주간,목,1,4,0,2,1,경북,군위군,차량단독,공작물충돌,공작물충돌,운전자법규위반,안전운전 의무 불이행,단일로,기타단일로,승용차,승용차,없음,없음,1095395,1801465,128.56118707,36.20564755
2017,3,3,야간,화,1,2,0,1,0,경북,군위군,차대차,정면충돌,정면충돌,운전자법규위반,중앙선 침범,단일로,기타단일로,화물차,화물차,화물차,화물차,1085078,1807427,128.44708229,36.26035369
2017,5,25,야간,일,1,2,1,0,0,경북,군위군,차대차,정면충돌,정면충돌,운전자법규위반,신호위반,교차로,교차로내,승용차,승용차,승합차,승합차,1096784,1791647,128.57455355,36.11279774
2017,6,0,주간,일,1,1,0,0,0,경북,군위군,차대사람,횡단중,횡단중,운전자법규위반,안전운전 의무 불이행,단일로,기타단일로,승용차,승용차,보행자,보행자,1098102,1804374,128.59165954,36.23159843
2017,6,15,야간,화,1,1,0,0,0,경북,군위군,차대사람,횡단중,횡단중,운전자법규위반,중앙선 침범,단일로,기타단일로,화물차,화물차,보행자,보행자,1101588,1799252,128.6297805,36.18506919
2017,6,37,주간,수,1,3,2,0,0,경북,군위군,차대차,정면충돌,정면충돌,운전자법규위반,중앙선 침범,단일로,기타단일로,화물차,화물차,화물차,화물차,954112,1950024,128.59260289,36.14816356
2017,7,55,주간,일,1,1,0,0,0,경북,군위군,차량단독,공작물충돌,공작물충돌,운전자법규위반,안전운전 의무 불이행,단일로,기타단일로,승용차,승용차,없음,없음,1084842,1807575,128.44447154,36.26170858
2017,7,9,야간,금,1,2,0,1,0,경북,군위군,차량단독,공작물충돌,공작물충돌,운전자법규위반,안전운전 의무 불이행,단일로,기타단일로,화물차,화물차,없음,없음,1095890,1806849,128.56735205,36.25413014
2017,8,50,주간,금,1,1,0,0,0,경북,군위군,차량단독,공작물충돌,공작물충돌,운전자법규위반,안전운전 의무 불이행,단일로,기타단일로,건설기계,건설기계,없음,없음,1094218,1795865,128.54742369,36.15528362
2017,8,1,야간,월,1,1,0,0,0,경북,군위군,차대차,측면충돌,측면충돌,운전자법규위반,안전운전 의무 불이행,기타,기타,이륜차,이륜차,화물차,화물차,1104993,1789607,128.66635348,36.09776721
2017,11,15,야간,월,1,2,0,1,0,경북,군위군,차대차,추돌,추돌,운전자법규위반,안전운전 의무 불이행,단일로,기타단일로,승용차,승용차,농기계,농기계,1096142,1799648,128.56927274,36.18919502
2017,12,58,주간,수,1,2,0,1,0,경북,군위군,차대차,추돌,추돌,운전자법규위반,안전운전 의무 불이행,단일로,터널안,승용차,승용차,건설기계,건설기계,1090412,1801876,128.50581081,36.20983103
2017,1,49,야간,일,1,1,0,0,0,경북,김천시,차대사람,기타,기타,운전자법규위반,안전운전 의무 불이행,단일로,기타단일로,특수차,특수차,보행자,보행자,1068427,1799053,128.26100943,36.18618769
2017,1,23,주간,목,1,1,0,0,0,경북,김천시,차대차,추돌,추돌,운전자법규위반,안전운전 의무 불이행,단일로,기타단일로,승용차,승용차,화물차,화물차,1068372,1786905,128.25934205,36.07667796
2017,1,45,야간,월,1,2,1,0,0,경북,김천시,차대차,추돌,추돌,운전자법규위반,안전운전 의무 불이행,단일로,기타단일로,화물차,화물차,화물차,화물차,1060865,1793438,128.17647937,36.13607316
2017,2,55,주간,토,1,2,0,1,0,경북,김천시,차량단독,전도,전도,운전자법규위반,안전운전 의무 불이행,단일로,기타단일로,승용차,승용차,없음,없음,1056766,1783100,128.13017952,36.04312202
2017,4,3,야간,목,1,1,0,0,0,경북,김천시,차대차,측면충돌,측면충돌,운전자법규위반,신호위반,교차로,교차로내,화물차,화물차,이륜차,이륜차,1053526,1792469,128.09484892,36.12777028
2017,4,45,주간,수,1,1,0,0,0,경북,김천시,차대차,추돌,추돌,운전자법규위반,안전운전 의무 불이행,단일로,기타단일로,화물차,화물차,농기계,농기계,1064163,1795803,128.21332528,36.15718106
2017,5,30,주간,일,1,2,0,0,1,경북,김천시,차대차,정면충돌,정면충돌,운전자법규위반,중앙선 침범,단일로,기타단일로,화물차,화물차,이륜차,이륜차,1036505,1771071,127.90470713,35.93564296
2017,6,40,주간,수,1,2,0,1,0,경북,김천시,차대차,측면충돌,측면충돌,운전자법규위반,중앙선 침범,단일로,기타단일로,승용차,승용차,화물차,화물차,1064578,1792667,128.21768111,36.12888239
2017,6,40,주간,금,1,1,0,0,0,경북,김천시,차량단독,전도전복,전도전복,운전자법규위반,안전운전 의무 불이행,단일로,기타단일로,농기계,농기계,없음,없음,1045312,1793750,128.00364177,36.13973752
2017,6,15,주간,화,1,3,0,2,0,경북,김천시,차대차,측면충돌,측면충돌,운전자법규위반,교차로 통행방법 위반,교차로,교차로내,이륜차,이륜차,승합차,승합차,1061533,1802309,128.1845987,36.21600336
2017,7,24,야간,목,1,1,0,0,0,경북,김천시,차대사람,횡단중,횡단중,운전자법규위반,안전운전 의무 불이행,단일로,기타단일로,승용차,승용차,보행자,보행자,1069016,1795788,128.26727246,36.15671231
2017,8,40,주간,일,1,1,0,0,0,경북,김천시,차대차,측면충돌,측면충돌,운전자법규위반,안전운전 의무 불이행,단일로,기타단일로,승용차,승용차,이륜차,이륜차,1046867,1767125,128.01934749,35.89962479
2017,8,57,주간,수,1,1,0,0,0,경북,김천시,차대차,정면충돌,정면충돌,운전자법규위반,중앙선 침범,단일로,기타단일로,승용차,승용차,화물차,화물차,1063094,1796963,128.20153477,36.16770869
2017,8,55,야간,일,1,1,0,0,0,경북,김천시,차대차,추돌,추돌,운전자법규위반,안전운전 의무 불이행,단일로,기타단일로,화물차,화물차,화물차,화물차,1046243,1797919,128.01423482,36.17727852
2017,8,45,야간,목,1,1,0,0,0,경북,김천시,차대사람,차도통행중,차도통행중,운전자법규위반,안전운전 의무 불이행,단일로,기타단일로,화물차,화물차,보행자,보행자,1056160,1791193,128.1240287,36.11611792
2017,9,20,야간,목,1,1,0,0,0,경북,김천시,차대차,추돌,추돌,운전자법규위반,안전운전 의무 불이행,단일로,기타단일로,화물차,화물차,승용차,승용차,1048702,1794341,128.04135668,36.14490121
2017,9,10,야간,목,1,1,0,0,0,경북,김천시,차량단독,공작물충돌,공작물충돌,운전자법규위반,안전운전 의무 불이행,단일로,기타단일로,화물차,화물차,없음,없음,1046828,1767118,128.01891492,35.89956355
2017,10,29,주간,화,1,2,0,1,0,경북,김천시,차대차,정면충돌,정면충돌,운전자법규위반,중앙선 침범,단일로,기타단일로,이륜차,이륜차,승용차,승용차,1067924,1797605,128.25529045,36.17316957
2017,10,26,주간,수,1,1,0,0,0,경북,김천시,차대차,측면충돌,측면충돌,운전자법규위반,안전운전 의무 불이행,단일로,기타단일로,기타,기타,자전거,자전거,1067220,1796065,128.24733102,36.15933571
2017,11,0,주간,금,1,2,1,0,0,경북,김천시,차대차,측면충돌,측면충돌,운전자법규위반,교차로 통행방법 위반,교차로,교차로내,승용차,승용차,건설기계,건설기계,1069419,1785618,128.27085591,36.0650014
2017,11,10,주간,금,1,2,0,1,0,경북,김천시,차대차,정면충돌,정면충돌,운전자법규위반,교차로 통행방법 위반,교차로,교차로내,화물차,화물차,이륜차,이륜차,1063534,1797794,128.20649398,36.17517139
2017,12,20,야간,목,1,1,0,0,0,경북,김천시,차대차,추돌,추돌,운전자법규위반,안전운전 의무 불이행,단일로,기타단일로,화물차,화물차,화물차,화물차,1068554,1788989,128.26154438,36.09545243
2017,1,15,야간,목,1,1,0,0,0,경북,문경시,차대사람,차도통행중,차도통행중,운전자법규위반,안전운전 의무 불이행,단일로,기타단일로,승용차,승용차,보행자,보행자,1055982,1854322,128.12660331,36.68522367
2017,3,5,주간,일,1,3,0,2,0,경북,문경시,차대차,측면충돌,측면충돌,운전자법규위반,신호위반,교차로,교차로내,승용차,승용차,승용차,승용차,1055972,1854591,128.12651105,36.68764912
2017,4,8,주간,토,1,1,0,0,0,경북,문경시,차량단독,기타,기타,운전자법규위반,안전운전 의무 불이행,단일로,기타단일로,승용차,승용차,없음,없음,1066494,1856030,128.24440364,36.69994255
2017,5,25,주간,목,1,1,0,0,0,경북,문경시,차량단독,전도전복,전도전복,운전자법규위반,안전운전 의무 불이행,단일로,기타단일로,승용차,승용차,없음,없음,1065417,1839356,128.23092687,36.54971351
2017,7,40,주간,금,1,1,0,0,0,경북,문경시,차량단독,공작물충돌,공작물충돌,운전자법규위반,안전운전 의무 불이행,단일로,기타단일로,화물차,화물차,없음,없음,1058612,1847719,128.15553423,36.6255433
2017,9,15,주간,금,1,1,0,0,0,경북,문경시,차대사람,횡단중,횡단중,운전자법규위반,안전운전 의무 불이행,교차로,교차로내,화물차,화물차,보행자,보행자,1067523,1854616,128.25579767,36.68712402
2017,9,40,주간,목,1,4,3,0,0,경북,문경시,차량단독,공작물충돌,공작물충돌,운전자법규위반,안전운전 의무 불이행,단일로,기타단일로,승용차,승용차,없음,없음,1056872,1868097,128.13759097,36.8093422
2017,9,20,주간,수,1,1,0,0,0,경북,문경시,차량단독,공작물충돌,공작물충돌,운전자법규위반,안전운전 의무 불이행,단일로,기타단일로,이륜차,이륜차,없음,없음,1050658,1860839,128.06744675,36.74426931
2017,10,40,주간,일,1,3,2,0,0,경북,문경시,차대차,기타,기타,운전자법규위반,서행 및 일시정지위반,교차로,교차로내,화물차,화물차,농기계,농기계,1066627,1848275,128.2452182,36.63002832
2017,10,10,주간,일,1,1,0,0,0,경북,문경시,차량단독,공작물충돌,공작물충돌,운전자법규위반,안전운전 의무 불이행,단일로,기타단일로,이륜차,이륜차,없음,없음,1061328,1844998,128.18569165,36.6008442
2017,11,45,야간,화,1,1,0,0,0,경북,문경시,차량단독,기타,기타,운전자법규위반,안전운전 의무 불이행,교차로,교차로부근,승합차,승합차,없음,없음,1061625,1844197,128.18894791,36.59360453
2017,11,41,주간,수,1,2,1,0,0,경북,문경시,차대차,측면충돌,측면충돌,운전자법규위반,중앙선 침범,교차로,교차로부근,승용차,승용차,화물차,화물차,1052823,1850915,128.09101164,36.65469224
2017,12,50,주간,화,1,3,0,2,0,경북,문경시,차대차,추돌,추돌,운전자법규위반,안전운전 의무 불이행,단일로,터널안,화물차,화물차,화물차,화물차,1056538,1851902,128.13264761,36.66337597
2017,3,55,주간,토,1,4,3,0,0,경북,봉화군,차량단독,공작물충돌,공작물충돌,운전자법규위반,안전운전 의무 불이행,기타,기타,승합차,승합차,없음,없음,1127719,1880752,128.93382206,36.91647755
2017,4,46,주간,금,1,1,0,0,0,경북,봉화군,차량단독,전도전복,전도전복,운전자법규위반,안전운전 의무 불이행,단일로,기타단일로,화물차,화물차,없음,없음,1137568,1896183,129.04716938,37.05414302
2017,5,40,주간,토,1,1,0,0,0,경북,봉화군,차량단독,전도전복,전도전복,운전자법규위반,안전운전 의무 불이행,단일로,기타단일로,자전거,자전거,없음,없음,1124015,1879538,128.89205202,36.90603167
2017,6,15,주간,금,1,1,0,0,0,경북,봉화군,차대차,기타,기타,운전자법규위반,안전운전 의무 불이행,교차로,교차로부근,농기계,농기계,화물차,화물차,1117287,1876890,128.81613986,36.88302816
2017,8,55,주간,토,1,3,2,0,0,경북,봉화군,차대차,정면충돌,정면충돌,운전자법규위반,중앙선 침범,단일로,기타단일로,화물차,화물차,화물차,화물차,1122149,1875174,128.8704087,36.86694679
2017,9,35,야간,목,1,1,0,0,0,경북,봉화군,차량단독,공작물충돌,공작물충돌,운전자법규위반,안전운전 의무 불이행,단일로,기타단일로,화물차,화물차,없음,없음,1108062,1876270,128.71255483,36.87854171
2017,10,50,주간,월,1,1,0,0,0,경북,봉화군,차량단독,전복,전복,운전자법규위반,안전운전 의무 불이행,단일로,기타단일로,화물차,화물차,없음,없음,1132658,1888046,128.9905328,36.98152499
2017,12,34,주간,금,1,1,0,0,0,경북,봉화군,차대사람,길가장자리구역통행중,길가장자리구역통행중,운전자법규위반,안전운전 의무 불이행,교차로,교차로부근,승용차,승용차,보행자,보행자,1128104,1880410,128.93808511,36.9133433
2017,1,50,야간,목,2,2,0,0,0,경북,상주시,차량단독,공작물충돌,공작물충돌,운전자법규위반,안전운전 의무 불이행,단일로,기타단일로,승용차,승용차,없음,없음,1063292,1824757,128.20599008,36.41825362
2017,2,50,야간,수,1,1,0,0,0,경북,상주시,차대차,추돌,추돌,운전자법규위반,안전거리 미확보,단일로,기타단일로,이륜차,이륜차,화물차,화물차,1058858,1822260,128.15634474,36.39602599
2017,2,0,주간,화,1,1,0,0,0,경북,상주시,차대차,측면충돌,측면충돌,운전자법규위반,교차로 통행방법 위반,교차로,교차로내,승용차,승용차,이륜차,이륜차,1059354,1823825,128.16199513,36.41010353
2017,3,0,주간,토,4,5,1,0,0,경북,상주시,차대차,정면충돌,정면충돌,운전자법규위반,중앙선 침범,단일로,기타단일로,화물차,화물차,화물차,화물차,1055350,1824390,128.1173799,36.41543609
2017,3,43,주간,수,1,1,0,0,0,경북,상주시,차대차,측면충돌,측면충돌,운전자법규위반,교차로 통행방법 위반,교차로,교차로내,승용차,승용차,자전거,자전거,1058588,1824821,128.15352739,36.41912925
2017,4,40,주간,금,1,1,0,0,0,경북,상주시,차대차,측면충돌,측면충돌,운전자법규위반,교차로 통행방법 위반,교차로,교차로내,화물차,화물차,자전거,자전거,1054825,1813883,128.11078349,36.32074694
2017,4,0,주간,토,1,1,0,0,0,경북,상주시,차대사람,횡단중,횡단중,운전자법규위반,안전운전 의무 불이행,교차로,교차로내,화물차,화물차,보행자,보행자,1058374,1825338,128.15132952,36.42415187
2017,5,15,주간,월,1,1,0,0,0,경북,상주시,차대차,기타,기타,운전자법규위반,안전운전 의무 불이행,교차로,교차로내,화물차,화물차,원동기장치자전거,원동기장치자전거,1058068,1820039,128.1473697,36.37605224
2017,5,55,주간,월,1,1,0,0,0,경북,상주시,차대사람,차도통행중,차도통행중,운전자법규위반,안전운전 의무 불이행,교차로,교차로내,화물차,화물차,보행자,보행자,1060591,1833757,128.17656817,36.49955954
2017,6,57,주간,금,1,1,0,0,0,경북,상주시,차대사람,횡단중,횡단중,운전자법규위반,안전운전 의무 불이행,교차로,교차로내,화물차,화물차,보행자,보행자,1058339,1824841,128.15094629,36.41966893
2017,6,40,야간,토,1,1,0,0,0,경북,상주시,차대차,측면충돌,측면충돌,운전자법규위반,교차로 통행방법 위반,교차로,교차로내,이륜차,이륜차,화물차,화물차,1041910,1814186,127.96692389,36.32412711
2017,6,29,주간,일,1,1,0,0,0,경북,상주시,차대사람,차도통행중,차도통행중,운전자법규위반,안전운전 의무 불이행,단일로,기타단일로,건설기계,건설기계,보행자,보행자,1066029,1831022,128.23705173,36.47454521
2017,6,28,주간,일,1,1,0,0,0,경북,상주시,차대차,측면충돌,측면충돌,운전자법규위반,신호위반,교차로,교차로내,화물차,화물차,승용차,승용차,1058523,1824410,128.15277138,36.41542817
2017,6,25,야간,화,1,1,0,0,0,경북,상주시,차대차,측면충돌,측면충돌,운전자법규위반,안전운전 의무 불이행,단일로,기타단일로,화물차,화물차,자전거,자전거,1055465,1820441,128.11838047,36.37982994
2017,7,13,주간,월,1,1,0,0,0,경북,상주시,차대차,기타,기타,운전자법규위반,안전운전 의무 불이행,단일로,기타단일로,화물차,화물차,이륜차,이륜차,1063717,1830435,128.21119741,36.46941027
2017,7,55,야간,화,1,1,0,0,0,경북,상주시,차대차,추돌,추돌,운전자법규위반,안전거리 미확보,단일로,기타단일로,화물차,화물차,화물차,화물차,1067451,1822735,128.25220236,36.39974292
2017,8,0,주간,목,1,1,0,0,0,경북,상주시,차대차,측면충돌,측면충돌,운전자법규위반,교차로 통행방법 위반,교차로,교차로내,화물차,화물차,이륜차,이륜차,1042196,1828605,127.97089341,36.45410266
2017,9,33,주간,화,1,1,0,0,0,경북,상주시,차대차,추돌,추돌,운전자법규위반,안전운전 의무 불이행,교차로,교차로부근,승용차,승용차,자전거,자전거,1059808,1829967,128.16753246,36.46544346
2017,9,25,주간,월,1,1,0,0,0,경북,상주시,차대차,추돌,추돌,운전자법규위반,안전운전 의무 불이행,단일로,교량위,화물차,화물차,자전거,자전거,1040534,1821209,127.95196003,36.38749925
2017,9,55,야간,토,1,1,0,0,0,경북,상주시,차대사람,횡단중,횡단중,운전자법규위반,안전운전 의무 불이행,교차로,교차로부근,승용차,승용차,보행자,보행자,1040587,1827464,127.95287823,36.44388605
2017,10,20,주간,화,1,2,0,1,0,경북,상주시,차대차,측면충돌,측면충돌,운전자법규위반,안전운전 의무 불이행,교차로,교차로내,원동기장치자전거,원동기장치자전거,화물차,화물차,1060631,1840676,128.17755862,36.5619284
2017,10,11,야간,토,1,1,0,0,0,경북,상주시,차대사람,횡단중,횡단중,운전자법규위반,안전운전 의무 불이행,단일로,기타단일로,승용차,승용차,보행자,보행자,1059252,1823293,128.16075776,36.40491044
2017,10,10,주간,일,1,1,0,0,0,경북,상주시,차대차,측면충돌,측면충돌,운전자법규위반,안전운전 의무 불이행,단일로,기타단일로,사륜오토바이(ATV),사륜오토바이(ATV),화물차,화물차,1051966,1816082,128.0790807,36.34072939
2017,10,15,야간,금,1,1,0,0,0,경북,상주시,차량단독,도로이탈,도로이탈 기타,운전자법규위반,안전운전 의무 불이행,단일로,기타단일로,이륜차,이륜차,없음,없음,1067809,1827883,128.25664454,36.44612445
2017,10,2,야간,토,1,1,0,0,0,경북,상주시,차대차,측면충돌,측면충돌,운전자법규위반,안전운전 의무 불이행,단일로,기타단일로,승용차,승용차,이륜차,이륜차,1061035,1841846,128.18216582,36.57244957
2017,10,50,주간,일,1,1,0,0,0,경북,상주시,차대차,측면충돌,측면충돌,운전자법규위반,안전운전 의무 불이행,단일로,기타단일로,이륜차,이륜차,화물차,화물차,1054178,1816593,128.10376437,36.34521404
2017,11,20,주간,수,1,1,0,0,0,경북,상주시,차량단독,전도,전도,운전자법규위반,안전운전 의무 불이행,단일로,기타단일로,이륜차,이륜차,없음,없음,1052589,1810702,128.08565982,36.29219488
2017,11,0,야간,수,1,1,0,0,0,경북,상주시,차대사람,횡단중,횡단중,운전자법규위반,안전운전 의무 불이행,교차로,교차로내,승합차,승합차,보행자,보행자,1055413,1840573,128.11924267,36.56131701
2017,11,35,야간,목,1,1,0,0,0,경북,상주시,차대사람,횡단중,횡단중,운전자법규위반,보행자 보호의무 위반,단일로,기타단일로,화물차,화물차,보행자,보행자,1064458,1813811,128.21808791,36.31950137