year,month,minute,day_night,day,death,casualties,중상자수,경상자수,부상신고자수,state,state2,사고유형_대분류,사고유형_중분류,사고유형,법규위반_대분류,법규위반,도로형태_대분류,도로형태,당사자종별_1당_대분류,당사자종별_1당,당사자종별_2당_대분류,당사자종별_2당,발생위치X_UTMK,발생위치Y_UTMK,경도,위도
2017,12,10,야간,일,1,1,0,0,0,경북,상주시,차대사람,차도통행중,차도통행중,운전자법규위반,안전운전 의무 불이행,단일로,기타단일로,승용차,승용차,보행자,보행자,1058996,1838217,128.15910016,36.53986415
2017,12,50,주간,화,1,3,1,1,0,경북,상주시,차대차,추돌,추돌,운전자법규위반,안전운전 의무 불이행,단일로,기타단일로,화물차,화물차,특수차,특수차,1063929,1825671,128.21317034,36.42645075
2017,12,55,주간,화,1,1,0,0,0,경북,상주시,차대차,측면충돌,측면충돌,운전자법규위반,교차로 통행방법 위반,교차로,교차로내,이륜차,이륜차,화물차,화물차,1062368,1840139,128.19692504,36.55697577
2017,1,35,주간,수,1,1,0,0,0,경북,성주군,차대차,측면충돌,측면충돌,운전자법규위반,안전운전 의무 불이행,불명,불명,이륜차,이륜차,화물차,화물차,1068782,1775473,128.2629009,35.97358836
2017,2,45,야간,화,1,1,0,0,0,경북,성주군,차대차,기타,기타,운전자법규위반,안전운전 의무 불이행,단일로,기타단일로,화물차,화물차,화물차,화물차,1067333,1777577,128.24700921,35.99265744
2017,3,35,야간,금,1,1,0,0,0,경북,성주군,차대차,기타,기타,운전자법규위반,안전운전 의무 불이행,기타,기타,승용차,승용차,화물차,화물차,1079333,1763733,128.378745,35.86695119
2017,4,5,주간,일,1,2,0,1,0,경북,성주군,차량단독,도로이탈,도로이탈 기타,운전자법규위반,안전운전 의무 불이행,단일로,기타단일로,승용차,승용차,없음,없음,1070503,1772813,128.28175154,35.94948515
2017,5,50,주간,목,1,2,1,0,0,경북,성주군,차대차,추돌,추돌,운전자법규위반,안전운전 의무 불이행,단일로,교량위,이륜차,이륜차,화물차,화물차,1080271,1765349,128.3892966,35.88144306
2017,5,10,주간,목,1,1,0,0,0,경북,성주군,차량단독,도로이탈,도로이탈 추락,운전자법규위반,안전운전 의무 불이행,단일로,기타단일로,화물차,화물차,없음,없음,1075453,1768367,128.33621089,35.90903406
2017,8,25,야간,금,1,1,0,0,0,경북,성주군,차대사람,기타,기타,운전자법규위반,안전운전 의무 불이행,단일로,기타단일로,화물차,화물차,보행자,보행자,1071103,1765547,128.28775413,35.88393709
2017,8,30,주간,토,1,1,0,0,0,경북,성주군,차량단독,공작물충돌,공작물충돌,운전자법규위반,안전운전 의무 불이행,교차로,교차로부근,사륜오토바이(ATV),사륜오토바이(ATV),없음,없음,1061387,1767491,128.18026728,35.90212088
2017,9,25,야간,화,1,1,0,0,0,경북,성주군,차대사람,기타,기타,운전자법규위반,안전운전 의무 불이행,단일로,기타단일로,승용차,승용차,보행자,보행자,1071687,1769103,128.29454409,35.91595263
2017,9,10,야간,토,1,3,1,1,0,경북,성주군,차대사람,길가장자리구역통행중,길가장자리구역통행중,운전자법규위반,안전운전 의무 불이행,기타,기타,화물차,화물차,보행자,보행자,1077285,1768212,128.35649703,35.90749362
2017,10,20,주간,토,1,1,0,0,0,경북,성주군,차량단독,도로이탈,도로이탈 기타,운전자법규위반,안전운전 의무 불이행,단일로,기타단일로,화물차,화물차,없음,없음,1071265,1769883,128.29082307,35.92359915
2017,10,20,야간,화,1,1,0,0,0,경북,성주군,차량단독,도로이탈,도로이탈 추락,운전자법규위반,안전운전 의무 불이행,단일로,기타단일로,이륜차,이륜차,없음,없음,1062099,1760708,128.18762829,35.84092388
2017,11,57,야간,목,1,2,1,0,0,경북,성주군,차대차,측면충돌,측면충돌,운전자법규위반,신호위반,교차로,교차로내,화물차,화물차,승용차,승용차,1076963,1762276,128.35235531,35.85400525
2017,12,50,주간,수,1,1,0,0,0,경북,성주군,차대차,측면충돌,측면충돌,운전자법규위반,안전운전 의무 불이행,교차로,교차로내,이륜차,이륜차,화물차,화물차,1070128,1774142,128.27771125,35.96149334
2017,12,25,주간,목,1,1,0,0,0,경북,성주군,차대차,측면충돌,측면충돌,운전자법규위반,안전운전 의무 불이행,교차로,교차로내,화물차,화물차,이륜차,이륜차,1077089,1767570,128.3542629,35.90172141
2017,2,26,야간,금,1,2,0,1,0,경북,안동시,차대차,추돌,추돌,운전자법규위반,안전운전 의무 불이행,단일로,교량위,승합차,승합차,승용차,승용차,1092574,1845332,128.53504197,36.60133297
2017,2,38,야간,목,1,1,0,0,0,경북,안동시,차대사람,횡단중,횡단중,운전자법규위반,안전운전 의무 불이행,단일로,교량위,화물차,화물차,보행자,보행자,1104570,1834071,128.66761393,36.49859474
2017,2,27,주간,목,1,1,0,0,0,경북,안동시,차량단독,전도전복,전도전복,운전자법규위반,안전운전 의무 불이행,단일로,기타단일로,건설기계,건설기계,없음,없음,1092934,1844336,128.53894605,36.59232045
2017,3,50,야간,일,1,1,0,0,0,경북,안동시,차대사람,횡단중,횡단중,운전자법규위반,안전운전 의무 불이행,단일로,기타단일로,승용차,승용차,보행자,보행자,1104808,1842902,128.67147115,36.57816466
2017,3,20,주간,수,1,1,0,0,0,경북,안동시,차대차,추돌,추돌,운전자법규위반,안전운전 의무 불이행,단일로,기타단일로,이륜차,이륜차,화물차,화물차,1105314,1837166,128.6763419,36.52640922
2017,3,44,야간,금,1,1,0,0,0,경북,안동시,차대사람,길가장자리구역통행중,길가장자리구역통행중,운전자법규위반,안전운전 의무 불이행,단일로,기타단일로,승용차,승용차,보행자,보행자,1115081,1840059,128.78584579,36.55135765
2017,3,40,야간,화,1,1,0,0,0,경북,안동시,차대사람,횡단중,횡단중,운전자법규위반,안전운전 의무 불이행,교차로,교차로내,화물차,화물차,보행자,보행자,1110278,1841314,128.73237108,36.56323557
2017,3,58,야간,토,2,2,0,0,0,경북,안동시,차대차,추돌,추돌,운전자법규위반,안전운전 의무 불이행,단일로,기타단일로,화물차,화물차,건설기계,건설기계,1116101,1837896,128.79691433,36.5317395
2017,3,10,주간,화,1,1,0,0,0,경북,안동시,차대사람,기타,기타,운전자법규위반,안전운전 의무 불이행,교차로,교차로부근,승용차,승용차,보행자,보행자,1095375,1835381,128.56512243,36.51136316
2017,4,25,주간,수,1,2,0,1,0,경북,안동시,차대차,정면충돌,정면충돌,운전자법규위반,중앙선 침범,단일로,기타단일로,건설기계,건설기계,건설기계,건설기계,1105882,1840269,128.68311125,36.55431444
2017,4,30,주간,목,1,4,2,1,0,경북,안동시,차대차,정면충돌,정면충돌,운전자법규위반,중앙선 침범,기타,기타,승용차,승용차,화물차,화물차,1127949,1817189,128.92580925,36.34360567
2017,4,5,야간,화,1,1,0,0,0,경북,안동시,차대사람,기타,기타,운전자법규위반,안전운전 의무 불이행,단일로,기타단일로,승합차,승합차,보행자,보행자,1109900,1841252,128.72813891,36.56272035
2017,5,20,야간,일,1,1,0,0,0,경북,안동시,차대사람,횡단중,횡단중,운전자법규위반,안전운전 의무 불이행,단일로,기타단일로,화물차,화물차,보행자,보행자,1107670,1841155,128.70321,36.56210016
2017,5,21,야간,목,1,2,0,1,0,경북,안동시,차대차,추돌,추돌,운전자법규위반,안전운전 의무 불이행,단일로,기타단일로,승용차,승용차,화물차,화물차,1111558,1840037,128.74648729,36.55157732
2017,6,34,주간,토,1,1,0,0,0,경북,안동시,차량단독,전도전복,전도전복,운전자법규위반,안전운전 의무 불이행,단일로,기타단일로,사륜오토바이(ATV),사륜오토바이(ATV),없음,없음,1101824,1844161,128.63829073,36.58983546
2017,8,14,주간,화,1,1,0,0,0,경북,안동시,차대차,측면충돌,측면충돌,운전자법규위반,안전운전 의무 불이행,단일로,기타단일로,이륜차,이륜차,승합차,승합차,1108580,1841438,128.71347365,36.5645932
2017,8,0,주간,토,1,1,0,0,0,경북,안동시,차대차,기타,기타,운전자법규위반,안전운전 의무 불이행,단일로,기타단일로,자전거,자전거,승용차,승용차,1110260,1840923,128.732114,36.55971357
2017,9,45,주간,일,1,1,0,0,0,경북,안동시,차대사람,기타,기타,운전자법규위반,안전운전 의무 불이행,단일로,기타단일로,이륜차,이륜차,보행자,보행자,1117578,1838031,128.81342994,36.53277569
2017,9,0,주간,토,1,1,0,0,0,경북,안동시,차량단독,전도전복,전도전복,운전자법규위반,안전운전 의무 불이행,단일로,기타단일로,사륜오토바이(ATV),사륜오토바이(ATV),없음,없음,1086331,1838688,128.4645051,36.54203104
2017,9,10,야간,월,1,1,0,0,0,경북,안동시,차대사람,횡단중,횡단중,운전자법규위반,안전운전 의무 불이행,단일로,기타단일로,승용차,승용차,보행자,보행자,1106161,1842437,128.68575751,36.57422558
2017,9,0,야간,금,1,1,0,0,0,경북,안동시,차대사람,길가장자리구역통행중,길가장자리구역통행중,운전자법규위반,안전운전 의무 불이행,단일로,기타단일로,승용차,승용차,보행자,보행자,1111367,1844211,128.74495736,36.58921966
2017,9,23,야간,일,1,1,0,0,0,경북,안동시,차량단독,전도전복,전도전복,운전자법규위반,안전운전 의무 불이행,단일로,기타단일로,이륜차,이륜차,없음,없음,1123467,1865792,128.8836682,36.78222426
2017,9,7,주간,화,1,2,1,0,0,경북,안동시,차량단독,전도,전도,운전자법규위반,안전운전 의무 불이행,단일로,기타단일로,이륜차,이륜차,없음,없음,1127520,1830150,128.92315884,36.4604743
2017,11,10,주간,수,1,1,0,0,0,경북,안동시,차량단독,도로이탈,도로이탈 추락,운전자법규위반,안전운전 의무 불이행,교차로,교차로내,농기계,농기계,없음,없음,1120682,1858518,128.85131502,36.71702775
2017,11,22,야간,금,1,1,0,0,0,경북,안동시,차대차,기타,기타,운전자법규위반,안전운전 의무 불이행,교차로,교차로부근,승용차,승용차,농기계,농기계,1107633,1829798,128.70121359,36.45974161
2017,11,5,주간,화,1,1,0,0,0,경북,안동시,차대사람,보도통행중,보도통행중,운전자법규위반,안전운전 의무 불이행,단일로,기타단일로,승합차,승합차,보행자,보행자,1109729,1841566,128.72623965,36.56543253
2017,11,0,주간,금,1,1,0,0,0,경북,안동시,차량단독,전도,전도,운전자법규위반,안전운전 의무 불이행,단일로,기타단일로,건설기계,건설기계,없음,없음,1095607,1830201,128.5670723,36.46464935
2017,11,50,주간,토,1,1,0,0,0,경북,안동시,차량단독,전도,전도,운전자법규위반,안전운전 의무 불이행,단일로,기타단일로,승용차,승용차,없음,없음,1102444,1844816,128.64530771,36.59567274
2017,11,50,야간,화,1,1,0,0,0,경북,안동시,차대사람,횡단중,횡단중,운전자법규위반,안전운전 의무 불이행,단일로,기타단일로,화물차,화물차,보행자,보행자,1108354,1841656,128.71056859,36.56669517
2017,11,45,주간,수,1,8,5,2,0,경북,안동시,차대차,추돌,추돌,운전자법규위반,안전운전 의무 불이행,단일로,기타단일로,화물차,화물차,화물차,화물차,1113231,1847441,128.76626601,36.61811164
2017,12,50,주간,금,1,1,0,0,0,경북,안동시,차대사람,기타,기타,운전자법규위반,안전운전 의무 불이행,단일로,기타단일로,승용차,승용차,보행자,보행자,1111975,1846010,128.75201464,36.60536266
2017,12,4,주간,수,1,1,0,0,0,경북,안동시,차량단독,전도전복,전도전복,운전자법규위반,안전운전 의무 불이행,단일로,기타단일로,승용차,승용차,없음,없음,1104753,1834268,128.66968361,36.50035035
2017,3,50,주간,토,1,2,0,1,0,경북,영덕군,차량단독,전도,전도,운전자법규위반,안전운전 의무 불이행,교차로,교차로내,원동기장치자전거,원동기장치자전거,없음,없음,1167825,1841103,129.37516208,36.55295515
2017,5,50,주간,금,1,2,0,1,0,경북,영덕군,차대사람,횡단중,횡단중,운전자법규위반,안전운전 의무 불이행,교차로,교차로내,화물차,화물차,보행자,보행자,1167804,1825291,129.37149686,36.41048662
2017,5,30,주간,목,1,1,0,0,0,경북,영덕군,차량단독,전도전복,전도전복,운전자법규위반,안전운전 의무 불이행,기타,기타,농기계,농기계,없음,없음,1165011,1810405,129.33720698,36.27683635
2017,6,55,야간,월,1,1,0,0,0,경북,영덕군,차대사람,횡단중,횡단중,운전자법규위반,안전운전 의무 불이행,단일로,기타단일로,승용차,승용차,보행자,보행자,1168829,1818201,129.38159467,36.34553403
2017,7,0,주간,토,1,1,0,0,0,경북,영덕군,차량단독,도로이탈,도로이탈 기타,운전자법규위반,안전운전 의무 불이행,단일로,기타단일로,농기계,농기계,없음,없음,1161774,1824027,129.30401231,36.4001318
2017,10,50,주간,금,1,1,0,0,0,경북,영덕군,차대사람,기타,기타,운전자법규위반,안전운전 의무 불이행,단일로,기타단일로,승용차,승용차,보행자,보행자,1168709,1819414,129.38030949,36.35737337
2017,12,10,야간,토,1,7,2,4,0,경북,영덕군,차대차,측면충돌,측면충돌,운전자법규위반,교차로 통행방법 위반,교차로,교차로내,승용차,승용차,승용차,승용차,1168592,1819709,129.37907004,36.36005199
2017,12,0,야간,일,1,1,0,0,0,경북,영덕군,차대사람,기타,기타,운전자법규위반,안전운전 의무 불이행,단일로,기타단일로,승용차,승용차,보행자,보행자,1170097,1842525,129.40084924,36.56536569
2017,12,57,주간,수,1,1,0,0,0,경북,영덕군,차량단독,공작물충돌,공작물충돌,운전자법규위반,안전운전 의무 불이행,단일로,기타단일로,승용차,승용차,없음,없음,1156612,1833752,129.24843891,36.48861996
2017,12,50,야간,토,2,2,0,0,0,경북,영덕군,차대사람,횡단중,횡단중,운전자법규위반,과속,단일로,기타단일로,승용차,승용차,보행자,보행자,1168428,1809719,129.37508528,36.2700646
2017,3,32,야간,월,1,1,0,0,0,경북,영양군,차량단독,전도,전도,운전자법규위반,안전운전 의무 불이행,단일로,기타단일로,화물차,화물차,없음,없음,1150926,1836374,129.18549706,36.51316074
2017,7,48,야간,토,1,1,0,0,0,경북,영양군,차량단독,전도전복,전도전복,운전자법규위반,안전운전 의무 불이행,단일로,교량위,승용차,승용차,없음,없음,1154450,1862216,129.23003461,36.74545754
2017,11,10,주간,월,1,1,0,0,0,경북,영양군,차대사람,보도통행중,보도통행중,운전자법규위반,기타(운전자법규위반),단일로,기타단일로,승용차,승용차,보행자,보행자,1144179,1852804,129.11325531,36.66226008
2017,3,0,주간,화,1,2,1,0,0,경북,영주시,차대차,추돌,추돌,운전자법규위반,안전운전 의무 불이행,단일로,기타단일로,화물차,화물차,화물차,화물차,1102813,1864926,128.65213314,36.77688614
2017,4,0,야간,화,1,1,0,0,0,경북,영주시,차량단독,전도전복,전도전복,운전자법규위반,안전운전 의무 불이행,단일로,기타단일로,승용차,승용차,없음,없음,1092143,1876120,128.53393952,36.878878
2017,5,15,야간,금,1,1,0,0,0,경북,영주시,차량단독,전도전복,전도전복,운전자법규위반,안전운전 의무 불이행,교차로,교차로내,화물차,화물차,없음,없음,1100310,1881069,128.62622164,36.92264995
2017,5,4,야간,수,1,1,0,0,0,경북,영주시,차량단독,전도,전도,운전자법규위반,안전운전 의무 불이행,단일로,기타단일로,원동기장치자전거,원동기장치자전거,없음,없음,1095536,1863357,128.57040311,36.7635062
2017,6,30,주간,토,1,1,0,0,0,경북,영주시,차량단독,전도전복,전도전복,운전자법규위반,안전운전 의무 불이행,단일로,기타단일로,이륜차,이륜차,없음,없음,1101622,1865874,128.63891552,36.78555894
2017,7,40,야간,토,1,1,0,0,0,경북,영주시,차량단독,전도전복,전도전복,운전자법규위반,안전운전 의무 불이행,단일로,기타단일로,화물차,화물차,없음,없음,1096644,1882447,128.58524485,36.93545283
2017,9,13,주간,토,1,3,0,2,0,경북,영주시,차대차,측면충돌,측면충돌,운전자법규위반,안전운전 의무 불이행,단일로,기타단일로,화물차,화물차,승용차,승용차,1099874,1870483,128.61980867,36.82734916
2017,9,40,야간,수,1,1,0,0,0,경북,영주시,차대사람,차도통행중,차도통행중,운전자법규위반,안전운전 의무 불이행,단일로,기타단일로,화물차,화물차,보행자,보행자,1099280,1868523,128.61301783,36.80968286
2017,10,20,주간,수,1,1,0,0,0,경북,영주시,차대사람,횡단중,횡단중,운전자법규위반,안전운전 의무 불이행,교차로,교차로부근,화물차,화물차,보행자,보행자,1098922,1868113,128.60895172,36.80602501
2017,11,0,야간,금,1,1,0,0,0,경북,영주시,차대사람,횡단중,횡단중,운전자법규위반,안전운전 의무 불이행,단일로,기타단일로,건설기계,건설기계,보행자,보행자,1099961,1869524,128.62078267,36.81863316
2017,12,0,야간,금,1,1,0,0,0,경북,영주시,차량단독,공작물충돌,공작물충돌,운전자법규위반,안전운전 의무 불이행,단일로,기타단일로,승용차,승용차,없음,없음,1091793,1873935,128.52974836,36.85921833
2017,1,25,주간,금,1,3,1,1,0,경북,영천시,차대차,정면충돌,정면충돌,운전자법규위반,중앙선 침범,단일로,기타단일로,화물차,화물차,승용차,승용차,1127656,1775570,128.91578423,35.96853522
2017,1,50,주간,일,1,1,0,0,0,경북,영천시,차량단독,전도전복,전도전복,운전자법규위반,안전운전 의무 불이행,단일로,기타단일로,승용차,승용차,없음,없음,1125673,1784562,128.89522508,36.04983982
2017,1,0,주간,목,1,1,0,0,0,경북,영천시,차대차,기타,기타,운전자법규위반,앞지르기 금지위반,단일로,교량위,화물차,화물차,이륜차,이륜차,1119735,1781623,128.8288724,36.02409829
2017,2,50,주간,토,1,1,0,0,0,경북,영천시,차대사람,횡단중,횡단중,운전자법규위반,안전운전 의무 불이행,단일로,고가도로위,특수차,특수차,보행자,보행자,1134728,1771513,128.99350528,35.9310188
2017,3,44,야간,토,1,1,0,0,0,경북,영천시,차량단독,전도전복,전도전복,운전자법규위반,안전운전 의무 불이행,단일로,기타단일로,이륜차,이륜차,없음,없음,1124687,1771101,128.88216302,35.92863833
2017,5,10,주간,화,1,1,0,0,0,경북,영천시,차대차,측면충돌,측면충돌,운전자법규위반,신호위반,교차로,교차로내,화물차,화물차,화물차,화물차,1117301,1781378,128.80182878,36.02218624
2017,6,30,야간,목,1,1,0,0,0,경북,영천시,차량단독,전도,전도,운전자법규위반,안전운전 의무 불이행,교차로,교차로부근,원동기장치자전거,원동기장치자전거,없음,없음,1128831,1774742,128.92867762,35.96091786
2017,6,52,주간,화,1,1,0,0,0,경북,영천시,차량단독,기타,기타,운전자법규위반,안전운전 의무 불이행,교차로,교차로부근,화물차,화물차,없음,없음,1122775,1780160,128.86237619,36.01053317
2017,6,55,야간,토,1,1,0,0,0,경북,영천시,차대사람,횡단중,횡단중,운전자법규위반,안전운전 의무 불이행,단일로,기타단일로,승용차,승용차,보행자,보행자,1136984,1767568,129.01782651,35.89514921
2017,6,5,야간,월,1,4,2,1,0,경북,영천시,차대차,측면충돌,측면충돌,운전자법규위반,안전운전 의무 불이행,단일로,기타단일로,승합차,승합차,농기계,농기계,1125414,1778675,128.89141702,35.9968123
2017,7,20,주간,수,2,7,5,0,0,경북,영천시,차대차,추돌,추돌,운전자법규위반,안전운전 의무 불이행,단일로,기타단일로,화물차,화물차,승용차,승용차,1126139,1782068,128.89999922,36.02730062
2017,7,0,주간,일,1,1,0,0,0,경북,영천시,차대차,추돌,추돌,운전자법규위반,안전거리 미확보,단일로,기타단일로,건설기계,건설기계,이륜차,이륜차,1131706,1772482,128.96017592,35.94016455
2017,9,30,주간,금,1,1,0,0,0,경북,영천시,차량단독,도로이탈,도로이탈 추락,운전자법규위반,안전운전 의무 불이행,단일로,기타단일로,화물차,화물차,없음,없음,1137652,1771191,129.02585281,35.92770908
2017,9,30,주간,수,1,1,0,0,0,경북,영천시,차량단독,전도,전도,운전자법규위반,안전운전 의무 불이행,단일로,기타단일로,승용차,승용차,없음,없음,1127000,1777055,128.90874863,35.9820055
2017,10,6,야간,일,1,1,0,0,0,경북,영천시,차량단독,공작물충돌,공작물충돌,운전자법규위반,안전운전 의무 불이행,교차로,교차로부근,화물차,화물차,없음,없음,1125315,1785095,128.89133617,36.05469004
2017,11,20,주간,수,1,2,1,0,0,경북,영천시,차대사람,횡단중,횡단중,운전자법규위반,안전운전 의무 불이행,단일로,기타단일로,이륜차,이륜차,보행자,보행자,1129106,1774188,128.93163626,35.95588822
2017,11,5,야간,월,1,1,0,0,0,경북,영천시,차대사람,횡단중,횡단중,운전자법규위반,보행자 보호의무 위반,교차로,교차로내,화물차,화물차,보행자,보행자,1119239,1775262,128.82241131,35.96682402
2017,11,40,주간,수,1,1,0,0,0,경북,영천시,차량단독,공작물충돌,공작물충돌,운전자법규위반,안전운전 의무 불이행,단일로,기타단일로,화물차,화물차,없음,없음,1138623,1794192,129.04064515,36.13487148
2017,12,50,야간,일,1,1,0,0,0,경북,영천시,차대사람,횡단중,횡단중,운전자법규위반,과속,교차로,교차로부근,승용차,승용차,보행자,보행자,1139341,1779332,129.04599895,36.00084217
2017,12,55,주간,월,1,1,0,0,0,경북,영천시,차대사람,횡단중,횡단중,운전자법규위반,신호위반,교차로,교차로횡단보도내,승용차,승용차,보행자,보행자,1129368,1774967,128.93466772,35.96287479
2017,12,40,주간,목,2,3,1,0,0,경북,영천시,차대차,추돌,추돌,운전자법규위반,안전운전 의무 불이행,단일로,기타단일로,화물차,화물차,화물차,화물차,1135611,1770957,129.00319574,35.92588544
2017,12,36,야간,토,1,1,0,0,0,경북,영천시,차대사람,횡단중,횡단중,운전자법규위반,보행자 보호의무 위반,교차로,교차로내,화물차,화물차,보행자,보행자,1124303,1771540,128.87797614,35.93264415
2017,3,20,야간,수,1,1,0,0,0,경북,예천군,차대사람,횡단중,횡단중,운전자법규위반,안전운전 의무 불이행,단일로,기타단일로,승용차,승용차,보행자,보행자,1085568,1850705,128.4573191,36.65041831
2017,4,40,주간,금,1,2,1,0,0,경북,예천군,차량단독,전도,전도,운전자법규위반,안전운전 의무 불이행,단일로,기타단일로,화물차,화물차,없음,없음,1079116,1862459,128.38635928,36.75692474
2017,5,30,주간,일,1,2,1,0,0,경북,예천군,차량단독,전도,전도,운전자법규위반,안전운전 의무 불이행,단일로,기타단일로,농기계,농기계,없음,없음,1095740,1851905,128.57125436,36.66026547
2017,7,47,주간,토,1,1,0,0,0,경북,예천군,차대사람,기타,기타,운전자법규위반,안전운전 의무 불이행,교차로,교차로부근,승용차,승용차,보행자,보행자,1088225,1850172,128.48697988,36.64537145
2017,7,30,주간,목,1,1,0,0,0,경북,예천군,차량단독,전도,전도,운전자법규위반,안전운전 의무 불이행,단일로,기타단일로,건설기계,건설기계,없음,없음,1076199,1841016,128.35155089,36.56387766
2017,7,0,주간,일,1,2,1,0,0,경북,예천군,차대사람,차도통행중,차도통행중,운전자법규위반,안전운전 의무 불이행,단일로,기타단일로,승용차,승용차,보행자,보행자,1086212,1872149,128.4669454,36.84364633
2017,10,25,야간,금,1,1,0,0,0,경북,예천군,차대사람,횡단중,횡단중,운전자법규위반,보행자 보호의무 위반,교차로,교차로횡단보도내,이륜차,이륜차,보행자,보행자,1085118,1851165,128.45233628,36.65460497
2017,10,5,야간,토,1,1,0,0,0,경북,예천군,차대차,추돌,추돌,운전자법규위반,안전운전 의무 불이행,단일로,기타단일로,화물차,화물차,농기계,농기계,1089774,1856960,128.50510191,36.70641049
2017,10,30,주간,화,1,1,0,0,0,경북,예천군,차량단독,도로이탈,도로이탈 추락,운전자법규위반,안전운전 의무 불이행,단일로,기타단일로,이륜차,이륜차,없음,없음,1076596,1845775,128.35646088,36.60674376
2017,11,20,주간,화,1,3,2,0,0,경북,예천군,차대차,측면충돌,측면충돌,운전자법규위반,신호위반,교차로,교차로내,승용차,승용차,화물차,화물차,1077912,1837351,128.37032183,36.53070282
2017,12,25,주간,금,1,1,0,0,0,경북,예천군,차량단독,도로이탈,도로이탈 추락,운전자법규위반,안전운전 의무 불이행,교차로,교차로부근,원동기장치자전거,원동기장치자전거,없음,없음,1081070,1853664,128.4073152,36.67748395
2017,12,30,주간,화,1,1,0,0,0,경북,울릉군,차대사람,기타,기타,운전자법규위반,안전운전 의무 불이행,기타,기타,화물차,화물차,보행자,보행자,1298136,1954479,130.87431819,37.54146062
2017,1,30,주간,월,1,1,0,0,0,경북,울진군,차대사람,횡단중,횡단중,운전자법규위반,안전운전 의무 불이행,단일로,기타단일로,승합차,승합차,보행자,보행자,1166337,1901018,129.37164934,37.09304415
2017,1,41,주간,월,1,1,0,0,0,경북,울진군,차대차,측면충돌,측면충돌,운전자법규위반,안전운전 의무 불이행,단일로,기타단일로,이륜차,이륜차,승용차,승용차,1168945,1890039,129.39851473,36.99366329
2017,1,1,야간,토,1,1,0,0,0,경북,울진군,차대차,정면충돌,정면충돌,운전자법규위반,중앙선 침범,단일로,기타단일로,원동기장치자전거,원동기장치자전거,승용차,승용차,1173985,1867194,129.44987841,36.78692552
2017,3,24,야간,목,1,1,0,0,0,경북,울진군,차대사람,횡단중,횡단중,운전자법규위반,안전운전 의무 불이행,단일로,기타단일로,승용차,승용차,보행자,보행자,1176199,1857215,129.47237508,36.69661086
2017,4,0,야간,목,1,1,0,0,0,경북,울진군,차대사람,횡단중,횡단중,운전자법규위반,안전운전 의무 불이행,단일로,기타단일로,화물차,화물차,보행자,보행자,1161197,1899739,129.31356542,37.08241926
2017,5,15,야간,토,1,1,0,0,0,경북,울진군,차대차,추돌,추돌,운전자법규위반,안전운전 의무 불이행,단일로,기타단일로,승용차,승용차,화물차,화물차,1169737,1879013,129.40493472,36.89418174
2017,5,17,야간,화,1,1,0,0,0,경북,울진군,차대사람,횡단중,횡단중,운전자법규위반,안전운전 의무 불이행,단일로,교량위,승용차,승용차,보행자,보행자,1168608,1890270,129.39478124,36.99580498
2017,7,44,주간,토,1,1,0,0,0,경북,울진군,차량단독,공작물충돌,공작물충돌,운전자법규위반,안전운전 의무 불이행,단일로,기타단일로,승용차,승용차,없음,없음,1170262,1891502,129.41363742,37.00660643
2017,9,35,주간,목,1,2,1,0,0,경북,울진군,차량단독,공작물충돌,공작물충돌,운전자법규위반,안전운전 의무 불이행,단일로,기타단일로,원동기장치자전거,원동기장치자전거,없음,없음,1169832,1898197,129.41031789,37.06700187
2017,9,54,야간,목,1,2,0,0,1,경북,울진군,차대차,기타,기타,운전자법규위반,안전운전 의무 불이행,단일로,기타단일로,승용차,승용차,화물차,화물차,1167829,1881853,129.38416142,36.92011056
2017,11,40,야간,목,1,1,0,0,0,경북,울진군,차량단독,공작물충돌,공작물충돌,운전자법규위반,안전운전 의무 불이행,주차장,주차장,화물차,화물차,없음,없음,1172759,1853633,129.43307972,36.66496947
2017,12,47,주간,금,1,3,0,2,0,경북,울진군,차량단독,전도전복,전도전복,운전자법규위반,안전운전 의무 불이행,단일로,기타단일로,화물차,화물차,없음,없음,1155750,1883475,129.24894801,36.93679859
2017,1,5,주간,월,1,1,0,0,0,경북,의성군,차량단독,도로이탈,도로이탈 추락,운전자법규위반,안전운전 의무 불이행,단일로,교량위,이륜차,이륜차,없음,없음,1080719,1818230,128.39968188,36.35811022
2017,1,10,주간,화,1,1,0,0,0,경북,의성군,차대차,측면충돌,측면충돌,운전자법규위반,과속,단일로,기타단일로,승용차,승용차,이륜차,이륜차,1114398,1813301,128.7742676,36.31026847
2017,2,6,주간,목,1,1,0,0,0,경북,의성군,차대사람,횡단중,횡단중,운전자법규위반,안전운전 의무 불이행,교차로,교차로횡단보도내,승합차,승합차,보행자,보행자,1107133,1818203,128.69403405,36.35528769
2017,2,35,주간,금,1,4,3,0,0,경북,의성군,차량단독,공작물충돌,공작물충돌,운전자법규위반,안전운전 의무 불이행,단일로,기타단일로,화물차,화물차,없음,없음,1106146,1805747,128.68134128,36.2431241
2017,3,0,주간,월,1,1,0,0,0,경북,의성군,차대차,측면충돌,측면충돌,운전자법규위반,앞지르기 금지위반,교차로,교차로부근,화물차,화물차,농기계,농기계,1084327,1817330,128.4397938,36.3496879