year,month,minute,day_night,day,death,casualties,중상자수,경상자수,부상신고자수,state,state2,사고유형_대분류,사고유형_중분류,사고유형,법규위반_대분류,법규위반,도로형태_대분류,도로형태,당사자종별_1당_대분류,당사자종별_1당,당사자종별_2당_대분류,당사자종별_2당,발생위치X_UTMK,발생위치Y_UTMK,경도,위도
2017,6,15,주간,목,1,1,0,0,0,경북,의성군,차대차,추돌,추돌,운전자법규위반,안전운전 의무 불이행,기타,기타,화물차,화물차,농기계,농기계,1106621,1816132,128.6880451,36.33667766
2017,6,40,주간,수,1,1,0,0,0,경북,의성군,차대차,기타,기타,운전자법규위반,중앙선 침범,단일로,기타단일로,승용차,승용차,이륜차,이륜차,1096836,1819881,128.57949872,36.37150448
2017,7,5,야간,토,1,1,0,0,0,경북,의성군,차대사람,기타,기타,운전자법규위반,안전운전 의무 불이행,교차로,교차로내,승용차,승용차,보행자,보행자,1096580,1810849,128.57552567,36.29011713
2017,7,5,주간,월,1,1,0,0,0,경북,의성군,차대차,측면충돌,측면충돌,운전자법규위반,신호위반,교차로,교차로내,건설기계,건설기계,승용차,승용차,1082127,1823569,128.41593771,36.40611791
2017,7,45,주간,일,1,1,0,0,0,경북,의성군,차대차,측면충돌,측면충돌,운전자법규위반,앞지르기 금지위반,교차로,교차로내,특수차,특수차,이륜차,이륜차,1083518,1819013,128.43095953,36.36492938
2017,7,40,야간,화,1,1,0,0,0,경북,의성군,차대차,측면충돌,측면충돌,운전자법규위반,안전운전 의무 불이행,교차로,교차로내,승용차,승용차,원동기장치자전거,원동기장치자전거,1107623,1817696,128.69942408,36.35066319
2017,8,30,야간,목,1,1,0,0,0,경북,의성군,차량단독,전복,전복,운전자법규위반,안전운전 의무 불이행,단일로,기타단일로,이륜차,이륜차,없음,없음,1083171,1833351,128.42863024,36.49420377
2017,9,30,주간,월,1,1,0,0,0,경북,의성군,차량단독,전도,전도,운전자법규위반,안전운전 의무 불이행,기타,기타,사륜오토바이(ATV),사륜오토바이(ATV),없음,없음,1113122,1807158,128.75916764,36.25505021
2017,10,45,야간,토,1,1,0,0,0,경북,의성군,차대사람,횡단중,횡단중,운전자법규위반,신호위반,단일로,기타단일로,승용차,승용차,보행자,보행자,1096534,1810929,128.57502339,36.29084285
2017,10,10,주간,화,1,1,0,0,0,경북,의성군,차량단독,도로이탈,도로이탈 추락,운전자법규위반,안전운전 의무 불이행,단일로,기타단일로,농기계,농기계,없음,없음,1079379,1819231,128.38485022,36.36724507
2017,11,50,주간,일,1,1,0,0,0,경북,의성군,차대사람,길가장자리구역통행중,길가장자리구역통행중,운전자법규위반,안전운전 의무 불이행,단일로,기타단일로,승용차,승용차,보행자,보행자,1108536,1801240,128.70731073,36.20223421
2017,4,0,주간,금,2,2,0,0,0,경북,청도군,차대차,정면충돌,정면충돌,운전자법규위반,중앙선 침범,단일로,기타단일로,승용차,승용차,이륜차,이륜차,1114409,1736114,128.76325855,35.61452026
2017,5,8,주간,수,1,1,0,0,0,경북,청도군,차대차,추돌,추돌,운전자법규위반,안전운전 의무 불이행,교차로,교차로부근,이륜차,이륜차,화물차,화물차,1110457,1740141,128.7201828,35.651271
2017,5,10,야간,화,1,2,0,1,0,경북,청도군,차량단독,전도,전도,운전자법규위반,안전운전 의무 불이행,단일로,기타단일로,승용차,승용차,없음,없음,1100039,1740613,128.6051773,35.6566369
2017,6,5,주간,금,1,1,0,0,0,경북,청도군,차량단독,전도,전도,운전자법규위반,안전운전 의무 불이행,단일로,기타단일로,건설기계,건설기계,없음,없음,1096710,1746896,128.56916164,35.71360903
2017,6,31,야간,목,1,1,0,0,0,경북,청도군,차대사람,횡단중,횡단중,운전자법규위반,안전운전 의무 불이행,단일로,기타단일로,화물차,화물차,보행자,보행자,1101221,1738966,128.61802627,35.64166907
2017,6,30,주간,토,1,1,0,0,0,경북,청도군,차량단독,기타,기타,운전자법규위반,안전운전 의무 불이행,단일로,기타단일로,농기계,농기계,없음,없음,1111319,1742800,128.73007071,35.67514337
2017,6,35,주간,일,1,1,0,0,0,경북,청도군,차대사람,길가장자리구역통행중,길가장자리구역통행중,운전자법규위반,안전운전 의무 불이행,단일로,기타단일로,화물차,화물차,보행자,보행자,1135555,1761087,129.00089557,35.83693474
2017,6,18,야간,일,1,1,0,0,0,경북,청도군,차대사람,횡단중,횡단중,운전자법규위반,보행자 보호의무 위반,교차로,교차로내,승용차,승용차,보행자,보행자,1111553,1740030,128.73227209,35.65014715
2017,7,0,야간,월,1,1,0,0,0,경북,청도군,차대사람,길가장자리구역통행중,길가장자리구역통행중,운전자법규위반,안전운전 의무 불이행,단일로,기타단일로,화물차,화물차,보행자,보행자,1097544,1737203,128.5772056,35.62614592
2017,8,55,주간,토,1,1,0,0,0,경북,청도군,차량단독,전도,전도,운전자법규위반,안전운전 의무 불이행,단일로,기타단일로,원동기장치자전거,원동기장치자전거,없음,없음,1105005,1740191,128.65997417,35.65231681
2017,8,55,주간,월,1,1,0,0,0,경북,청도군,차량단독,전도,전도,운전자법규위반,안전운전 의무 불이행,단일로,기타단일로,승용차,승용차,없음,없음,1123708,1744120,128.86713853,35.68556541
2017,8,40,야간,월,1,1,0,0,0,경북,청도군,차대차,기타,기타,운전자법규위반,안전운전 의무 불이행,단일로,터널안,이륜차,이륜차,승용차,승용차,1106383,1747895,128.67610458,35.72176235
2017,9,10,주간,수,1,1,0,0,0,경북,청도군,차대차,추돌,추돌,운전자법규위반,안전운전 의무 불이행,단일로,기타단일로,화물차,화물차,농기계,농기계,1133187,1753431,128.97340925,35.76825386
2017,9,25,야간,목,1,1,0,0,0,경북,청도군,차대차,추돌,추돌,운전자법규위반,안전운전 의무 불이행,단일로,기타단일로,승용차,승용차,자전거,자전거,1106551,1740648,128.67710984,35.65627077
2017,9,3,주간,토,1,7,0,6,0,경북,청도군,차대차,측면충돌,측면충돌,운전자법규위반,신호위반,교차로,교차로내,이륜차,이륜차,승합차,승합차,1125376,1747281,128.88606046,35.71384716
2017,11,50,주간,일,1,1,0,0,0,경북,청도군,차대사람,길가장자리구역통행중,길가장자리구역통행중,운전자법규위반,안전운전 의무 불이행,단일로,기타단일로,승용차,승용차,보행자,보행자,1100755,1739368,128.61293024,35.64534067
2017,12,45,주간,월,1,1,0,0,0,경북,청도군,차대차,측면충돌,측면충돌,운전자법규위반,교차로 통행방법 위반,교차로,교차로내,이륜차,이륜차,화물차,화물차,1104070,1738835,128.64947211,35.64019197
2017,1,0,주간,월,1,2,1,0,0,경북,청송군,차대차,측면충돌,측면충돌,운전자법규위반,중앙선 침범,단일로,기타단일로,승용차,승용차,승용차,승용차,1134705,1810932,128.99999158,36.28629343
2017,2,50,주간,토,1,1,0,0,0,경북,청송군,차대사람,길가장자리구역통행중,길가장자리구역통행중,운전자법규위반,안전운전 의무 불이행,단일로,기타단일로,승용차,승용차,보행자,보행자,1141204,1819919,129.07396475,36.3663551
2017,3,33,주간,화,1,1,0,0,0,경북,청송군,차량단독,도로이탈,도로이탈 기타,운전자법규위반,안전운전 의무 불이행,단일로,기타단일로,승용차,승용차,없음,없음,1143564,1837874,129.10358928,36.52781141
2017,6,55,주간,일,1,1,0,0,0,경북,청송군,차량단독,전도전복,전도전복,운전자법규위반,안전운전 의무 불이행,단일로,기타단일로,이륜차,이륜차,없음,없음,1139205,1812082,129.05028958,36.29601846
2017,10,50,주간,일,1,1,0,0,0,경북,청송군,차대사람,기타,기타,운전자법규위반,안전운전 의무 불이행,기타,기타,화물차,화물차,보행자,보행자,1141894,1838669,129.08508834,36.53522501
2017,11,10,야간,목,1,1,0,0,0,경북,청송군,차대사람,기타,기타,운전자법규위반,안전운전 의무 불이행,단일로,기타단일로,화물차,화물차,보행자,보행자,1125624,1808968,128.89858348,36.26981785
2017,1,45,야간,화,1,1,0,0,0,경북,칠곡군,차량단독,전도전복,전도전복,운전자법규위반,안전운전 의무 불이행,단일로,기타단일로,승용차,승용차,없음,없음,1081118,1782454,128.40042789,36.03557296
2017,2,40,주간,금,1,5,4,0,0,경북,칠곡군,차대차,정면충돌,정면충돌,운전자법규위반,중앙선 침범,단일로,기타단일로,승용차,승용차,승용차,승용차,1086737,1783838,128.46294428,36.04756461
2017,2,30,야간,화,1,2,1,0,0,경북,칠곡군,차대사람,길가장자리구역통행중,길가장자리구역통행중,운전자법규위반,안전운전 의무 불이행,단일로,기타단일로,승용차,승용차,보행자,보행자,1084412,1781886,128.43692706,36.03017249
2017,2,2,야간,월,1,1,0,0,0,경북,칠곡군,차량단독,공작물충돌,공작물충돌,운전자법규위반,안전운전 의무 불이행,단일로,기타단일로,승용차,승용차,없음,없음,1101893,1780964,128.63080676,36.02018865
2017,4,12,주간,일,1,1,0,0,0,경북,칠곡군,차량단독,공작물충돌,공작물충돌,운전자법규위반,안전운전 의무 불이행,단일로,기타단일로,이륜차,이륜차,없음,없음,1074743,1784039,128.32982085,36.05037211
2017,4,45,야간,월,1,1,0,0,0,경북,칠곡군,차량단독,전도전복,전도전복,운전자법규위반,안전운전 의무 불이행,단일로,기타단일로,이륜차,이륜차,없음,없음,1082267,1769681,128.41185503,35.92033008
2017,4,40,야간,토,1,1,0,0,0,경북,칠곡군,차대사람,횡단중,횡단중,운전자법규위반,안전운전 의무 불이행,단일로,기타단일로,화물차,화물차,보행자,보행자,1098692,1778420,128.59497084,35.997586
2017,5,25,주간,화,1,1,0,0,0,경북,칠곡군,차대차,측면충돌,측면충돌,운전자법규위반,신호위반,교차로,교차로내,특수차,특수차,화물차,화물차,1073982,1784324,128.32139947,36.05299955
2017,5,38,주간,토,1,1,0,0,0,경북,칠곡군,차대차,정면충돌,정면충돌,운전자법규위반,중앙선 침범,단일로,기타단일로,승용차,승용차,이륜차,이륜차,1081724,1786631,128.40758612,36.07317678
2017,5,0,야간,금,1,1,0,0,0,경북,칠곡군,차대차,측면충돌,측면충돌,운전자법규위반,안전운전 의무 불이행,단일로,기타단일로,승용차,승용차,자전거,자전거,1088392,1773278,128.48013674,35.95222126
2017,7,0,야간,화,1,1,0,0,0,경북,칠곡군,차대차,추돌,추돌,운전자법규위반,안전운전 의무 불이행,단일로,기타단일로,승용차,승용차,이륜차,이륜차,1089443,1771068,128.49154031,35.93220309
2017,8,15,주간,월,1,2,0,1,0,경북,칠곡군,차대차,정면충돌,정면충돌,운전자법규위반,중앙선 침범,단일로,기타단일로,승용차,승용차,화물차,화물차,1088980,1789545,128.48848613,36.09880773
2017,8,40,주간,월,1,1,0,0,0,경북,칠곡군,차량단독,공작물충돌,공작물충돌,운전자법규위반,안전운전 의무 불이행,단일로,기타단일로,농기계,농기계,없음,없음,1078000,1777203,128.36530346,35.98849064
2017,9,5,야간,목,1,1,0,0,0,경북,칠곡군,차대사람,기타,기타,운전자법규위반,안전운전 의무 불이행,단일로,기타단일로,승용차,승용차,보행자,보행자,1076111,1785512,128.34514934,36.06354494
2017,9,50,야간,토,1,2,0,0,1,경북,칠곡군,차대차,측면충돌,측면충돌,운전자법규위반,안전운전 의무 불이행,단일로,기타단일로,승용차,승용차,화물차,화물차,1092505,1790409,128.52774153,36.10626669
2017,10,16,주간,일,1,1,0,0,0,경북,칠곡군,차량단독,기타,기타,운전자법규위반,안전운전 의무 불이행,단일로,기타단일로,이륜차,이륜차,없음,없음,1079696,1780838,128.38448221,36.02112249
2017,11,47,야간,목,1,1,0,0,0,경북,칠곡군,차량단독,전도,전도,운전자법규위반,안전운전 의무 불이행,교차로,교차로부근,승용차,승용차,없음,없음,1083027,1770581,128.42037198,35.92837921
2017,11,25,주간,월,1,2,1,0,0,경북,칠곡군,차량단독,공작물충돌,공작물충돌,운전자법규위반,안전운전 의무 불이행,단일로,기타단일로,이륜차,이륜차,없음,없음,1085880,1774590,128.45242788,35.96427284
2017,1,10,야간,화,1,1,0,0,0,경북,포항시,차대사람,횡단중,횡단중,운전자법규위반,중앙선 침범,교차로,교차로부근,승용차,승용차,보행자,보행자,1167674,1783703,129.36114551,36.03576755
2017,1,50,야간,월,1,1,0,0,0,경북,포항시,차대사람,기타,기타,운전자법규위반,안전운전 의무 불이행,단일로,기타단일로,승용차,승용차,보행자,보행자,1156504,1786150,129.2376987,36.05967934
2017,1,5,주간,토,1,1,0,0,0,경북,포항시,차대차,기타,기타,운전자법규위반,신호위반,교차로,교차로내,승용차,승용차,자전거,자전거,1169229,1780494,129.37771098,36.00658197
2017,2,45,야간,금,1,1,0,0,0,경북,포항시,차대사람,횡단중,횡단중,운전자법규위반,안전운전 의무 불이행,교차로,교차로횡단보도내,승용차,승용차,보행자,보행자,1166871,1778623,129.35116554,35.99012863
2017,2,19,야간,수,1,1,0,0,0,경북,포항시,차대사람,횡단중,횡단중,운전자법규위반,안전운전 의무 불이행,교차로,교차로내,승용차,승용차,보행자,보행자,1164721,1784792,129.32860994,36.04608504
2017,3,23,야간,화,1,1,0,0,0,경북,포항시,차대차,추돌,추돌,운전자법규위반,안전운전 의무 불이행,교차로,교차로부근,승용차,승용차,건설기계,건설기계,1169680,1780012,129.38260941,36.00216021
2017,3,5,야간,토,1,10,3,6,0,경북,포항시,차대차,측면충돌,측면충돌,운전자법규위반,직진 및 우회전차의 통행방해,교차로,교차로내,화물차,화물차,승합차,승합차,1174120,1778729,129.43156462,35.98981621
2017,3,10,야간,토,1,2,0,1,0,경북,포항시,차대사람,차도통행중,차도통행중,운전자법규위반,안전운전 의무 불이행,단일로,기타단일로,승용차,승용차,보행자,보행자,1186597,1780613,129.57034097,36.00448332
2017,3,44,야간,금,1,1,0,0,0,경북,포항시,차대사람,횡단중,횡단중,운전자법규위반,안전운전 의무 불이행,단일로,기타단일로,승용차,승용차,보행자,보행자,1165571,1782504,129.33756248,36.02532305
2017,4,5,야간,화,1,1,0,0,0,경북,포항시,차대차,정면충돌,정면충돌,운전자법규위반,중앙선 침범,단일로,기타단일로,이륜차,이륜차,화물차,화물차,1187099,1785690,129.57710843,36.05013067
2017,5,10,야간,토,1,1,0,0,0,경북,포항시,차대사람,차도통행중,차도통행중,운전자법규위반,안전운전 의무 불이행,단일로,기타단일로,화물차,화물차,보행자,보행자,1165850,1790796,129.34239928,36.09999628
2017,5,0,주간,월,1,1,0,0,0,경북,포항시,차대사람,보도통행중,보도통행중,운전자법규위반,안전운전 의무 불이행,단일로,기타단일로,화물차,화물차,보행자,보행자,1154005,1806435,129.21393715,36.24288023
2017,5,0,주간,화,1,2,0,1,0,경북,포항시,차대차,정면충돌,정면충돌,운전자법규위반,안전운전 의무 불이행,기타,기타,자전거,자전거,자전거,자전거,1172756,1790534,129.41902147,36.09643151
2017,6,30,주간,금,1,1,0,0,0,경북,포항시,차대사람,차도통행중,차도통행중,운전자법규위반,과속,단일로,기타단일로,승용차,승용차,보행자,보행자,1169369,1783717,129.37995358,36.03560025
2017,6,4,주간,일,1,2,0,1,0,경북,포항시,차대차,측면충돌,측면충돌,운전자법규위반,신호위반,교차로,교차로내,승용차,승용차,원동기장치자전거,원동기장치자전거,1169245,1787803,129.37945336,36.07244077
2017,7,0,주간,수,1,1,0,0,0,경북,포항시,차량단독,전도전복,전도전복,운전자법규위반,안전운전 의무 불이행,단일로,기타단일로,이륜차,이륜차,없음,없음,1168102,1771910,129.363393,35.92942485
2017,8,30,주간,화,1,3,2,0,0,경북,포항시,차량단독,전도전복,전도전복,운전자법규위반,안전운전 의무 불이행,교차로,교차로부근,승용차,승용차,없음,없음,1166104,1784701,129.34393672,36.04502991
2017,8,0,야간,토,1,1,0,0,0,경북,포항시,차대사람,길가장자리구역통행중,길가장자리구역통행중,운전자법규위반,안전거리 미확보,단일로,기타단일로,승용차,승용차,보행자,보행자,1157870,1790027,129.25363512,36.09439651
2017,8,24,주간,화,1,1,0,0,0,경북,포항시,차대사람,차도통행중,차도통행중,운전자법규위반,안전운전 의무 불이행,단일로,기타단일로,승용차,승용차,보행자,보행자,1169111,1805837,129.38184604,36.23496569
2017,8,35,주간,월,1,1,0,0,0,경북,포항시,차량단독,전도전복,전도전복,운전자법규위반,안전운전 의무 불이행,단일로,기타단일로,승용차,승용차,없음,없음,1166244,1800750,129.3488785,36.18962464
2017,8,10,야간,목,1,1,0,0,0,경북,포항시,차대사람,횡단중,횡단중,운전자법규위반,신호위반,교차로,교차로내,승용차,승용차,보행자,보행자,1167747,1782264,129.36165018,36.02278796
2017,9,15,야간,목,1,1,0,0,0,경북,포항시,차량단독,전도,전도,운전자법규위반,안전운전 의무 불이행,단일로,기타단일로,승용차,승용차,없음,없음,1167233,1775764,129.35457644,35.96430347
2017,9,40,야간,목,1,1,0,0,0,경북,포항시,차량단독,공작물충돌,공작물충돌,운전자법규위반,안전운전 의무 불이행,단일로,기타단일로,화물차,화물차,없음,없음,1166866,1786618,129.35279676,36.06217388
2017,10,20,야간,화,1,2,0,1,0,경북,포항시,차대사람,기타,기타,운전자법규위반,안전운전 의무 불이행,단일로,기타단일로,승합차,승합차,보행자,보행자,1175250,1778568,129.44405797,35.98816303
2017,11,22,주간,토,1,1,0,0,0,경북,포항시,차대사람,횡단중,횡단중,운전자법규위반,보행자 보호의무 위반,단일로,기타단일로,승용차,승용차,보행자,보행자,1168676,1782841,129.37207829,36.02782689
2017,11,10,야간,토,1,1,0,0,0,경북,포항시,차대사람,기타,기타,운전자법규위반,안전운전 의무 불이행,단일로,기타단일로,승용차,승용차,보행자,보행자,1167012,1781683,129.35337438,36.01767879
2017,11,18,주간,화,1,1,0,0,0,경북,포항시,차량단독,기타,기타,운전자법규위반,기타(운전자법규위반),단일로,기타단일로,화물차,화물차,없음,없음,1143534,1797096,129.09573706,36.16032857
2017,11,35,야간,화,1,1,0,0,0,경북,포항시,차대사람,기타,기타,운전자법규위반,안전운전 의무 불이행,단일로,기타단일로,승용차,승용차,보행자,보행자,1168715,1785547,129.37308852,36.05220404
2017,11,25,주간,수,2,3,1,0,0,경북,포항시,차대차,기타,기타,운전자법규위반,안전운전 의무 불이행,교차로,교차로부근,승용차,승용차,자전거,자전거,1166314,1792063,129.34781882,36.11133397
2017,12,14,야간,월,1,1,0,0,0,경북,포항시,차량단독,도로이탈,도로이탈 기타,운전자법규위반,안전운전 의무 불이행,교차로,교차로부근,이륜차,이륜차,없음,없음,1186893,1785015,129.57466319,36.04408855
2017,12,55,야간,금,1,1,0,0,0,경북,포항시,차대사람,횡단중,횡단중,운전자법규위반,과속,교차로,교차로내,특수차,특수차,보행자,보행자,1170028,1776109,129.38563134,35.96692935
2017,1,49,주간,월,1,1,0,0,0,광주,광산구,차대사람,횡단중,횡단중,운전자법규위반,중앙선 침범,교차로,교차로부근,승용차,승용차,보행자,보행자,935909,1682432,126.79694652,35.13499317
2017,1,0,주간,수,2,2,0,0,0,광주,광산구,차대차,추돌,추돌,운전자법규위반,안전운전 의무 불이행,단일로,기타단일로,화물차,화물차,건설기계,건설기계,925573,1685489,126.68277281,35.16190842
2017,2,55,야간,일,1,1,0,0,0,광주,광산구,차대사람,횡단중,횡단중,운전자법규위반,안전운전 의무 불이행,단일로,기타단일로,승용차,승용차,보행자,보행자,935767,1685359,126.79467582,35.16154492
2017,2,50,주간,화,1,1,0,0,0,광주,광산구,차대차,측면충돌,측면충돌,운전자법규위반,신호위반,교차로,교차로내,건설기계,건설기계,자전거,자전거,939569,1687132,126.83641526,35.17764973
2017,2,45,야간,화,1,1,0,0,0,광주,광산구,차대사람,횡단중,횡단중,운전자법규위반,안전운전 의무 불이행,단일로,기타단일로,화물차,화물차,보행자,보행자,940826,1691553,126.84980833,35.21759893
2017,3,10,주간,금,1,1,0,0,0,광주,광산구,차대사람,횡단중,횡단중,운전자법규위반,보행자 보호의무 위반,교차로,교차로내,화물차,화물차,보행자,보행자,940473,1691106,126.84596219,35.21354765
2017,3,0,주간,수,1,1,0,0,0,광주,광산구,차대차,정면충돌,정면충돌,운전자법규위반,안전운전 의무 불이행,교차로,교차로내,승합차,승합차,자전거,자전거,936492,1683229,126.80283145,35.14228044
2017,3,2,주간,목,1,1,0,0,0,광주,광산구,차대사람,횡단중,횡단중,운전자법규위반,안전운전 의무 불이행,교차로,교차로부근,화물차,화물차,보행자,보행자,936416,1683091,126.80199394,35.14124318
2017,3,15,야간,화,1,1,0,0,0,광주,광산구,차대사람,기타,기타,운전자법규위반,안전운전 의무 불이행,단일로,기타단일로,화물차,화물차,보행자,보행자,937091,1686403,126.808135,35.17219493
2017,3,50,야간,화,1,1,0,0,0,광주,광산구,차대차,측면충돌,측면충돌,운전자법규위반,안전거리 미확보,단일로,기타단일로,화물차,화물차,이륜차,이륜차,936676,1689353,126.80448122,35.19748907
2017,3,46,주간,목,1,1,0,0,0,광주,광산구,차대사람,횡단중,횡단중,운전자법규위반,안전운전 의무 불이행,교차로,교차로부근,화물차,화물차,보행자,보행자,935534,1681717,126.79243353,35.12858646
2017,3,51,야간,금,1,1,0,0,0,광주,광산구,차대사람,횡단중,횡단중,운전자법규위반,안전운전 의무 불이행,교차로,교차로부근,승용차,승용차,보행자,보행자,936640,1682976,126.80295749,35.13998634
2017,3,10,주간,금,1,2,1,0,0,광주,광산구,차대차,추돌,추돌,운전자법규위반,안전운전 의무 불이행,단일로,지하차도(도로)내,화물차,화물차,농기계,농기계,935701,1687437,126.79382084,35.18017167
2017,3,5,야간,금,1,3,2,0,0,광주,광산구,차대차,추돌,추돌,운전자법규위반,안전운전 의무 불이행,단일로,기타단일로,승용차,승용차,승합차,승합차,929996,1680588,126.73174977,35.11803681
2017,4,25,야간,금,1,2,1,0,0,광주,광산구,차대사람,기타,기타,운전자법규위반,신호위반,단일로,기타단일로,승용차,승용차,보행자,보행자,939741,1691588,126.83788471,35.21784989
2017,4,28,야간,금,1,1,0,0,0,광주,광산구,차대사람,횡단중,횡단중,운전자법규위반,안전운전 의무 불이행,단일로,기타단일로,승용차,승용차,보행자,보행자,935289,1687455,126.78929485,35.1803075
2017,4,0,야간,월,1,1,0,0,0,광주,광산구,차대차,측면충돌,측면충돌,운전자법규위반,신호위반,교차로,교차로내,승용차,승용차,원동기장치자전거,원동기장치자전거,937857,1687338,126.81750557,35.17941477
2017,4,55,야간,일,1,2,1,0,0,광주,광산구,차대차,추돌,추돌,운전자법규위반,과속,단일로,기타단일로,승용차,승용차,원동기장치자전거,원동기장치자전거,930026,1684319,126.73176302,35.15167919
2017,5,20,주간,목,1,1,0,0,0,광주,광산구,차대사람,횡단중,횡단중,운전자법규위반,보행자 보호의무 위반,교차로,교차로부근,화물차,화물차,보행자,보행자,936432,1685491,126.8018119,35.16255558
2017,5,33,야간,수,1,6,4,1,0,광주,광산구,차대사람,기타,기타,운전자법규위반,기타(운전자법규위반),단일로,기타단일로,승용차,승용차,보행자,보행자,937052,1686061,126.80878356,35.16783622
2017,6,4,주간,월,1,1,0,0,0,광주,광산구,차대차,측면충돌,측면충돌,운전자법규위반,신호위반,교차로,교차로내,화물차,화물차,자전거,자전거,935838,1682195,126.79568467,35.13290201
2017,6,35,야간,금,1,1,0,0,0,광주,광산구,차량단독,전도,전도,운전자법규위반,안전운전 의무 불이행,단일로,고가도로위,승용차,승용차,없음,없음,939234,1688087,126.8325791,35.18598738
2017,8,30,야간,화,1,1,0,0,0,광주,광산구,차대사람,길가장자리구역통행중,길가장자리구역통행중,운전자법규위반,안전운전 의무 불이행,단일로,기타단일로,승합차,승합차,보행자,보행자,933755,1677959,126.77262573,35.09217115
2017,9,44,야간,목,1,2,1,0,0,광주,광산구,차대차,정면충돌,정면충돌,운전자법규위반,중앙선 침범,단일로,기타단일로,승용차,승용차,승용차,승용차,942403,1688799,126.86732776,35.19285907
2017,9,53,주간,목,1,1,0,0,0,광주,광산구,차대사람,횡단중,횡단중,운전자법규위반,안전운전 의무 불이행,단일로,기타단일로,이륜차,이륜차,보행자,보행자,932576,1680898,126.76003624,35.12100807
2017,9,50,야간,목,1,2,1,0,0,광주,광산구,차대차,기타,기타,운전자법규위반,신호위반,교차로,교차로내,승용차,승용차,이륜차,이륜차,936662,1687073,126.80440252,35.17695074
2017,9,45,야간,목,2,2,0,0,0,광주,광산구,차대사람,횡단중,횡단중,운전자법규위반,안전운전 의무 불이행,기타,기타,승용차,승용차,보행자,보행자,936822,1685397,126.80611768,35.16185626
2017,9,45,주간,금,1,1,0,0,0,광주,광산구,차대사람,횡단중,횡단중,운전자법규위반,신호위반,교차로,교차로부근,승합차,승합차,보행자,보행자,937693,1686486,126.81648729,35.17169862
2017,9,0,주간,토,1,1,0,0,0,광주,광산구,차량단독,기타,기타,운전자법규위반,안전운전 의무 불이행,기타,기타,자전거,자전거,없음,없음,941255,1691295,126.85454024,35.21529788
2017,10,43,주간,목,1,1,0,0,0,광주,광산구,차대차,측면충돌,측면충돌,운전자법규위반,안전운전 의무 불이행,교차로,교차로내,건설기계,건설기계,자전거,자전거,938549,1686706,126.82515218,35.1737589
2017,10,0,야간,금,1,1,0,0,0,광주,광산구,차량단독,기타,기타,운전자법규위반,안전운전 의무 불이행,단일로,교량위,승용차,승용차,없음,없음,932369,1680647,126.75778516,35.11873103
2017,12,40,주간,목,1,1,0,0,0,광주,광산구,차대차,측면충돌,측면충돌,운전자법규위반,직진 및 우회전차의 통행방해,교차로,교차로내,승용차,승용차,이륜차,이륜차,933885,1675880,126.77480198,35.07584976
2017,1,31,야간,수,1,4,0,3,0,광주,남구,차대차,추돌,추돌,운전자법규위반,안전운전 의무 불이행,단일로,기타단일로,승용차,승용차,승용차,승용차,934025,1675163,126.77639457,35.06939402
2017,3,25,야간,화,1,1,0,0,0,광주,남구,차대사람,횡단중,횡단중,운전자법규위반,안전운전 의무 불이행,단일로,기타단일로,승용차,승용차,보행자,보행자,944707,1683175,126.89303146,35.14226718
2017,4,5,주간,토,1,3,0,2,0,광주,남구,차대사람,횡단중,횡단중,운전자법규위반,안전운전 의무 불이행,단일로,기타단일로,승합차,승합차,보행자,보행자,945123,1681539,126.89768675,35.12755021
2017,5,4,주간,목,1,1,0,0,0,광주,남구,차대사람,횡단중,횡단중,운전자법규위반,신호위반,교차로,교차로부근,화물차,화물차,보행자,보행자,945431,1682125,126.90102841,35.13285078
2017,7,47,야간,토,1,1,0,0,0,광주,남구,차대사람,횡단중,횡단중,운전자법규위반,안전운전 의무 불이행,단일로,기타단일로,승용차,승용차,보행자,보행자,946194,1683482,126.90931463,35.14512761
2017,7,55,주간,월,1,1,0,0,0,광주,남구,차대사람,횡단중,횡단중,운전자법규위반,안전운전 의무 불이행,단일로,기타단일로,승합차,승합차,보행자,보행자,945368,1682234,126.9004406,35.13367924
2017,9,30,주간,목,1,1,0,0,0,광주,남구,차대차,정면충돌,정면충돌,운전자법규위반,안전운전 의무 불이행,단일로,기타단일로,승용차,승용차,자전거,자전거,944974,1679861,126.89649646,35.11259485
2017,9,50,야간,금,1,1,0,0,0,광주,남구,차대사람,횡단중,횡단중,운전자법규위반,과속,단일로,기타단일로,승합차,승합차,보행자,보행자,944407,1679580,126.88996025,35.10984708
2017,10,54,주간,토,1,1,0,0,0,광주,남구,차대사람,기타,기타,운전자법규위반,안전운전 의무 불이행,단일로,기타단일로,승합차,승합차,보행자,보행자,945477,1680022,126.90167199,35.11389101
2017,11,40,야간,화,1,1,0,0,0,광주,남구,차대사람,횡단중,횡단중,운전자법규위반,안전운전 의무 불이행,교차로,교차로부근,승용차,승용차,보행자,보행자,945129,1681379,126.89776323,35.12610785
2017,11,45,주간,목,1,1,0,0,0,광주,남구,차대사람,기타,기타,운전자법규위반,안전운전 의무 불이행,교차로,교차로부근,화물차,화물차,보행자,보행자,945741,1679059,126.9044795,35.10523489
2017,11,33,주간,토,1,1,0,0,0,광주,남구,차대차,측면충돌,측면충돌,운전자법규위반,신호위반,교차로,교차로내,이륜차,이륜차,승용차,승용차,945710,1679819,126.9042421,35.1120732