year,month,minute,day_night,day,death,casualties,중상자수,경상자수,부상신고자수,state,state2,사고유형_대분류,사고유형_중분류,사고유형,법규위반_대분류,법규위반,도로형태_대분류,도로형태,당사자종별_1당_대분류,당사자종별_1당,당사자종별_2당_대분류,당사자종별_2당,발생위치X_UTMK,발생위치Y_UTMK,경도,위도
2017,11,42,주간,월,1,1,0,0,0,광주,남구,차대사람,횡단중,횡단중,운전자법규위반,보행자 보호의무 위반,단일로,기타단일로,승용차,승용차,보행자,보행자,944310,1679496,126.88890154,35.10908431
2017,12,10,야간,일,1,1,0,0,0,광주,남구,차대차,추돌,추돌,운전자법규위반,안전운전 의무 불이행,단일로,기타단일로,승용차,승용차,자전거,자전거,945595,1683147,126.90276116,35.14207477
2017,12,34,야간,월,1,1,0,0,0,광주,남구,차대차,측면충돌,측면충돌,운전자법규위반,안전운전 의무 불이행,교차로,교차로내,승용차,승용차,이륜차,이륜차,946097,1683400,126.90777785,35.14404979
2017,2,20,야간,화,1,1,0,0,0,광주,동구,차대차,기타,기타,운전자법규위반,안전운전 의무 불이행,단일로,기타단일로,승용차,승용차,승용차,승용차,948643,1685046,126.93610142,35.15935792
2017,4,3,야간,화,1,2,0,1,0,광주,동구,차대차,측면충돌,측면충돌,운전자법규위반,중앙선 침범,단일로,기타단일로,이륜차,이륜차,승용차,승용차,947939,1682057,126.92855996,35.13273034
2017,5,20,야간,일,1,2,1,0,0,광주,동구,차대차,측면충돌,측면충돌,운전자법규위반,안전운전 의무 불이행,단일로,기타단일로,승용차,승용차,승용차,승용차,948725,1678935,126.93768669,35.10526812
2017,5,15,야간,금,1,3,1,1,0,광주,동구,차대차,측면충돌,측면충돌,운전자법규위반,중앙선 침범,단일로,기타단일로,승용차,승용차,승용차,승용차,947793,1683405,126.92661554,35.14548483
2017,6,5,주간,일,1,1,0,0,0,광주,동구,차대차,측면충돌,측면충돌,운전자법규위반,부당한 회전,교차로,교차로내,자전거,자전거,승합차,승합차,947181,1685304,126.92028829,35.16151771
2017,6,45,주간,목,1,1,0,0,0,광주,동구,차대사람,기타,기타,운전자법규위반,안전운전 의무 불이행,단일로,기타단일로,화물차,화물차,보행자,보행자,948035,1685052,126.92946403,35.15952432
2017,9,15,주간,일,1,6,3,2,0,광주,동구,차대차,추돌,추돌,운전자법규위반,안전운전 의무 불이행,교차로,교차로부근,승용차,승용차,승용차,승용차,947696,1683359,126.92576557,35.14411743
2017,10,20,주간,월,1,1,0,0,0,광주,동구,차대사람,기타,기타,운전자법규위반,안전운전 의무 불이행,단일로,기타단일로,승용차,승용차,보행자,보행자,947643,1682295,126.92529635,35.13450119
2017,10,55,주간,수,1,1,0,0,0,광주,동구,차대사람,횡단중,횡단중,운전자법규위반,안전운전 의무 불이행,교차로,교차로내,승합차,승합차,보행자,보행자,948715,1683801,126.93689923,35.14778733
2017,10,25,야간,금,1,6,3,2,0,광주,동구,차대차,기타,기타,운전자법규위반,중앙선 침범,단일로,고가도로위,승용차,승용차,승용차,승용차,947452,1682809,126.92240946,35.13886256
2017,12,15,주간,금,1,1,0,0,0,광주,동구,차대사람,횡단중,횡단중,운전자법규위반,보행자 보호의무 위반,교차로,교차로횡단보도내,화물차,화물차,보행자,보행자,948021,1681767,126.92947854,35.12975993
2017,12,50,야간,토,1,6,2,3,0,광주,동구,차대차,정면충돌,정면충돌,운전자법규위반,중앙선 침범,단일로,기타단일로,승용차,승용차,승용차,승용차,948703,1679181,126.93732224,35.10608879
2017,1,25,주간,일,1,5,3,1,0,광주,북구,차량단독,도로이탈,도로이탈 추락,운전자법규위반,안전운전 의무 불이행,단일로,교량위,화물차,화물차,없음,없음,942432,1692541,126.86738462,35.22660077
2017,1,6,야간,토,1,3,2,0,0,광주,북구,차대사람,횡단중,횡단중,운전자법규위반,과속,단일로,기타단일로,승용차,승용차,보행자,보행자,941491,1686712,126.85745861,35.17398868
2017,1,50,야간,일,1,1,0,0,0,광주,북구,차량단독,공작물충돌,공작물충돌,운전자법규위반,안전운전 의무 불이행,단일로,기타단일로,승용차,승용차,없음,없음,943306,1688890,126.87723981,35.19374813
2017,2,10,주간,수,1,7,0,6,0,광주,북구,차대차,추돌,추돌,운전자법규위반,안전운전 의무 불이행,단일로,기타단일로,화물차,화물차,승용차,승용차,945432,1690746,126.9010718,35.21048933
2017,2,50,주간,금,1,1,0,0,0,광주,북구,차대차,측면충돌,측면충돌,운전자법규위반,앞지르기 방법위반,교차로,교차로부근,화물차,화물차,원동기장치자전거,원동기장치자전거,946428,1687438,126.91162654,35.18081026
2017,2,10,야간,토,1,1,0,0,0,광주,북구,차량단독,공작물충돌,공작물충돌,운전자법규위반,안전운전 의무 불이행,단일로,기타단일로,화물차,화물차,없음,없음,941029,1693458,126.85190215,35.23478737
2017,2,40,야간,일,1,1,0,0,0,광주,북구,차대사람,기타,기타,운전자법규위반,안전운전 의무 불이행,단일로,기타단일로,승용차,승용차,보행자,보행자,945766,1688908,126.9019796,35.20325589
2017,2,42,야간,화,1,1,0,0,0,광주,북구,차대사람,횡단중,횡단중,운전자법규위반,과속,교차로,교차로내,승용차,승용차,보행자,보행자,942956,1689335,126.87336473,35.19772355
2017,3,45,야간,화,1,1,0,0,0,광주,북구,차대사람,횡단중,횡단중,운전자법규위반,과속,단일로,기타단일로,승용차,승용차,보행자,보행자,953936,1952044,126.8971968,35.17702971
2017,4,35,주간,수,1,1,0,0,0,광주,북구,차대사람,횡단중,횡단중,운전자법규위반,기타(운전자법규위반),단일로,기타단일로,화물차,화물차,보행자,보행자,944935,1686050,126.89548838,35.16792483
2017,4,53,야간,수,1,1,0,0,0,광주,북구,차대사람,횡단중,횡단중,운전자법규위반,안전운전 의무 불이행,단일로,기타단일로,승용차,승용차,보행자,보행자,945668,1685768,126.90338999,35.16571155
2017,4,46,야간,토,2,3,0,1,0,광주,북구,차대차,정면충돌,정면충돌,운전자법규위반,안전운전 의무 불이행,교차로,교차로횡단보도내,승용차,승용차,승용차,승용차,941507,1686586,126.85764325,35.17285352
2017,4,30,야간,토,1,1,0,0,0,광주,북구,차대사람,횡단중,횡단중,운전자법규위반,안전운전 의무 불이행,단일로,기타단일로,화물차,화물차,보행자,보행자,945705,1686186,126.90385313,35.16965698
2017,4,25,주간,목,1,3,1,1,0,광주,북구,차대차,추돌,추돌,운전자법규위반,안전운전 의무 불이행,단일로,기타단일로,특수차,특수차,화물차,화물차,943317,1688546,126.87738443,35.1906299
2017,4,41,주간,일,1,1,0,0,0,광주,북구,차대사람,길가장자리구역통행중,길가장자리구역통행중,운전자법규위반,안전운전 의무 불이행,단일로,기타단일로,승용차,승용차,보행자,보행자,942731,1690279,126.87082756,35.20622241
2017,5,30,야간,월,1,1,0,0,0,광주,북구,차대사람,기타,기타,운전자법규위반,안전운전 의무 불이행,기타,기타,승용차,승용차,보행자,보행자,943220,1687853,126.8759336,35.18471901
2017,5,50,야간,목,1,1,0,0,0,광주,북구,차대사람,횡단중,횡단중,운전자법규위반,신호위반,교차로,교차로부근,화물차,화물차,보행자,보행자,947144,1685671,126.91960314,35.16491566
2017,5,28,야간,토,1,1,0,0,0,광주,북구,차대사람,횡단중,횡단중,운전자법규위반,과속,교차로,교차로내,승용차,승용차,보행자,보행자,946520,1686869,126.91258971,35.17577442
2017,5,42,야간,일,1,1,0,0,0,광주,북구,차대사람,횡단중,횡단중,운전자법규위반,안전운전 의무 불이행,교차로,교차로부근,승합차,승합차,보행자,보행자,943473,1686994,126.8792043,35.17664487
2017,5,23,야간,일,1,1,0,0,0,광주,북구,차대사람,횡단중,횡단중,운전자법규위반,신호위반,교차로,교차로내,승용차,승용차,보행자,보행자,945809,1684807,126.90500132,35.1570541
2017,5,32,주간,월,1,1,0,0,0,광주,북구,차대사람,횡단중,횡단중,운전자법규위반,안전운전 의무 불이행,단일로,기타단일로,화물차,화물차,보행자,보행자,946669,1686403,126.91434022,35.1714908
2017,6,45,주간,목,1,1,0,0,0,광주,북구,차대사람,횡단중,횡단중,운전자법규위반,보행자 보호의무 위반,단일로,기타단일로,승용차,승용차,보행자,보행자,946424,1687897,126.91155278,35.18494871
2017,6,30,야간,토,1,2,0,1,0,광주,북구,차대차,추돌,추돌,운전자법규위반,안전운전 의무 불이행,교차로,교차로부근,승용차,승용차,승합차,승합차,944841,1693600,126.89378477,35.23628478
2017,7,16,야간,일,1,1,0,0,0,광주,북구,차대사람,기타,기타,운전자법규위반,안전운전 의무 불이행,단일로,기타단일로,승용차,승용차,보행자,보행자,944433,1687872,126.88968758,35.18461507
2017,7,35,야간,수,1,1,0,0,0,광주,북구,차대차,측면충돌,측면충돌,운전자법규위반,신호위반,교차로,교차로내,이륜차,이륜차,승용차,승용차,946268,1685933,126.90996742,35.16723157
2017,7,59,야간,수,1,1,0,0,0,광주,북구,차대사람,횡단중,횡단중,운전자법규위반,안전운전 의무 불이행,교차로,교차로횡단보도내,화물차,화물차,보행자,보행자,948307,1687805,126.93223939,35.18421789
2017,8,50,야간,월,1,1,0,0,0,광주,북구,차대사람,횡단중,횡단중,운전자법규위반,안전운전 의무 불이행,교차로,교차로부근,승용차,승용차,보행자,보행자,942942,1686723,126.87339176,35.17417134
2017,9,45,주간,화,1,1,0,0,0,광주,북구,차대사람,횡단중,횡단중,운전자법규위반,안전운전 의무 불이행,교차로,교차로내,화물차,화물차,보행자,보행자,945072,1693143,126.89635394,35.23217689
2017,10,35,야간,일,1,1,0,0,0,광주,북구,차대사람,차도통행중,차도통행중,운전자법규위반,안전운전 의무 불이행,단일로,기타단일로,승용차,승용차,보행자,보행자,947135,1688079,126.91934995,35.18662744
2017,10,18,주간,월,1,1,0,0,0,광주,북구,차대사람,횡단중,횡단중,운전자법규위반,안전운전 의무 불이행,교차로,교차로내,승용차,승용차,보행자,보행자,945094,1690023,126.89669639,35.20402228
2017,10,55,주간,일,1,2,1,0,0,광주,북구,차대차,정면충돌,정면충돌,운전자법규위반,중앙선 침범,단일로,기타단일로,승용차,승용차,승용차,승용차,943632,1686865,126.88154582,35.17517716
2017,10,30,야간,일,1,3,1,1,0,광주,북구,차량단독,공작물충돌,공작물충돌,운전자법규위반,안전운전 의무 불이행,단일로,기타단일로,승용차,승용차,없음,없음,945999,1684660,126.90709697,35.15573887
2017,12,40,야간,수,1,1,0,0,0,광주,북구,차대사람,횡단중,횡단중,운전자법규위반,안전운전 의무 불이행,단일로,기타단일로,승용차,승용차,보행자,보행자,948604,1685309,126.93565684,35.16172734
2017,1,5,야간,일,1,2,0,1,0,광주,서구,차대사람,횡단중,횡단중,운전자법규위반,과속,단일로,기타단일로,승용차,승용차,보행자,보행자,941740,1685408,126.86022993,35.1624138
2017,1,10,주간,화,1,9,3,5,0,광주,서구,차대사람,기타,기타,운전자법규위반,과속,단일로,기타단일로,승용차,승용차,보행자,보행자,944138,1684066,126.88670537,35.15028124
2017,1,30,주간,화,1,1,0,0,0,광주,서구,차대사람,횡단중,횡단중,운전자법규위반,신호위반,단일로,기타단일로,승용차,승용차,보행자,보행자,943573,1684337,126.88048418,35.15269321
2017,2,20,야간,화,1,1,0,0,0,광주,서구,차대사람,기타,기타,운전자법규위반,안전운전 의무 불이행,단일로,기타단일로,승용차,승용차,보행자,보행자,940640,1684354,126.84828316,35.15267757
2017,4,55,야간,월,1,1,0,0,0,광주,서구,차대차,측면충돌,측면충돌,운전자법규위반,보행자 보호의무 위반,단일로,기타단일로,승용차,승용차,승용차,승용차,943457,1683951,126.87923711,35.14920625
2017,4,20,야간,수,1,1,0,0,0,광주,서구,차대사람,횡단중,횡단중,운전자법규위반,안전운전 의무 불이행,교차로,교차로내,승용차,승용차,보행자,보행자,943297,1682660,126.87756925,35.13755669
2017,6,30,주간,금,1,1,0,0,0,광주,서구,차대사람,횡단중,횡단중,운전자법규위반,안전운전 의무 불이행,교차로,교차로부근,화물차,화물차,보행자,보행자,941136,1685803,126.85348038,35.16574582
2017,6,17,야간,일,1,2,1,0,0,광주,서구,차대사람,횡단중,횡단중,운전자법규위반,과속,교차로,교차로부근,이륜차,이륜차,보행자,보행자,942791,1683661,126.8723236,35.14653856
2017,6,59,주간,금,1,1,0,0,0,광주,서구,차대차,측면충돌,측면충돌,운전자법규위반,안전거리 미확보,단일로,기타단일로,이륜차,이륜차,승용차,승용차,939085,1681915,126.83139161,35.13059302
2017,7,40,야간,목,1,1,0,0,0,광주,서구,차대사람,횡단중,횡단중,운전자법규위반,안전운전 의무 불이행,교차로,교차로횡단보도내,승용차,승용차,보행자,보행자,944046,1683048,126.88576435,35.14109712
2017,8,15,야간,일,1,1,0,0,0,광주,서구,차대차,측면충돌,측면충돌,운전자법규위반,신호위반,교차로,교차로내,자전거,자전거,승용차,승용차,941700,1680849,126.86016763,35.12113617
2017,8,40,야간,일,1,1,0,0,0,광주,서구,차량단독,전도,전도,운전자법규위반,안전운전 의무 불이행,단일로,기타단일로,이륜차,이륜차,없음,없음,942986,1681366,126.87424485,35.12587149
2017,8,25,야간,목,1,2,1,0,0,광주,서구,차대차,측면충돌,측면충돌,운전자법규위반,안전운전 의무 불이행,단일로,기타단일로,승용차,승용차,이륜차,이륜차,943470,1683919,126.8792591,35.14905668
2017,9,14,야간,토,1,1,0,0,0,광주,서구,차대사람,횡단중,횡단중,운전자법규위반,과속,교차로,교차로횡단보도내,승용차,승용차,보행자,보행자,941242,1684239,126.85490036,35.15167603
2017,10,5,야간,목,1,1,0,0,0,광주,서구,차대사람,기타,기타,운전자법규위반,안전운전 의무 불이행,단일로,기타단일로,승용차,승용차,보행자,보행자,943497,1684350,126.88048706,35.15260215
2017,10,20,주간,일,1,1,0,0,0,광주,서구,차대사람,횡단중,횡단중,운전자법규위반,안전운전 의무 불이행,단일로,기타단일로,승용차,승용차,보행자,보행자,941281,1684150,126.85536554,35.15074254
2017,10,20,주간,일,1,1,0,0,0,광주,서구,차대사람,횡단중,횡단중,운전자법규위반,안전운전 의무 불이행,단일로,기타단일로,승용차,승용차,보행자,보행자,941261,1684168,126.85537048,35.15067223
2017,11,30,야간,금,1,2,0,1,0,광주,서구,차대차,추돌,추돌,운전자법규위반,안전운전 의무 불이행,단일로,기타단일로,승용차,승용차,화물차,화물차,941602,1680913,126.85908764,35.12170756
2017,11,10,야간,목,1,1,0,0,0,광주,서구,차대사람,횡단중,횡단중,운전자법규위반,과속,교차로,교차로부근,승용차,승용차,보행자,보행자,943805,1683408,126.88309441,35.1443297
2017,11,35,야간,일,1,1,0,0,0,광주,서구,차대차,측면충돌,측면충돌,운전자법규위반,신호위반,단일로,기타단일로,승합차,승합차,이륜차,이륜차,941444,1684064,126.85713039,35.1501099
2017,11,4,주간,수,1,1,0,0,0,광주,서구,차대차,측면충돌,측면충돌,운전자법규위반,과속,단일로,기타단일로,승용차,승용차,자전거,자전거,943249,1684979,126.87688301,35.15846368
2017,11,0,야간,토,1,3,0,2,0,광주,서구,차대차,기타,기타,운전자법규위반,안전운전 의무 불이행,교차로,교차로부근,승용차,승용차,승용차,승용차,942005,1685198,126.86320944,35.16036731
2017,11,44,야간,일,1,1,0,0,0,광주,서구,차대사람,횡단중,횡단중,운전자법규위반,안전운전 의무 불이행,교차로,교차로내,승용차,승용차,보행자,보행자,945546,1684153,126.90215694,35.15114295
2017,12,10,야간,일,1,1,0,0,0,광주,서구,차대차,기타,기타,운전자법규위반,중앙선 침범,교차로,교차로부근,승용차,승용차,이륜차,이륜차,945759,1683946,126.90450893,35.14928801
2017,12,30,야간,금,1,1,0,0,0,광주,서구,차대사람,횡단중,횡단중,운전자법규위반,안전운전 의무 불이행,단일로,기타단일로,승용차,승용차,보행자,보행자,944826,1684196,126.8944488,35.1514365
2017,1,20,주간,목,1,1,0,0,0,대구,남구,차대차,측면충돌,측면충돌,운전자법규위반,안전운전 의무 불이행,기타,기타,자전거,자전거,화물차,화물차,1098374,1762641,128.58949012,35.85537966
2017,1,3,야간,토,1,1,0,0,0,대구,남구,차대사람,기타,기타,운전자법규위반,안전운전 의무 불이행,단일로,기타단일로,승용차,승용차,보행자,보행자,1097239,1760778,128.57669497,35.83869882
2017,5,26,야간,토,1,1,0,0,0,대구,남구,차대사람,횡단중,횡단중,운전자법규위반,안전운전 의무 불이행,단일로,기타단일로,승용차,승용차,보행자,보행자,1098498,1761887,128.59077009,35.84857025
2017,7,13,야간,토,1,1,0,0,0,대구,남구,차대사람,횡단중,횡단중,운전자법규위반,안전운전 의무 불이행,단일로,기타단일로,승용차,승용차,보행자,보행자,1099174,1762583,128.59834144,35.85477616
2017,7,10,야간,월,1,1,0,0,0,대구,남구,차대사람,횡단중,횡단중,운전자법규위반,안전운전 의무 불이행,교차로,교차로내,승용차,승용차,보행자,보행자,1099939,1762617,128.60681658,35.85500491
2017,9,25,주간,토,1,1,0,0,0,대구,남구,차대사람,횡단중,횡단중,운전자법규위반,안전운전 의무 불이행,단일로,기타단일로,건설기계,건설기계,보행자,보행자,1096684,1761964,128.57136325,35.84978166
2017,9,55,야간,토,1,1,0,0,0,대구,남구,차대사람,기타,기타,운전자법규위반,안전운전 의무 불이행,단일로,기타단일로,승용차,승용차,보행자,보행자,1097746,1761917,128.58244743,35.84891598
2017,10,8,야간,화,1,1,0,0,0,대구,남구,차대사람,횡단중,횡단중,운전자법규위반,과속,단일로,기타단일로,승용차,승용차,보행자,보행자,1098311,1761423,128.58864241,35.84440628
2017,12,10,주간,목,1,2,0,1,0,대구,남구,차대차,추돌,추돌,운전자법규위반,안전운전 의무 불이행,기타,기타,승용차,승용차,건설기계,건설기계,1098524,1760180,128.59084724,35.83317981
2017,12,40,주간,화,1,1,0,0,0,대구,남구,차대차,측면충돌,측면충돌,운전자법규위반,안전거리 미확보,단일로,기타단일로,원동기장치자전거,원동기장치자전거,승용차,승용차,1097665,1761046,128.58144396,35.84107237
2017,2,15,야간,수,1,1,0,0,0,대구,달서구,차대차,측면충돌,측면충돌,운전자법규위반,신호위반,교차로,교차로내,원동기장치자전거,원동기장치자전거,화물차,화물차,1093087,1760566,128.53070336,35.83719077
2017,3,55,야간,수,1,1,0,0,0,대구,달서구,차대차,추돌,추돌,운전자법규위반,안전운전 의무 불이행,단일로,기타단일로,승용차,승용차,자전거,자전거,1093201,1757044,128.53155454,35.80543
2017,3,50,주간,월,1,3,0,2,0,대구,달서구,차대차,추돌,추돌,운전자법규위반,안전운전 의무 불이행,교차로,교차로부근,승용차,승용차,화물차,화물차,1090957,1760354,128.50709814,35.83547958
2017,4,50,야간,월,1,1,0,0,0,대구,달서구,차량단독,전도,전도,운전자법규위반,안전운전 의무 불이행,교차로,교차로내,승용차,승용차,없음,없음,1088669,1761191,128.48186121,35.84323463
2017,5,8,야간,수,1,1,0,0,0,대구,달서구,차대차,추돌,추돌,운전자법규위반,안전운전 의무 불이행,단일로,기타단일로,승용차,승용차,건설기계,건설기계,1090954,1758885,128.50689761,35.82223711
2017,5,51,주간,토,1,1,0,0,0,대구,달서구,차량단독,전도,전도,운전자법규위반,안전운전 의무 불이행,단일로,기타단일로,자전거,자전거,없음,없음,1093662,1760709,128.53708588,35.83842511
2017,5,0,주간,월,1,1,0,0,0,대구,달서구,차대차,측면충돌,측면충돌,운전자법규위반,교차로 통행방법 위반,교차로,교차로내,화물차,화물차,이륜차,이륜차,1089237,1760533,128.48807645,35.83725131
2017,6,58,야간,월,1,1,0,0,0,대구,달서구,차대차,측면충돌,측면충돌,운전자법규위반,과속,교차로,교차로횡단보도내,승용차,승용차,자전거,자전거,1092813,1757427,128.52730521,35.80891943
2017,6,5,야간,목,1,3,2,0,0,대구,달서구,차대차,추돌,추돌,운전자법규위반,안전운전 의무 불이행,단일로,기타단일로,승용차,승용차,화물차,화물차,1091783,1759179,128.51610747,35.82481024
2017,6,20,야간,월,1,3,2,0,0,대구,달서구,차량단독,공작물충돌,공작물충돌,운전자법규위반,안전운전 의무 불이행,기타,기타,승용차,승용차,없음,없음,1093027,1762246,128.53023497,35.85234119
2017,7,18,야간,월,1,1,0,0,0,대구,달서구,차대사람,횡단중,횡단중,운전자법규위반,안전운전 의무 불이행,교차로,교차로횡단보도내,화물차,화물차,보행자,보행자,1089548,1762593,128.49175074,35.85579348
2017,9,30,야간,토,1,1,0,0,0,대구,달서구,차대사람,기타,기타,운전자법규위반,안전운전 의무 불이행,교차로,교차로내,승용차,승용차,보행자,보행자,1095890,1762282,128.561941,35.8523897
2017,10,20,야간,금,1,1,0,0,0,대구,달서구,차대차,측면충돌,측면충돌,운전자법규위반,신호위반,교차로,교차로내,승용차,승용차,이륜차,이륜차,1096800,1763355,128.57214754,35.86197286
2017,10,35,야간,금,1,1,0,0,0,대구,달서구,차대사람,횡단중,횡단중,운전자법규위반,신호위반,교차로,교차로내,승용차,승용차,보행자,보행자,1095452,1760598,128.55706886,35.83740802
2017,11,30,주간,화,1,1,0,0,0,대구,달서구,차대사람,횡단중,횡단중,운전자법규위반,과속,교차로,교차로부근,승용차,승용차,보행자,보행자,1093368,1759924,128.53373919,35.8313766
2017,11,40,야간,수,1,1,0,0,0,대구,달서구,차대사람,횡단중,횡단중,운전자법규위반,안전운전 의무 불이행,교차로,교차로내,승합차,승합차,보행자,보행자,1094141,1758061,128.54207676,35.81450827
2017,11,53,야간,일,1,3,2,0,0,대구,달서구,차대차,기타,기타,운전자법규위반,안전운전 의무 불이행,기타,기타,승용차,승용차,화물차,화물차,1094129,1760830,128.5422703,35.83947115
2017,12,40,야간,수,1,1,0,0,0,대구,달서구,차대사람,횡단중,횡단중,운전자법규위반,안전운전 의무 불이행,단일로,기타단일로,승용차,승용차,보행자,보행자,1094966,1760592,128.55150852,35.83724493
2017,12,53,야간,토,1,1,0,0,0,대구,달서구,차대사람,횡단중,횡단중,운전자법규위반,안전운전 의무 불이행,단일로,기타단일로,승용차,승용차,보행자,보행자,1094325,1761448,128.54451329,35.84502338
2017,12,15,주간,일,1,1,0,0,0,대구,달서구,차대사람,기타,기타,운전자법규위반,안전운전 의무 불이행,단일로,기타단일로,승용차,승용차,보행자,보행자,1093077,1761769,128.53073296,35.84803643
2017,1,43,야간,목,1,1,0,0,0,대구,달성군,차량단독,공작물충돌,공작물충돌,운전자법규위반,안전운전 의무 불이행,단일로,기타단일로,화물차,화물차,없음,없음,1088634,1750363,128.48027391,35.74562415
2017,3,40,주간,화,1,1,0,0,0,대구,달성군,차대차,측면충돌,측면충돌,운전자법규위반,안전운전 의무 불이행,교차로,교차로내,화물차,화물차,이륜차,이륜차,1082392,1739582,128.41014161,35.64897335
2017,4,30,야간,토,1,4,2,1,0,대구,달성군,차대차,추돌,추돌,운전자법규위반,안전운전 의무 불이행,교차로,교차로내,승용차,승용차,승용차,승용차,1087775,1764548,128.47233246,35.87357797
2017,4,15,야간,일,1,2,0,1,0,대구,달성군,차대사람,횡단중,횡단중,운전자법규위반,보행자 보호의무 위반,교차로,교차로내,이륜차,이륜차,보행자,보행자,1090418,1756520,128.50069714,35.80096655
2017,5,0,주간,월,1,1,0,0,0,대구,달성군,차대차,정면충돌,정면충돌,운전자법규위반,안전운전 의무 불이행,교차로,교차로내,화물차,화물차,원동기장치자전거,원동기장치자전거,1085952,1740748,128.44958678,35.65918152
2017,5,0,주간,월,1,3,0,1,1,대구,달성군,차대차,측면충돌,측면충돌,운전자법규위반,신호위반,교차로,교차로내,승용차,승용차,승용차,승용차,1083035,1741219,128.41741247,35.66367752
2017,6,0,주간,금,1,1,0,0,0,대구,달성군,차량단독,전도,전도,운전자법규위반,안전운전 의무 불이행,단일로,기타단일로,농기계,농기계,없음,없음,1089390,1738232,128.48728528,35.63619398
2017,6,47,주간,금,1,1,0,0,0,대구,달성군,차대차,정면충돌,정면충돌,운전자법규위반,중앙선 침범,단일로,기타단일로,이륜차,이륜차,승합차,승합차,1089114,1756242,128.48623613,35.79857966
2017,6,45,주간,금,1,3,2,0,0,대구,달성군,차대차,측면충돌,측면충돌,운전자법규위반,과속,교차로,교차로내,승용차,승용차,화물차,화물차,1086800,1742412,128.45913363,35.67410855
2017,7,25,야간,월,1,1,0,0,0,대구,달성군,차대사람,횡단중,횡단중,운전자법규위반,안전운전 의무 불이행,교차로,교차로내,화물차,화물차,보행자,보행자,1086123,1763339,128.453904,35.86282569
2017,7,30,야간,일,1,1,0,0,0,대구,달성군,차량단독,공작물충돌,공작물충돌,운전자법규위반,과속,교차로,교차로내,승용차,승용차,없음,없음,1090106,1756817,128.49727803,35.80367266
2017,8,45,주간,목,1,2,1,0,0,대구,달성군,차대차,추돌,추돌,운전자법규위반,안전운전 의무 불이행,단일로,기타단일로,특수차,특수차,건설기계,건설기계,1087447,1771239,128.4694349,35.93392532
2017,8,12,주간,일,1,1,0,0,0,대구,달성군,차량단독,공작물충돌,공작물충돌,운전자법규위반,안전운전 의무 불이행,단일로,기타단일로,자전거,자전거,없음,없음,1086184,1761521,128.4543831,35.84643122
2017,8,0,야간,수,1,4,3,0,0,대구,달성군,차대차,정면충돌,정면충돌,운전자법규위반,중앙선 침범,단일로,기타단일로,승용차,승용차,화물차,화물차,1085777,1754564,128.44912985,35.78374971
2017,9,0,야간,금,1,3,2,0,0,대구,달성군,차량단독,공작물충돌,공작물충돌,운전자법규위반,중앙선 침범,교차로,교차로부근,승용차,승용차,없음,없음,1087686,1762332,128.47110294,35.85360904
2017,9,20,야간,수,1,1,0,0,0,대구,달성군,차대차,추돌,추돌,운전자법규위반,안전운전 의무 불이행,단일로,기타단일로,화물차,화물차,화물차,화물차,1088227,1752337,128.47599045,35.76345635
2017,9,8,주간,금,1,1,0,0,0,대구,달성군,차대차,측면충돌,측면충돌,운전자법규위반,안전운전 의무 불이행,교차로,교차로내,원동기장치자전거,원동기장치자전거,건설기계,건설기계,1082704,1740518,128.41368383,35.65738559
2017,10,10,야간,금,1,1,0,0,0,대구,달성군,차량단독,기타,기타,운전자법규위반,안전운전 의무 불이행,단일로,기타단일로,이륜차,이륜차,없음,없음,1083920,1763301,128.42950234,35.86267437
2017,10,20,주간,월,1,1,0,0,0,대구,달성군,차대차,기타,기타,운전자법규위반,신호위반,교차로,교차로내,이륜차,이륜차,승합차,승합차,1083361,1753558,128.42229499,35.77488853
2017,10,10,주간,목,1,1,0,0,0,대구,달성군,차대사람,횡단중,횡단중,운전자법규위반,안전운전 의무 불이행,기타,기타,승용차,승용차,보행자,보행자,1085211,1755203,128.44293582,35.78955959
2017,10,25,주간,월,2,2,0,0,0,대구,달성군,차대차,기타,기타,운전자법규위반,안전운전 의무 불이행,단일로,기타단일로,화물차,화물차,화물차,화물차,1081754,1752671,128.40442681,35.76702711
2017,10,0,야간,월,1,1,0,0,0,대구,달성군,차대사람,기타,기타,운전자법규위반,보행자 보호의무 위반,교차로,교차로횡단보도내,승용차,승용차,보행자,보행자,1106153,1748281,128.67372156,35.72512145
2017,11,25,야간,일,1,1,0,0,0,대구,달성군,차량단독,기타,기타,운전자법규위반,기타(운전자법규위반),기타,기타,화물차,화물차,없음,없음,1104281,1753444,128.65369839,35.77186336
2017,11,0,야간,목,1,1,0,0,0,대구,달성군,차대차,측면충돌,측면충돌,운전자법규위반,신호위반,교차로,교차로내,이륜차,이륜차,승합차,승합차,1084438,1754275,128.43428499,35.78126038
2017,12,15,주간,토,1,2,0,1,0,대구,달성군,차대차,측면충돌,측면충돌,운전자법규위반,신호위반,교차로,교차로내,승용차,승용차,승합차,승합차,1086629,1743982,128.45741341,35.68827739
2017,12,40,주간,일,1,1,0,0,0,대구,달성군,차대차,기타,기타,운전자법규위반,안전운전 의무 불이행,단일로,기타단일로,이륜차,이륜차,승용차,승용차,1082643,1765043,128.41554051,35.87848706