year,month,minute,day_night,day,death,casualties,중상자수,경상자수,부상신고자수,state,state2,사고유형_대분류,사고유형_중분류,사고유형,법규위반_대분류,법규위반,도로형태_대분류,도로형태,당사자종별_1당_대분류,당사자종별_1당,당사자종별_2당_대분류,당사자종별_2당,발생위치X_UTMK,발생위치Y_UTMK,경도,위도
2017,12,42,야간,일,1,4,0,2,1,대구,달성군,차대차,기타,기타,운전자법규위반,안전운전 의무 불이행,단일로,기타단일로,승용차,승용차,승용차,승용차,1087088,1762845,128.46453709,35.85828701
2017,12,35,야간,일,2,3,0,1,0,대구,달성군,차대차,측면충돌,측면충돌,운전자법규위반,중앙선 침범,단일로,기타단일로,승용차,승용차,승합차,승합차,1085461,1748122,128.4449468,35.72570209
2017,1,24,야간,수,1,1,0,0,0,대구,동구,차대사람,횡단중,횡단중,운전자법규위반,보행자 보호의무 위반,교차로,교차로횡단보도내,승용차,승용차,보행자,보행자,1100816,1764480,128.61676323,35.87170894
2017,2,14,주간,일,1,1,0,0,0,대구,동구,차대차,기타,기타,운전자법규위반,안전운전 의무 불이행,단일로,기타단일로,승용차,승용차,승합차,승합차,1113224,1764695,128.75421226,35.87229073
2017,2,31,주간,월,1,1,0,0,0,대구,동구,차량단독,공작물충돌,공작물충돌,운전자법규위반,안전운전 의무 불이행,단일로,기타단일로,화물차,화물차,없음,없음,1102905,1777397,128.64157229,35.98792878
2017,2,0,야간,목,1,1,0,0,0,대구,동구,차대차,기타,기타,운전자법규위반,안전운전 의무 불이행,단일로,기타단일로,승용차,승용차,승용차,승용차,1101133,1764885,128.62032551,35.87532709
2017,4,20,야간,목,1,1,0,0,0,대구,동구,차대사람,횡단중,횡단중,운전자법규위반,보행자 보호의무 위반,단일로,기타단일로,승용차,승용차,보행자,보행자,1108601,1763490,128.70284823,35.86195238
2017,4,45,야간,토,1,1,0,0,0,대구,동구,차량단독,공작물충돌,공작물충돌,운전자법규위반,안전운전 의무 불이행,단일로,기타단일로,승용차,승용차,없음,없음,1101936,1766017,128.62936426,35.88544807
2017,4,0,주간,수,1,1,0,0,0,대구,동구,차대차,측면충돌,측면충돌,운전자법규위반,안전운전 의무 불이행,단일로,기타단일로,건설기계,건설기계,자전거,자전거,1103217,1765841,128.64353132,35.88372727
2017,5,20,주간,목,1,1,0,0,0,대구,동구,차대사람,길가장자리구역통행중,길가장자리구역통행중,운전자법규위반,안전운전 의무 불이행,단일로,기타단일로,화물차,화물차,보행자,보행자,1112814,1764358,128.74962385,35.86930034
2017,5,45,야간,금,1,1,0,0,0,대구,동구,차대차,추돌,추돌,운전자법규위반,안전운전 의무 불이행,단일로,기타단일로,승용차,승용차,화물차,화물차,1109076,1763386,128.70809398,35.86096213
2017,5,5,야간,화,1,2,1,0,0,대구,동구,차대차,측면충돌,측면충돌,운전자법규위반,부당한 회전,교차로,교차로내,자전거,자전거,승용차,승용차,1101718,1763976,128.62668885,35.8670724
2017,6,50,야간,수,1,2,1,0,0,대구,동구,차대차,측면충돌,측면충돌,운전자법규위반,안전운전 의무 불이행,단일로,기타단일로,승용차,승용차,이륜차,이륜차,1111042,1764405,128.73000631,35.86992655
2017,6,17,주간,일,1,1,0,0,0,대구,동구,차대차,측면충돌,측면충돌,운전자법규위반,안전운전 의무 불이행,단일로,기타단일로,승용차,승용차,원동기장치자전거,원동기장치자전거,1108842,1773940,128.70694688,35.95612274
2017,7,50,주간,월,1,1,0,0,0,대구,동구,차량단독,기타,기타,운전자법규위반,안전운전 의무 불이행,단일로,기타단일로,화물차,화물차,없음,없음,1112634,1764492,128.74764938,35.87052894
2017,8,30,주간,일,1,1,0,0,0,대구,동구,차대차,측면충돌,측면충돌,운전자법규위반,부당한 회전,교차로,교차로횡단보도내,자전거,자전거,승용차,승용차,1102846,1767339,128.63961529,35.89726978
2017,8,34,야간,토,1,1,0,0,0,대구,동구,차대사람,횡단중,횡단중,운전자법규위반,과속,교차로,교차로부근,승용차,승용차,보행자,보행자,1107595,1764449,128.692058,35.87048856
2017,9,35,야간,토,1,1,0,0,0,대구,동구,차대사람,기타,기타,운전자법규위반,안전운전 의무 불이행,교차로,교차로부근,승용차,승용차,보행자,보행자,1102981,1766091,128.64094949,35.88600572
2017,9,20,야간,일,1,2,0,1,0,대구,동구,차대차,측면충돌,측면충돌,운전자법규위반,안전운전 의무 불이행,단일로,기타단일로,승용차,승용차,승용차,승용차,1107067,1764203,128.68595693,35.8685484
2017,9,40,주간,수,1,1,0,0,0,대구,동구,차대사람,횡단중,횡단중,운전자법규위반,안전운전 의무 불이행,단일로,기타단일로,화물차,화물차,보행자,보행자,1113497,1765135,128.75729837,35.87622526
2017,9,55,주간,목,1,1,0,0,0,대구,동구,차대차,측면충돌,측면충돌,운전자법규위반,신호위반,교차로,교차로내,승용차,승용차,승용차,승용차,1102906,1769995,128.64062363,35.92120543
2017,10,10,주간,일,1,2,0,1,0,대구,동구,차대차,측면충돌,측면충돌,운전자법규위반,신호위반,기타,기타,이륜차,이륜차,승용차,승용차,1101380,1764936,128.62306774,35.87576127
2017,12,56,주간,일,1,1,0,0,0,대구,동구,차량단독,공작물충돌,공작물충돌,운전자법규위반,안전운전 의무 불이행,단일로,기타단일로,승용차,승용차,없음,없음,1109085,1763948,128.70827054,35.86602707
2017,12,50,야간,수,1,1,0,0,0,대구,동구,차량단독,공작물충돌,공작물충돌,운전자법규위반,안전운전 의무 불이행,교차로,교차로부근,승용차,승용차,없음,없음,1103155,1766607,128.64294378,35.89063878
2017,1,24,주간,수,1,6,1,4,0,대구,북구,차대차,추돌,추돌,운전자법규위반,안전운전 의무 불이행,단일로,기타단일로,화물차,화물차,승용차,승용차,1094695,1767235,128.54929755,35.89715533
2017,1,0,주간,금,1,1,0,0,0,대구,북구,차대사람,횡단중,횡단중,운전자법규위반,안전운전 의무 불이행,단일로,기타단일로,승용차,승용차,보행자,보행자,1098607,1766759,128.59257978,35.89247791
2017,3,16,야간,금,1,1,0,0,0,대구,북구,차대사람,횡단중,횡단중,운전자법규위반,안전운전 의무 불이행,교차로,교차로내,승용차,승용차,보행자,보행자,1101241,1766788,128.62176362,35.8924703
2017,3,10,주간,목,1,1,0,0,0,대구,북구,차대차,측면충돌,측면충돌,운전자법규위반,중앙선 침범,단일로,기타단일로,자전거,자전거,승용차,승용차,1097635,1765500,128.58165725,35.88122614
2017,4,15,야간,수,1,2,0,0,1,대구,북구,차량단독,공작물충돌,공작물충돌,운전자법규위반,안전운전 의무 불이행,교차로,교차로내,이륜차,이륜차,없음,없음,1099452,1766243,128.6018765,35.88774093
2017,5,3,야간,금,1,1,0,0,0,대구,북구,차대사람,횡단중,횡단중,운전자법규위반,보행자 보호의무 위반,교차로,교차로횡단보도내,승합차,승합차,보행자,보행자,1094266,1767243,128.54454554,35.89726888
2017,6,10,주간,목,1,2,1,0,0,대구,북구,차대차,측면충돌,측면충돌,운전자법규위반,신호위반,교차로,교차로내,승용차,승용차,이륜차,이륜차,1096159,1772138,128.56611038,35.9412106
2017,6,20,주간,월,1,2,1,0,0,대구,북구,차대차,추돌,추돌,운전자법규위반,안전운전 의무 불이행,단일로,기타단일로,화물차,화물차,화물차,화물차,1097308,1768535,128.57840616,35.90861771
2017,6,27,야간,화,1,3,2,0,0,대구,북구,차대차,추돌,추돌,운전자법규위반,안전운전 의무 불이행,단일로,기타단일로,승용차,승용차,승용차,승용차,1094576,1767186,128.54797331,35.89672512
2017,7,55,야간,화,1,1,0,0,0,대구,북구,차대사람,횡단중,횡단중,운전자법규위반,보행자 보호의무 위반,단일로,기타단일로,승용차,승용차,보행자,보행자,1094624,1768746,128.54869063,35.91078322
2017,7,45,야간,목,1,2,1,0,0,대구,북구,차대차,측면충돌,측면충돌,운전자법규위반,신호위반,교차로,교차로내,화물차,화물차,화물차,화물차,1098945,1767815,128.59645554,35.90196304
2017,7,55,야간,금,1,1,0,0,0,대구,북구,차대사람,기타,기타,운전자법규위반,안전운전 의무 불이행,단일로,기타단일로,자전거,자전거,보행자,보행자,1100766,1770151,128.61692745,35.92283465
2017,8,15,주간,화,1,2,0,1,0,대구,북구,차대차,측면충돌,측면충돌,운전자법규위반,안전운전 의무 불이행,단일로,기타단일로,승합차,승합차,화물차,화물차,1099115,1770820,128.59871364,35.92903412
2017,8,48,야간,월,1,1,0,0,0,대구,북구,차대사람,기타,기타,운전자법규위반,안전운전 의무 불이행,단일로,기타단일로,화물차,화물차,보행자,보행자,1100857,1770075,128.61792632,35.92214017
2017,8,0,주간,화,1,1,0,0,0,대구,북구,차량단독,전도전복,전도전복,운전자법규위반,안전운전 의무 불이행,단일로,교량위,자전거,자전거,없음,없음,1094779,1767087,128.55021057,35.89581303
2017,8,40,주간,목,1,1,0,0,0,대구,북구,차대사람,횡단중,횡단중,운전자법규위반,안전운전 의무 불이행,교차로,교차로횡단보도내,건설기계,건설기계,보행자,보행자,1094926,1766857,128.55181175,35.89372542
2017,9,20,주간,토,1,1,0,0,0,대구,북구,차대사람,기타,기타,운전자법규위반,안전운전 의무 불이행,단일로,기타단일로,자전거,자전거,보행자,보행자,1096284,1767801,128.56697072,35.90210243
2017,10,40,주간,월,1,1,0,0,0,대구,북구,차대사람,횡단중,횡단중,운전자법규위반,보행자 보호의무 위반,단일로,교량위,화물차,화물차,보행자,보행자,1096063,1767905,128.56453465,35.90306167
2017,10,55,야간,수,1,1,0,0,0,대구,북구,차대사람,횡단중,횡단중,운전자법규위반,안전운전 의무 불이행,단일로,기타단일로,승용차,승용차,보행자,보행자,1094598,1771398,128.54871814,35.93469231
2017,10,50,야간,수,1,1,0,0,0,대구,북구,차대사람,횡단중,횡단중,운전자법규위반,안전운전 의무 불이행,교차로,교차로횡단보도내,승용차,승용차,보행자,보행자,1098889,1765113,128.59549948,35.87761164
2017,10,50,주간,토,1,1,0,0,0,대구,북구,차대차,측면충돌,측면충돌,운전자법규위반,신호위반,단일로,기타단일로,화물차,화물차,자전거,자전거,1097853,1766468,128.58419094,35.8899304
2017,11,30,주간,토,1,1,0,0,0,대구,북구,차대차,측면충돌,측면충돌,운전자법규위반,부당한 회전,교차로,교차로부근,자전거,자전거,승용차,승용차,1097565,1766399,128.58099201,35.88933716
2017,11,13,야간,월,1,5,0,4,0,대구,북구,차대차,추돌,추돌,운전자법규위반,안전운전 의무 불이행,단일로,고가도로위,승용차,승용차,화물차,화물차,1099430,1765522,128.60154278,35.88124375
2017,12,55,야간,화,1,1,0,0,0,대구,북구,차대차,추돌,추돌,운전자법규위반,안전운전 의무 불이행,단일로,기타단일로,승용차,승용차,화물차,화물차,1099740,1765899,128.60502378,35.88461065
2017,12,20,주간,수,1,1,0,0,0,대구,북구,차대사람,횡단중,횡단중,운전자법규위반,보행자 보호의무 위반,교차로,교차로횡단보도내,화물차,화물차,보행자,보행자,1098948,1770647,128.59684117,35.92749156
2017,1,0,주간,토,1,1,0,0,0,대구,서구,차대사람,횡단중,횡단중,운전자법규위반,안전운전 의무 불이행,교차로,교차로부근,승용차,승용차,보행자,보행자,1096967,1763427,128.57400568,35.86260539
2017,1,40,주간,금,1,1,0,0,0,대구,서구,차대차,측면충돌,측면충돌,운전자법규위반,신호위반,단일로,기타단일로,승용차,승용차,이륜차,이륜차,1095894,1763057,128.56207848,35.85937563
2017,2,30,야간,수,1,1,0,0,0,대구,서구,차대사람,횡단중,횡단중,운전자법규위반,안전운전 의무 불이행,교차로,교차로내,승용차,승용차,보행자,보행자,1094609,1765272,128.5481115,35.87946799
2017,5,0,주간,화,1,1,0,0,0,대구,서구,차대차,측면충돌,측면충돌,운전자법규위반,중앙선 침범,단일로,기타단일로,이륜차,이륜차,승합차,승합차,1096397,1764500,128.56782312,35.87233429
2017,5,25,주간,목,1,1,0,0,0,대구,서구,차대차,측면충돌,측면충돌,운전자법규위반,신호위반,단일로,기타단일로,자전거,자전거,승용차,승용차,1096044,1765746,128.56406364,35.88360114
2017,6,19,야간,화,1,1,0,0,0,대구,서구,차대사람,횡단중,횡단중,운전자법규위반,기타(운전자법규위반),교차로,교차로내,승용차,승용차,보행자,보행자,1095325,1764744,128.55597921,35.87463881
2017,6,10,야간,금,1,1,0,0,0,대구,서구,차대차,측면충돌,측면충돌,운전자법규위반,안전운전 의무 불이행,교차로,교차로부근,승용차,승용차,이륜차,이륜차,1095230,1764891,128.55494456,35.87597321
2017,7,15,야간,일,1,2,0,1,0,대구,서구,차대차,측면충돌,측면충돌,운전자법규위반,신호위반,교차로,교차로내,이륜차,이륜차,승용차,승용차,1096693,1764497,128.57110114,35.87227806
2017,8,0,주간,금,1,1,0,0,0,대구,서구,차대차,추돌,추돌,운전자법규위반,안전운전 의무 불이행,단일로,기타단일로,승용차,승용차,화물차,화물차,1094088,1766057,128.54243327,35.88659469
2017,9,30,야간,수,1,1,0,0,0,대구,서구,차대사람,기타,기타,운전자법규위반,안전운전 의무 불이행,단일로,기타단일로,승용차,승용차,보행자,보행자,1096509,1763279,128.56891575,35.86131647
2017,9,45,야간,목,1,1,0,0,0,대구,서구,차대사람,횡단중,횡단중,운전자법규위반,안전운전 의무 불이행,단일로,기타단일로,승용차,승용차,보행자,보행자,1096786,1765292,128.57222774,35.87943544
2017,9,12,주간,금,1,1,0,0,0,대구,서구,차대사람,기타,기타,운전자법규위반,안전운전 의무 불이행,기타,기타,자전거,자전거,보행자,보행자,1095236,1765399,128.55507175,35.88055204
2017,12,35,야간,일,1,1,0,0,0,대구,서구,차대사람,횡단중,횡단중,운전자법규위반,안전운전 의무 불이행,단일로,기타단일로,승용차,승용차,보행자,보행자,1097038,1766098,128.57511725,35.88667619
2017,12,43,야간,수,1,1,0,0,0,대구,서구,차대사람,기타,기타,운전자법규위반,안전운전 의무 불이행,교차로,교차로부근,승용차,승용차,보행자,보행자,1094741,1764512,128.54948324,35.87260412
2017,1,45,주간,일,1,1,0,0,0,대구,수성구,차대차,측면충돌,측면충돌,운전자법규위반,과속,단일로,기타단일로,이륜차,이륜차,자전거,자전거,1101579,1762333,128.62494016,35.85227615
2017,1,45,주간,목,1,1,0,0,0,대구,수성구,차대사람,횡단중,횡단중,운전자법규위반,보행자 보호의무 위반,교차로,교차로부근,승용차,승용차,보행자,보행자,1103595,1764659,128.64756469,35.87303241
2017,2,40,주간,화,1,1,0,0,0,대구,수성구,차대차,정면충돌,정면충돌,운전자법규위반,안전운전 의무 불이행,단일로,기타단일로,승용차,승용차,이륜차,이륜차,1101613,1762058,128.6252816,35.84979365
2017,3,35,주간,금,1,1,0,0,0,대구,수성구,차대사람,횡단중,횡단중,운전자법규위반,안전운전 의무 불이행,교차로,교차로부근,건설기계,건설기계,보행자,보행자,1100874,1758003,128.61658689,35.81331629
2017,4,50,야간,토,1,1,0,0,0,대구,수성구,차대사람,횡단중,횡단중,운전자법규위반,안전운전 의무 불이행,교차로,교차로부근,승용차,승용차,보행자,보행자,1101745,1763526,128.62693043,35.86301311
2017,5,45,야간,월,1,1,0,0,0,대구,수성구,차대사람,횡단중,횡단중,운전자법규위반,신호위반,교차로,교차로내,화물차,화물차,보행자,보행자,1103597,1764659,128.64758684,35.8730322
2017,5,13,야간,수,1,1,0,0,0,대구,수성구,차량단독,공작물충돌,공작물충돌,운전자법규위반,안전운전 의무 불이행,단일로,교량위,이륜차,이륜차,없음,없음,1101507,1757087,128.62344344,35.8050301
2017,5,10,야간,화,1,1,0,0,0,대구,수성구,차대사람,횡단중,횡단중,운전자법규위반,안전운전 의무 불이행,단일로,기타단일로,승용차,승용차,보행자,보행자,1100769,1760455,128.61573417,35.83543062
2017,6,45,주간,금,1,2,0,1,0,대구,수성구,차대차,측면충돌,측면충돌,운전자법규위반,중앙선 침범,단일로,기타단일로,이륜차,이륜차,승용차,승용차,1101015,1757783,128.61811957,35.8113186
2017,7,45,주간,토,1,1,0,0,0,대구,수성구,차대차,측면충돌,측면충돌,운전자법규위반,안전거리 미확보,단일로,기타단일로,자전거,자전거,승용차,승용차,1100204,1761054,128.60955463,35.84088822
2017,7,0,야간,화,1,3,1,1,0,대구,수성구,차대차,측면충돌,측면충돌,운전자법규위반,중앙선 침범,단일로,기타단일로,승용차,승용차,승용차,승용차,1101960,1763923,128.62936214,35.86656947
2017,7,51,주간,금,1,1,0,0,0,대구,수성구,차대사람,횡단중,횡단중,운전자법규위반,보행자 보호의무 위반,단일로,기타단일로,건설기계,건설기계,보행자,보행자,1101472,1760703,128.62354811,35.8375937
2017,9,45,주간,토,1,1,0,0,0,대구,수성구,차량단독,공작물충돌,공작물충돌,운전자법규위반,기타(운전자법규위반),단일로,기타단일로,화물차,화물차,없음,없음,1102453,1763796,128.63480558,35.86537319
2017,9,55,주간,목,1,1,0,0,0,대구,수성구,차대차,추돌,추돌,운전자법규위반,안전운전 의무 불이행,단일로,기타단일로,승용차,승용차,자전거,자전거,1100067,1761442,128.60808654,35.84439983
2017,9,50,주간,일,1,1,0,0,0,대구,수성구,차대차,측면충돌,측면충돌,운전자법규위반,안전거리 미확보,단일로,기타단일로,승용차,승용차,이륜차,이륜차,1103886,1762870,128.65057369,35.85667102
2017,10,20,주간,금,1,1,0,0,0,대구,수성구,차량단독,공작물충돌,공작물충돌,운전자법규위반,안전운전 의무 불이행,단일로,기타단일로,이륜차,이륜차,없음,없음,1100456,1763134,128.61260647,35.85961251
2017,10,37,야간,수,1,1,0,0,0,대구,수성구,차대차,기타,기타,운전자법규위반,안전운전 의무 불이행,단일로,기타단일로,승용차,승용차,승용차,승용차,1100289,1763240,128.6107705,35.86058515
2017,10,37,야간,월,1,1,0,0,0,대구,수성구,차대사람,기타,기타,운전자법규위반,안전운전 의무 불이행,단일로,기타단일로,화물차,화물차,보행자,보행자,1104331,1764891,128.65574656,35.87504558
2017,11,30,주간,토,1,1,0,0,0,대구,수성구,차대차,측면충돌,측면충돌,운전자법규위반,안전운전 의무 불이행,단일로,기타단일로,승용차,승용차,자전거,자전거,1100440,1760731,128.61212676,35.83795238
2017,11,0,주간,일,1,1,0,0,0,대구,수성구,차대사람,횡단중,횡단중,운전자법규위반,안전운전 의무 불이행,단일로,기타단일로,화물차,화물차,보행자,보행자,1100131,1762383,128.60891323,35.85287592
2017,12,47,주간,목,1,1,0,0,0,대구,수성구,차대사람,보도통행중,보도통행중,운전자법규위반,보행자 보호의무 위반,단일로,기타단일로,승용차,승용차,보행자,보행자,1108989,1760877,128.70678781,35.83835528
2017,4,3,야간,수,1,1,0,0,0,대구,중구,차량단독,공작물충돌,공작물충돌,운전자법규위반,안전운전 의무 불이행,교차로,교차로부근,승용차,승용차,없음,없음,1097689,1765100,128.58220634,35.87761494
2017,5,32,주간,월,1,1,0,0,0,대구,중구,차대사람,횡단중,횡단중,운전자법규위반,안전운전 의무 불이행,교차로,교차로부근,건설기계,건설기계,보행자,보행자,1097331,1763057,128.57799153,35.8592339
2017,8,25,야간,수,1,1,0,0,0,대구,중구,차대사람,횡단중,횡단중,운전자법규위반,안전운전 의무 불이행,단일로,기타단일로,승용차,승용차,보행자,보행자,1099722,1763144,128.60447962,35.85977766
2017,9,0,주간,금,1,1,0,0,0,대구,중구,차대차,측면충돌,측면충돌,운전자법규위반,안전운전 의무 불이행,교차로,교차로횡단보도내,화물차,화물차,자전거,자전거,1098186,1763887,128.5875618,35.86663062
2017,11,3,야간,월,1,1,0,0,0,대구,중구,차대사람,차도통행중,차도통행중,운전자법규위반,안전운전 의무 불이행,단일로,기타단일로,승용차,승용차,보행자,보행자,1098558,1764888,128.5918054,35.87561676
2017,11,50,주간,화,1,1,0,0,0,대구,중구,차대사람,횡단중,횡단중,운전자법규위반,안전운전 의무 불이행,교차로,교차로내,승용차,승용차,보행자,보행자,1097591,1765166,128.58132087,35.87799526
2017,1,20,야간,목,1,2,1,0,0,대전,대덕구,차량단독,전도전복,전도전복,운전자법규위반,안전운전 의무 불이행,단일로,기타단일로,승용차,승용차,없음,없음,991114,1827149,127.40085043,36.4418641
2017,2,20,야간,일,1,1,0,0,0,대전,대덕구,차량단독,도로이탈,도로이탈 기타,운전자법규위반,안전운전 의무 불이행,단일로,기타단일로,승용차,승용차,없음,없음,992686,1818469,127.4184725,36.36362434
2017,2,50,야간,월,1,4,2,1,0,대전,대덕구,차대차,기타,기타,운전자법규위반,안전운전 의무 불이행,단일로,기타단일로,화물차,화물차,화물차,화물차,993068,1824184,127.42267957,36.41514989
2017,3,52,야간,일,1,1,0,0,0,대전,대덕구,차대사람,횡단중,횡단중,운전자법규위반,안전운전 의무 불이행,교차로,교차로부근,승용차,승용차,보행자,보행자,993360,1817940,127.42598994,36.35886009
2017,3,20,야간,토,1,1,0,0,0,대전,대덕구,차대차,추돌,추돌,운전자법규위반,안전운전 의무 불이행,단일로,기타단일로,승용차,승용차,특수차,특수차,991372,1827400,127.40372639,36.44412929
2017,5,20,야간,목,1,1,0,0,0,대전,대덕구,차대차,추돌,추돌,운전자법규위반,과속,단일로,기타단일로,승용차,승용차,화물차,화물차,992842,1825289,127.42014854,36.42511013
2017,6,50,야간,일,1,1,0,0,0,대전,대덕구,차대사람,횡단중,횡단중,운전자법규위반,안전운전 의무 불이행,교차로,교차로횡단보도내,승용차,승용차,보행자,보행자,991761,1817790,127.40816894,36.35749541
2017,6,20,주간,화,1,4,0,3,0,대전,대덕구,차대차,추돌,추돌,운전자법규위반,안전운전 의무 불이행,단일로,기타단일로,화물차,화물차,화물차,화물차,992165,1821185,127.41263766,36.38810597
2017,8,24,주간,수,1,4,0,0,3,대전,대덕구,차대차,기타,기타,운전자법규위반,안전운전 의무 불이행,단일로,기타단일로,화물차,화물차,화물차,화물차,992865,1821814,127.42043706,36.39378208
2017,8,55,야간,토,1,1,0,0,0,대전,대덕구,차대차,추돌,추돌,운전자법규위반,안전운전 의무 불이행,단일로,기타단일로,화물차,화물차,화물차,화물차,993320,1820919,127.4255185,36.38571661
2017,9,24,주간,수,1,1,0,0,0,대전,대덕구,차대사람,횡단중,횡단중,운전자법규위반,안전운전 의무 불이행,교차로,교차로횡단보도내,특수차,특수차,보행자,보행자,993404,1826818,127.42640494,36.43889853
2017,9,45,주간,목,1,1,0,0,0,대전,대덕구,차대사람,기타,기타,운전자법규위반,안전운전 의무 불이행,교차로,교차로부근,화물차,화물차,보행자,보행자,993304,1827297,127.42528505,36.44321615
2017,10,45,야간,수,1,1,0,0,0,대전,대덕구,차대차,기타,기타,운전자법규위반,안전운전 의무 불이행,단일로,기타단일로,화물차,화물차,자전거,자전거,991599,1827628,127.40625684,36.44618678
2017,10,13,야간,화,1,1,0,0,0,대전,대덕구,차대사람,횡단중,횡단중,운전자법규위반,안전운전 의무 불이행,단일로,기타단일로,승합차,승합차,보행자,보행자,992630,1819713,127.41783649,36.37483904
2017,10,30,주간,금,1,1,0,0,0,대전,대덕구,차대차,측면충돌,측면충돌,운전자법규위반,부당한 회전,교차로,교차로내,이륜차,이륜차,승합차,승합차,992661,1816564,127.4182118,36.34644982
2017,10,30,야간,화,1,1,0,0,0,대전,대덕구,차대사람,횡단중,횡단중,운전자법규위반,과속,단일로,기타단일로,승용차,승용차,보행자,보행자,993276,1819547,127.42503977,36.37334723
2017,11,40,야간,화,1,2,0,0,1,대전,대덕구,차량단독,공작물충돌,공작물충돌,운전자법규위반,안전운전 의무 불이행,단일로,기타단일로,승용차,승용차,없음,없음,996770,1817726,127.463999,36.35694829
2017,11,30,야간,월,1,1,0,0,0,대전,대덕구,차대차,추돌,추돌,운전자법규위반,안전운전 의무 불이행,교차로,교차로내,원동기장치자전거,원동기장치자전거,화물차,화물차,990331,1826554,127.3921212,36.43649244
2017,1,45,주간,월,1,1,0,0,0,대전,동구,차대사람,횡단중,횡단중,운전자법규위반,보행자 보호의무 위반,단일로,기타단일로,화물차,화물차,보행자,보행자,993026,1816644,127.42227876,36.34717376
2017,2,20,야간,일,1,2,1,0,0,대전,동구,차대차,정면충돌,정면충돌,운전자법규위반,안전운전 의무 불이행,교차로,교차로부근,승용차,승용차,승용차,승용차,996689,1810330,127.46312761,36.29026972
2017,3,20,야간,목,1,1,0,0,0,대전,동구,차대사람,횡단중,횡단중,운전자법규위반,안전운전 의무 불이행,교차로,교차로부근,화물차,화물차,보행자,보행자,994582,1815108,127.43963017,36.33333609
2017,3,27,야간,일,1,1,0,0,0,대전,동구,차량단독,전도전복,전도전복,운전자법규위반,안전운전 의무 불이행,단일로,기타단일로,원동기장치자전거,원동기장치자전거,없음,없음,994175,1816044,127.43508819,36.34177215
2017,5,42,주간,화,1,1,0,0,0,대전,동구,차대사람,횡단중,횡단중,운전자법규위반,안전운전 의무 불이행,단일로,기타단일로,승용차,승용차,보행자,보행자,999795,1817121,127.49771527,36.35149937
2017,5,45,야간,토,1,2,0,1,0,대전,동구,차대차,추돌,추돌,운전자법규위반,안전운전 의무 불이행,단일로,기타단일로,승용차,승용차,화물차,화물차,994646,1816970,127.44033048,36.35012317
2017,5,13,야간,일,1,1,0,0,0,대전,동구,차대사람,횡단중,횡단중,운전자법규위반,안전운전 의무 불이행,단일로,기타단일로,승합차,승합차,보행자,보행자,997284,1808448,127.46976027,36.27330437
2017,5,17,주간,목,1,1,0,0,0,대전,동구,차량단독,전도,전도,운전자법규위반,안전운전 의무 불이행,기타,기타,승용차,승용차,없음,없음,997913,1815248,127.47674531,36.33461123
2017,5,30,야간,토,1,1,0,0,0,대전,동구,차대사람,횡단중,횡단중,운전자법규위반,안전운전 의무 불이행,단일로,기타단일로,승합차,승합차,보행자,보행자,993881,1815090,127.43181945,36.33316961
2017,7,50,야간,토,1,1,0,0,0,대전,동구,차대사람,횡단중,횡단중,운전자법규위반,과속,단일로,기타단일로,승용차,승용차,보행자,보행자,993935,1817254,127.43240429,36.35267932
2017,7,20,주간,월,1,1,0,0,0,대전,동구,차대차,측면충돌,측면충돌,운전자법규위반,안전운전 의무 불이행,단일로,기타단일로,이륜차,이륜차,승용차,승용차,995001,1814397,127.44430342,36.32692838
2017,8,20,야간,토,1,1,0,0,0,대전,동구,차대사람,횡단중,횡단중,운전자법규위반,안전운전 의무 불이행,단일로,기타단일로,승용차,승용차,보행자,보행자,995020,1816652,127.4447128,36.34673908
2017,8,55,주간,금,1,1,0,0,0,대전,동구,차량단독,공작물충돌,공작물충돌,운전자법규위반,안전운전 의무 불이행,단일로,기타단일로,특수차,특수차,없음,없음,1000106,1817113,127.50118137,36.35142726
2017,8,36,야간,토,1,1,0,0,0,대전,동구,차대차,기타,기타,운전자법규위반,안전운전 의무 불이행,교차로,교차로부근,승용차,승용차,승용차,승용차,995735,1813377,127.45248689,36.31773614
2017,9,5,주간,금,1,1,0,0,0,대전,동구,차대차,정면충돌,정면충돌,운전자법규위반,중앙선 침범,단일로,기타단일로,승용차,승용차,이륜차,이륜차,1002490,1824454,127.52777466,36.41760582
2017,9,55,야간,토,1,1,0,0,0,대전,동구,차대사람,횡단중,횡단중,운전자법규위반,신호위반,단일로,기타단일로,승용차,승용차,보행자,보행자,995770,1811985,127.45288435,36.30518676
2017,10,26,주간,일,1,1,0,0,0,대전,동구,차대사람,기타,기타,운전자법규위반,안전운전 의무 불이행,교차로,교차로내,화물차,화물차,보행자,보행자,995336,1817190,127.44801911,36.35211015
2017,10,25,야간,일,1,1,0,0,0,대전,동구,차량단독,기타,기타,운전자법규위반,안전운전 의무 불이행,단일로,기타단일로,승용차,승용차,없음,없음,997770,1819062,127.47514099,36.3689957
2017,11,12,주간,목,1,1,0,0,0,대전,동구,차대사람,보도통행중,보도통행중,운전자법규위반,안전운전 의무 불이행,교차로,교차로내,화물차,화물차,보행자,보행자,996887,1814450,127.46531616,36.32741414
2017,11,5,주간,일,1,1,0,0,0,대전,동구,차대사람,횡단중,횡단중,운전자법규위반,안전운전 의무 불이행,단일로,기타단일로,승용차,승용차,보행자,보행자,997207,1804670,127.46891645,36.23924338