year,month,minute,day_night,day,death,casualties,중상자수,경상자수,부상신고자수,state,state2,사고유형_대분류,사고유형_중분류,사고유형,법규위반_대분류,법규위반,도로형태_대분류,도로형태,당사자종별_1당_대분류,당사자종별_1당,당사자종별_2당_대분류,당사자종별_2당,발생위치X_UTMK,발생위치Y_UTMK,경도,위도
2017,1,21,주간,월,1,1,0,0,0,서울,강서구,차대사람,횡단중,횡단중,운전자법규위반,안전운전 의무 불이행,단일로,기타단일로,승용차,승용차,보행자,보행자,942464,1949674,126.84868321,37.54460299
2017,2,12,야간,월,1,1,0,0,0,서울,강서구,차대사람,차도통행중,차도통행중,운전자법규위반,안전운전 의무 불이행,단일로,기타단일로,승합차,승합차,보행자,보행자,942646,1950584,126.85067221,37.55281617
2017,3,52,주간,일,1,1,0,0,0,서울,강서구,차량단독,공작물충돌,공작물충돌,운전자법규위반,안전운전 의무 불이행,단일로,기타단일로,승용차,승용차,없음,없음,941903,1947741,126.84248597,37.52714563
2017,6,35,야간,토,1,1,0,0,0,서울,강서구,차대사람,차도통행중,차도통행중,운전자법규위반,안전운전 의무 불이행,기타,기타,이륜차,이륜차,보행자,보행자,939199,1951918,126.81153922,37.56461836
2017,6,55,주간,토,1,1,0,0,0,서울,강서구,차대차,측면충돌,측면충돌,운전자법규위반,부당한 회전,단일로,기타단일로,자전거,자전거,승합차,승합차,939664,1952626,126.81674587,37.5710301
2017,6,10,야간,목,1,1,0,0,0,서울,강서구,차대사람,횡단중,횡단중,운전자법규위반,안전운전 의무 불이행,단일로,기타단일로,승용차,승용차,보행자,보행자,941444,1949265,126.83782497,37.54102735
2017,7,35,야간,화,1,1,0,0,0,서울,강서구,차대사람,기타,기타,운전자법규위반,안전운전 의무 불이행,단일로,기타단일로,자전거,자전거,보행자,보행자,944374,1951189,126.87018861,37.55837502
2017,8,15,야간,일,1,1,0,0,0,서울,강서구,차대차,추돌,추돌,운전자법규위반,안전운전 의무 불이행,단일로,기타단일로,승용차,승용차,자전거,자전거,939548,1950147,126.81563675,37.54867943
2017,8,58,주간,월,1,1,0,0,0,서울,강서구,차대차,정면충돌,정면충돌,운전자법규위반,안전운전 의무 불이행,단일로,기타단일로,이륜차,이륜차,승용차,승용차,941878,1950765,126.84196355,37.55439939
2017,9,39,주간,화,1,1,0,0,0,서울,강서구,차대차,기타,기타,운전자법규위반,신호위반,교차로,교차로내,승합차,승합차,이륜차,이륜차,938048,1953819,126.79834639,37.58167512
2017,9,15,야간,화,1,1,0,0,0,서울,강서구,차대차,추돌,추돌,운전자법규위반,안전운전 의무 불이행,단일로,기타단일로,승용차,승용차,화물차,화물차,942775,1952474,126.85198506,37.56985876
2017,12,24,야간,금,1,1,0,0,0,서울,강서구,차대사람,횡단중,횡단중,운전자법규위반,보행자 보호의무 위반,교차로,교차로횡단보도내,화물차,화물차,보행자,보행자,941162,1949185,126.83398447,37.54011342
2017,1,5,야간,화,1,1,0,0,0,서울,관악구,차대사람,횡단중,횡단중,운전자법규위반,안전운전 의무 불이행,단일로,기타단일로,화물차,화물차,보행자,보행자,951809,1942583,126.95493031,37.48122622
2017,1,53,야간,월,1,1,0,0,0,서울,관악구,차대사람,횡단중,횡단중,운전자법규위반,안전운전 의무 불이행,단일로,기타단일로,승용차,승용차,보행자,보행자,949781,1943312,126.93194366,37.48768884
2017,1,17,주간,화,1,1,0,0,0,서울,관악구,차대사람,횡단중,횡단중,운전자법규위반,안전운전 의무 불이행,단일로,기타단일로,승합차,승합차,보행자,보행자,948061,1941725,126.91260064,37.47328971
2017,2,24,야간,월,1,1,0,0,0,서울,관악구,차대사람,기타,기타,운전자법규위반,안전운전 의무 불이행,단일로,기타단일로,승용차,승용차,보행자,보행자,947828,1942610,126.90990296,37.48125328
2017,3,19,야간,화,1,1,0,0,0,서울,관악구,차대사람,횡단중,횡단중,운전자법규위반,안전운전 의무 불이행,교차로,교차로부근,승용차,승용차,보행자,보행자,953680,1941775,126.97614248,37.47403919
2017,3,40,주간,토,1,1,0,0,0,서울,관악구,차대사람,차도통행중,차도통행중,운전자법규위반,안전운전 의무 불이행,단일로,기타단일로,승용차,승용차,보행자,보행자,949342,1943322,126.92697741,37.48775499
2017,9,3,야간,금,1,1,0,0,0,서울,관악구,차대사람,기타,기타,운전자법규위반,안전운전 의무 불이행,주차장,주차장,승용차,승용차,보행자,보행자,949244,1940653,126.92605293,37.46369324
2017,11,20,야간,목,1,1,0,0,0,서울,관악구,차대사람,차도통행중,차도통행중,운전자법규위반,안전운전 의무 불이행,단일로,기타단일로,승용차,승용차,보행자,보행자,947462,1942505,126.90577097,37.48028615
2017,12,43,야간,목,1,1,0,0,0,서울,관악구,차대사람,차도통행중,차도통행중,운전자법규위반,안전운전 의무 불이행,교차로,교차로내,승용차,승용차,보행자,보행자,950075,1943136,126.93528106,37.48611845
2017,12,7,주간,월,1,2,1,0,0,서울,관악구,차대사람,기타,기타,운전자법규위반,안전운전 의무 불이행,단일로,기타단일로,승용차,승용차,보행자,보행자,951562,1943316,126.95208846,37.48782003
2017,12,21,야간,화,1,1,0,0,0,서울,관악구,차대차,기타,기타,운전자법규위반,안전운전 의무 불이행,단일로,기타단일로,이륜차,이륜차,화물차,화물차,952139,1941706,126.95871968,37.47333872
2017,1,13,주간,월,1,1,0,0,0,서울,광진구,차량단독,공작물충돌,공작물충돌,운전자법규위반,안전운전 의무 불이행,단일로,기타단일로,승용차,승용차,없음,없음,964223,1950661,127.09494311,37.55460089
2017,1,20,주간,목,1,1,0,0,0,서울,광진구,차량단독,전도전복,전도전복,운전자법규위반,안전운전 의무 불이행,단일로,기타단일로,이륜차,이륜차,없음,없음,961587,1949242,127.06517414,37.54170482
2017,1,20,주간,금,1,2,1,0,0,서울,광진구,차대차,측면충돌,측면충돌,운전자법규위반,중앙선 침범,단일로,기타단일로,승용차,승용차,이륜차,이륜차,962129,1950299,127.07125472,37.55125436
2017,2,40,야간,일,1,1,0,0,0,서울,광진구,차대사람,횡단중,횡단중,운전자법규위반,과속,교차로,교차로내,승용차,승용차,보행자,보행자,963548,1951509,127.08725897,37.56221774
2017,3,35,주간,목,1,2,0,1,0,서울,광진구,차대차,측면충돌,측면충돌,운전자법규위반,차로위반(진로변경 위반),단일로,기타단일로,자전거,자전거,승합차,승합차,963633,1950821,127.08825552,37.55601992
2017,4,10,야간,목,2,2,0,0,0,서울,광진구,차대차,측면충돌,측면충돌,운전자법규위반,중앙선 침범,단일로,기타단일로,원동기장치자전거,원동기장치자전거,승용차,승용차,962907,1952370,127.07995762,37.56995262
2017,4,5,주간,목,1,1,0,0,0,서울,광진구,차대사람,차도통행중,차도통행중,운전자법규위반,안전운전 의무 불이행,단일로,기타단일로,승용차,승용차,보행자,보행자,963224,1948567,127.08373795,37.53568758
2017,5,10,주간,화,1,1,0,0,0,서울,광진구,차대사람,횡단중,횡단중,운전자법규위반,안전운전 의무 불이행,단일로,기타단일로,화물차,화물차,보행자,보행자,963824,1949567,127.0904798,37.54472469
2017,5,7,야간,일,1,1,0,0,0,서울,광진구,차대차,기타,기타,운전자법규위반,안전운전 의무 불이행,단일로,기타단일로,이륜차,이륜차,승용차,승용차,962607,1951094,127.07470517,37.55926633
2017,6,40,야간,수,1,1,0,0,0,서울,광진구,차대사람,횡단중,횡단중,운전자법규위반,안전운전 의무 불이행,단일로,기타단일로,승용차,승용차,보행자,보행자,962289,1949613,127.07310134,37.54507777
2017,6,20,야간,목,1,1,0,0,0,서울,광진구,차량단독,기타,기타,운전자법규위반,안전운전 의무 불이행,단일로,기타단일로,원동기장치자전거,원동기장치자전거,없음,없음,964892,1949694,127.10256345,37.5459107
2017,8,5,야간,월,1,1,0,0,0,서울,광진구,차대차,측면충돌,측면충돌,운전자법규위반,안전거리 미확보,기타,기타,개인형이동수단(PM),개인형이동수단(PM),승용차,승용차,962376,1951370,127.07399604,37.56091775
2017,10,0,주간,일,1,1,0,0,0,서울,광진구,차대차,기타,기타,운전자법규위반,안전운전 의무 불이행,단일로,교량위,승용차,승용차,자전거,자전거,965769,1949343,127.10871023,37.54377699
2017,10,28,야간,월,1,1,0,0,0,서울,광진구,차대사람,횡단중,횡단중,운전자법규위반,안전운전 의무 불이행,교차로,교차로내,화물차,화물차,보행자,보행자,963625,1950866,127.08816271,37.55642521
2017,12,10,주간,금,1,1,0,0,0,서울,광진구,차대차,기타,기타,운전자법규위반,안전운전 의무 불이행,기타,기타,원동기장치자전거,원동기장치자전거,건설기계,건설기계,963798,1949349,127.09019624,37.54275876
2017,5,30,야간,월,1,3,1,1,0,서울,구로구,차대사람,차도통행중,차도통행중,운전자법규위반,과속,단일로,기타단일로,이륜차,이륜차,보행자,보행자,946545,1942300,126.89541469,37.47838583
2017,5,40,야간,토,1,1,0,0,0,서울,구로구,차대차,추돌,추돌,운전자법규위반,안전운전 의무 불이행,단일로,기타단일로,승용차,승용차,화물차,화물차,941636,1941959,126.83992331,37.47501522
2017,6,52,야간,금,1,1,0,0,0,서울,구로구,차대사람,기타,기타,운전자법규위반,안전운전 의무 불이행,단일로,기타단일로,승용차,승용차,보행자,보행자,943326,1945405,126.85877006,37.50617965
2017,7,42,야간,수,1,1,0,0,0,서울,구로구,차대사람,횡단중,횡단중,운전자법규위반,안전운전 의무 불이행,단일로,기타단일로,화물차,화물차,보행자,보행자,942274,1944453,126.84694279,37.49753399
2017,8,17,주간,화,1,1,0,0,0,서울,구로구,차대사람,횡단중,횡단중,운전자법규위반,안전운전 의무 불이행,교차로,교차로부근,승합차,승합차,보행자,보행자,942717,1944514,126.85194943,37.49811138
2017,9,10,야간,수,1,1,0,0,0,서울,구로구,차대사람,차도통행중,차도통행중,운전자법규위반,안전운전 의무 불이행,단일로,기타단일로,승용차,승용차,보행자,보행자,945507,1944682,126.88349892,37.49979452
2017,9,30,야간,화,1,1,0,0,0,서울,구로구,차대사람,기타,기타,운전자법규위반,안전운전 의무 불이행,단일로,기타단일로,승용차,승용차,보행자,보행자,942394,1944981,126.84804486,37.50284723
2017,10,5,야간,화,1,1,0,0,0,서울,구로구,차대차,기타,기타,운전자법규위반,신호위반,교차로,교차로횡단보도내,승용차,승용차,자전거,자전거,942333,1944944,126.84757172,37.5019631
2017,11,55,주간,월,1,1,0,0,0,서울,구로구,차대차,기타,기타,운전자법규위반,안전운전 의무 불이행,교차로,교차로내,승용차,승용차,자전거,자전거,940293,1943530,126.82460796,37.48908893
2017,11,19,주간,화,1,1,0,0,0,서울,구로구,차대사람,횡단중,횡단중,운전자법규위반,안전운전 의무 불이행,단일로,기타단일로,승합차,승합차,보행자,보행자,945623,1943361,126.88490886,37.48789498
2017,11,3,주간,금,1,2,0,1,0,서울,구로구,차대사람,기타,기타,운전자법규위반,신호위반,교차로,교차로내,화물차,화물차,보행자,보행자,941617,1943339,126.83959898,37.4874521
2017,12,8,야간,일,1,1,0,0,0,서울,구로구,차대사람,횡단중,횡단중,운전자법규위반,안전운전 의무 불이행,교차로,교차로내,승용차,승용차,보행자,보행자,942263,1944906,126.84678279,37.50161622
2017,1,37,야간,일,1,1,0,0,0,서울,금천구,차대사람,기타,기타,운전자법규위반,안전운전 의무 불이행,단일로,기타단일로,승용차,승용차,보행자,보행자,946778,1941695,126.89809356,37.47294629
2017,1,40,주간,월,1,5,0,4,0,서울,금천구,차대차,측면충돌,측면충돌,운전자법규위반,신호위반,교차로,교차로내,승용차,승용차,승합차,승합차,947235,1938476,126.90349219,37.44395888
2017,3,35,주간,수,1,1,0,0,0,서울,금천구,차량단독,공작물충돌,공작물충돌,운전자법규위반,안전운전 의무 불이행,단일로,기타단일로,이륜차,이륜차,없음,없음,946639,1939271,126.89669721,37.45109022
2017,6,25,주간,목,1,1,0,0,0,서울,금천구,차대사람,보도통행중,보도통행중,운전자법규위반,기타(운전자법규위반),단일로,기타단일로,승합차,승합차,보행자,보행자,947218,1937937,126.90230813,37.43946592
2017,8,55,주간,화,1,1,0,0,0,서울,금천구,차대사람,횡단중,횡단중,운전자법규위반,신호위반,교차로,교차로내,승용차,승용차,보행자,보행자,947195,1938965,126.90300499,37.44836408
2017,9,42,주간,토,1,5,2,2,0,서울,금천구,차대사람,기타,기타,운전자법규위반,안전운전 의무 불이행,교차로,교차로내,승용차,승용차,보행자,보행자,946981,1940878,126.90044806,37.46559416
2017,2,30,야간,일,1,2,1,0,0,서울,노원구,차량단독,전도,전도,운전자법규위반,안전운전 의무 불이행,단일로,기타단일로,승용차,승용차,없음,없음,960334,1963973,127.05019199,37.67442554
2017,4,27,야간,수,1,2,0,1,0,서울,노원구,차대차,기타,기타,운전자법규위반,안전거리 미확보,단일로,터널안,승용차,승용차,화물차,화물차,963585,1964204,127.08704551,37.67664241
2017,7,0,야간,수,1,1,0,0,0,서울,노원구,차대사람,차도통행중,차도통행중,운전자법규위반,안전운전 의무 불이행,단일로,기타단일로,승용차,승용차,보행자,보행자,960753,1961749,127.05506294,37.65439833
2017,7,10,야간,수,1,2,1,0,0,서울,노원구,차대사람,횡단중,횡단중,운전자법규위반,안전운전 의무 불이행,단일로,기타단일로,승용차,승용차,보행자,보행자,961281,1963894,127.06093477,37.67375396
2017,8,0,야간,일,1,1,0,0,0,서울,노원구,차량단독,전도전복,전도전복,운전자법규위반,안전운전 의무 불이행,단일로,터널안,이륜차,이륜차,없음,없음,964881,1964326,127.10173624,37.67779256
2017,8,18,야간,금,1,1,0,0,0,서울,노원구,차대사람,차도통행중,차도통행중,운전자법규위반,안전운전 의무 불이행,단일로,기타단일로,승용차,승용차,보행자,보행자,962730,1959930,127.07756817,37.63808573
2017,9,7,주간,일,1,1,0,0,0,서울,노원구,차대사람,기타,기타,운전자법규위반,안전운전 의무 불이행,교차로,교차로내,승용차,승용차,보행자,보행자,963856,1958353,127.09040838,37.62391687
2017,10,17,야간,금,1,2,0,1,0,서울,노원구,차대차,추돌,추돌,운전자법규위반,안전운전 의무 불이행,단일로,기타단일로,이륜차,이륜차,승용차,승용차,960910,1963366,127.05675613,37.66897929
2017,11,5,야간,금,1,1,0,0,0,서울,노원구,차대차,기타,기타,운전자법규위반,안전운전 의무 불이행,단일로,지하차도(도로)내,승용차,승용차,이륜차,이륜차,962137,1959011,127.0708947,37.62977834
2017,11,25,야간,목,1,1,0,0,0,서울,노원구,차대사람,보도통행중,보도통행중,운전자법규위반,안전운전 의무 불이행,교차로,교차로내,승합차,승합차,보행자,보행자,962856,1957763,127.07910642,37.61855918
2017,12,20,주간,토,1,1,0,0,0,서울,노원구,차대차,기타,기타,운전자법규위반,안전운전 의무 불이행,교차로,교차로내,승용차,승용차,원동기장치자전거,원동기장치자전거,962003,1960079,127.06932054,37.63939891
2017,2,55,야간,수,1,1,0,0,0,서울,도봉구,차대사람,횡단중,횡단중,운전자법규위반,안전운전 의무 불이행,단일로,기타단일로,화물차,화물차,보행자,보행자,959876,1964315,127.04497965,37.6774881
2017,2,2,야간,월,1,1,0,0,0,서울,도봉구,차대사람,차도통행중,차도통행중,운전자법규위반,안전운전 의무 불이행,기타,기타,화물차,화물차,보행자,보행자,960104,1961467,127.04772095,37.65182864
2017,3,50,주간,수,1,1,0,0,0,서울,도봉구,차대차,추돌,추돌,운전자법규위반,안전운전 의무 불이행,교차로,교차로부근,이륜차,이륜차,승합차,승합차,957270,1962123,127.01555606,37.6576137
2017,4,0,야간,금,1,2,1,0,0,서울,도봉구,차대차,측면충돌,측면충돌,운전자법규위반,중앙선 침범,단일로,기타단일로,원동기장치자전거,원동기장치자전거,승용차,승용차,959416,1962701,127.03985307,37.66292069
2017,5,45,주간,월,1,2,0,1,0,서울,도봉구,차대사람,횡단중,횡단중,운전자법규위반,안전운전 의무 불이행,교차로,교차로횡단보도내,승용차,승용차,보행자,보행자,960613,1961615,127.05348306,37.65318457
2017,6,0,야간,토,1,2,1,0,0,서울,도봉구,차대차,기타,기타,운전자법규위반,안전운전 의무 불이행,단일로,지하차도(도로)내,이륜차,이륜차,승용차,승용차,960377,1960790,127.05085247,37.64573856
2017,7,35,야간,목,1,1,0,0,0,서울,도봉구,차대차,측면충돌,측면충돌,운전자법규위반,안전운전 의무 불이행,교차로,교차로부근,승용차,승용차,자전거,자전거,959420,1963582,127.0398494,37.67086143
2017,7,10,주간,토,1,4,1,2,0,서울,도봉구,차대차,추돌,추돌,운전자법규위반,안전운전 의무 불이행,단일로,기타단일로,승용차,승용차,승용차,승용차,958084,1961514,127.02481933,37.65216224
2017,10,33,야간,월,1,1,0,0,0,서울,도봉구,차량단독,기타,기타,운전자법규위반,안전운전 의무 불이행,단일로,기타단일로,이륜차,이륜차,없음,없음,960407,1965213,127.05095242,37.68560495
2017,1,59,야간,목,1,1,0,0,0,서울,동대문구,차대사람,횡단중,횡단중,운전자법규위반,안전운전 의무 불이행,교차로,교차로내,승용차,승용차,보행자,보행자,958831,1953318,127.03374892,37.57832394
2017,2,18,야간,금,1,1,0,0,0,서울,동대문구,차대사람,횡단중,횡단중,운전자법규위반,안전운전 의무 불이행,단일로,기타단일로,승용차,승용차,보행자,보행자,961948,1954633,127.06898058,37.59031055
2017,2,42,주간,일,1,1,0,0,0,서울,동대문구,차대차,정면충돌,정면충돌,운전자법규위반,신호위반,교차로,교차로내,화물차,화물차,승합차,승합차,960956,1953224,127.05781951,37.57756929
2017,2,45,야간,월,1,2,0,1,0,서울,동대문구,차대차,정면충돌,정면충돌,운전자법규위반,중앙선 침범,단일로,기타단일로,화물차,화물차,승합차,승합차,960665,1954382,127.05446177,37.58799426
2017,3,0,주간,화,1,1,0,0,0,서울,동대문구,차대차,측면충돌,측면충돌,운전자법규위반,안전운전 의무 불이행,교차로,교차로부근,자전거,자전거,건설기계,건설기계,961599,1955099,127.06500307,37.59449623
2017,7,28,야간,금,1,1,0,0,0,서울,동대문구,차대차,측면충돌,측면충돌,운전자법규위반,과속,단일로,기타단일로,승용차,승용차,자전거,자전거,961568,1952419,127.06479256,37.57033935
2017,8,55,야간,목,1,1,0,0,0,서울,동대문구,차대사람,횡단중,횡단중,운전자법규위반,안전운전 의무 불이행,단일로,기타단일로,승합차,승합차,보행자,보행자,953936,1952044,126.97839369,37.56660917
2017,8,2,야간,일,1,2,0,1,0,서울,동대문구,차대차,추돌,추돌,운전자법규위반,안전운전 의무 불이행,단일로,교량위,승용차,승용차,건설기계,건설기계,959450,1955208,127.0406544,37.59538645
2017,8,45,야간,월,1,1,0,0,0,서울,동대문구,차대사람,보도통행중,보도통행중,운전자법규위반,안전운전 의무 불이행,교차로,교차로횡단보도내,화물차,화물차,보행자,보행자,960581,1953899,127.05353635,37.58363726
2017,8,35,야간,목,1,1,0,0,0,서울,동대문구,차대사람,기타,기타,운전자법규위반,안전운전 의무 불이행,단일로,기타단일로,화물차,화물차,보행자,보행자,962031,1954751,127.06991459,37.59137755
2017,8,14,주간,토,1,1,0,0,0,서울,동대문구,차량단독,기타,기타,운전자법규위반,안전운전 의무 불이행,단일로,기타단일로,이륜차,이륜차,없음,없음,958673,1952444,127.03200888,37.57043928
2017,8,50,주간,월,1,1,0,0,0,서울,동대문구,차대사람,기타,기타,운전자법규위반,안전운전 의무 불이행,교차로,교차로부근,승합차,승합차,보행자,보행자,961925,1953382,127.06878511,37.57903399
2017,8,58,주간,수,1,1,0,0,0,서울,동대문구,차대사람,횡단중,횡단중,운전자법규위반,보행자 보호의무 위반,단일로,기타단일로,건설기계,건설기계,보행자,보행자,959804,1953223,127.04477332,37.57751069
2017,9,23,야간,월,1,2,1,0,0,서울,동대문구,차대차,측면충돌,측면충돌,운전자법규위반,안전운전 의무 불이행,교차로,교차로부근,이륜차,이륜차,승용차,승용차,960259,1953943,127.04988706,37.58402
2017,10,28,야간,월,1,1,0,0,0,서울,동대문구,차량단독,공작물충돌,공작물충돌,운전자법규위반,안전운전 의무 불이행,교차로,교차로내,이륜차,이륜차,없음,없음,961892,1952689,127.06844743,37.57278641
2017,10,40,주간,금,1,1,0,0,0,서울,동대문구,차대사람,횡단중,횡단중,운전자법규위반,신호위반,기타,기타,화물차,화물차,보행자,보행자,961620,1954717,127.06526098,37.59105404
2017,10,30,주간,일,1,1,0,0,0,서울,동대문구,차대사람,기타,기타,운전자법규위반,안전운전 의무 불이행,단일로,기타단일로,승용차,승용차,보행자,보행자,959854,1953464,127.04532636,37.57968507
2017,10,53,주간,금,2,2,0,0,0,서울,동대문구,차대사람,기타,기타,운전자법규위반,중앙선 침범,단일로,기타단일로,승용차,승용차,보행자,보행자,959661,1953328,127.04314809,37.57845082
2017,11,30,주간,토,1,1,0,0,0,서울,동대문구,차대사람,차도통행중,차도통행중,운전자법규위반,안전운전 의무 불이행,단일로,기타단일로,승용차,승용차,보행자,보행자,959789,1953228,127.04460318,37.5775551
2017,11,5,야간,월,1,1,0,0,0,서울,동대문구,차량단독,기타,기타,운전자법규위반,안전운전 의무 불이행,단일로,기타단일로,이륜차,이륜차,없음,없음,959100,1954476,127.03673066,37.58877327
2017,12,3,주간,월,1,1,0,0,0,서울,동대문구,차대사람,기타,기타,운전자법규위반,안전운전 의무 불이행,단일로,기타단일로,화물차,화물차,보행자,보행자,961413,1955971,127.06285019,37.60234801
2017,12,10,야간,화,1,1,0,0,0,서울,동대문구,차대차,측면충돌,측면충돌,운전자법규위반,안전운전 의무 불이행,교차로,교차로부근,이륜차,이륜차,화물차,화물차,957891,1952985,127.02312262,37.57528
2017,12,20,야간,수,1,1,0,0,0,서울,동대문구,차량단독,공작물충돌,공작물충돌,운전자법규위반,안전운전 의무 불이행,단일로,기타단일로,승용차,승용차,없음,없음,958304,1953651,127.02776172,37.58130162
2017,12,45,야간,목,1,1,0,0,0,서울,동대문구,차대사람,기타,기타,운전자법규위반,안전운전 의무 불이행,단일로,기타단일로,화물차,화물차,보행자,보행자,957912,1952943,127.02336285,37.57490241
2017,1,30,주간,금,1,1,0,0,0,서울,동작구,차대사람,횡단중,횡단중,운전자법규위반,신호위반,교차로,교차로내,승합차,승합차,보행자,보행자,949772,1946151,126.93164793,37.51327688
2017,1,20,야간,일,1,2,0,1,0,서울,동작구,차대차,측면충돌,측면충돌,운전자법규위반,신호위반,교차로,교차로내,승용차,승용차,승합차,승합차,947795,1943863,126.90944083,37.49254496
2017,2,10,주간,토,1,1,0,0,0,서울,동작구,차대사람,기타,기타,운전자법규위반,안전운전 의무 불이행,단일로,기타단일로,건설기계,건설기계,보행자,보행자,951286,1945010,126.9488544,37.50307397
2017,2,45,주간,금,1,1,0,0,0,서울,동작구,차대사람,횡단중,횡단중,운전자법규위반,안전운전 의무 불이행,교차로,교차로내,승용차,승용차,보행자,보행자,950312,1944217,126.93788871,37.49587455
2017,4,40,주간,금,1,1,0,0,0,서울,동작구,차량단독,전도,전도,운전자법규위반,안전운전 의무 불이행,기타,기타,원동기장치자전거,원동기장치자전거,없음,없음,953433,1945203,126.97313216,37.50492437
2017,5,18,주간,토,1,2,0,1,0,서울,동작구,차대차,측면충돌,측면충돌,운전자법규위반,신호위반,교차로,교차로부근,원동기장치자전거,원동기장치자전거,승합차,승합차,949566,1946147,126.92931733,37.51322959
2017,5,30,야간,월,1,2,0,0,1,서울,동작구,차량단독,도로이탈,도로이탈 기타,운전자법규위반,안전운전 의무 불이행,단일로,기타단일로,승용차,승용차,없음,없음,948174,1944294,126.91369762,37.49645101
2017,5,14,주간,목,1,1,0,0,0,서울,동작구,차대사람,횡단중,횡단중,운전자법규위반,안전운전 의무 불이행,단일로,기타단일로,승용차,승용차,보행자,보행자,951376,1944761,126.94988907,37.50083442
2017,6,55,야간,목,1,1,0,0,0,서울,동작구,차대사람,횡단중,횡단중,운전자법규위반,안전운전 의무 불이행,단일로,기타단일로,승합차,승합차,보행자,보행자,947346,1943191,126.90440994,37.4864626
2017,6,31,야간,수,1,2,0,1,0,서울,동작구,차대차,정면충돌,정면충돌,운전자법규위반,중앙선 침범,단일로,고가도로위,이륜차,이륜차,승용차,승용차,954153,1942057,126.97973065,37.47669603
2017,8,40,주간,금,1,1,0,0,0,서울,동작구,차대차,측면충돌,측면충돌,운전자법규위반,신호위반,교차로,교차로내,화물차,화물차,원동기장치자전거,원동기장치자전거,948771,1944670,126.92042491,37.4998733
2017,9,5,야간,화,1,2,1,0,0,서울,동작구,차대사람,보도통행중,보도통행중,운전자법규위반,기타(운전자법규위반),단일로,기타단일로,승용차,승용차,보행자,보행자,952804,1945452,126.96586577,37.50689635
2017,10,50,야간,화,1,2,1,0,0,서울,동작구,차대차,측면충돌,측면충돌,운전자법규위반,신호위반,교차로,교차로내,승용차,승용차,원동기장치자전거,원동기장치자전거,948222,1944303,126.91423998,37.49653482
2017,10,32,야간,월,1,1,0,0,0,서울,동작구,차대사람,기타,기타,운전자법규위반,안전운전 의무 불이행,단일로,기타단일로,승용차,승용차,보행자,보행자,949391,1945824,126.92735946,37.51030874
2017,10,53,야간,화,1,1,0,0,0,서울,동작구,차대사람,횡단중,횡단중,운전자법규위반,보행자 보호의무 위반,교차로,교차로부근,화물차,화물차,보행자,보행자,953984,1952006,126.94272283,37.49539269
2017,11,5,주간,목,1,1,0,0,0,서울,동작구,차대사람,차도통행중,차도통행중,운전자법규위반,안전운전 의무 불이행,단일로,기타단일로,건설기계,건설기계,보행자,보행자,954193,1942737,126.98188419,37.48273559
2017,11,35,야간,목,1,1,0,0,0,서울,동작구,차대사람,차도통행중,차도통행중,운전자법규위반,안전운전 의무 불이행,교차로,교차로내,화물차,화물차,보행자,보행자,952343,1945450,126.96078418,37.50709499
2017,12,45,야간,토,1,1,0,0,0,서울,동작구,차대사람,횡단중,횡단중,운전자법규위반,안전운전 의무 불이행,단일로,기타단일로,승용차,승용차,보행자,보행자,951479,1946103,126.9507302,37.51280562
2017,12,40,주간,목,1,1,0,0,0,서울,동작구,차대차,측면충돌,측면충돌,운전자법규위반,안전운전 의무 불이행,교차로,교차로횡단보도내,자전거,자전거,승합차,승합차,950412,1945183,126.9389548,37.50458671
2017,12,2,주간,금,1,1,0,0,0,서울,동작구,차대차,기타,기타,운전자법규위반,안전운전 의무 불이행,단일로,기타단일로,원동기장치자전거,원동기장치자전거,화물차,화물차,950498,1944958,126.93994293,37.50256335
2017,1,53,주간,목,1,1,0,0,0,서울,마포구,차대사람,차도통행중,차도통행중,운전자법규위반,안전운전 의무 불이행,단일로,기타단일로,승합차,승합차,보행자,보행자,948043,1950095,126.91180536,37.54872896
2017,3,44,주간,금,1,1,0,0,0,서울,마포구,차대사람,횡단중,횡단중,운전자법규위반,안전운전 의무 불이행,교차로,교차로횡단보도내,특수차,특수차,보행자,보행자,948217,1950126,126.9137729,37.54901817
2017,3,25,주간,일,1,1,0,0,0,서울,마포구,차대차,측면충돌,측면충돌,운전자법규위반,신호위반,교차로,교차로내,승용차,승용차,원동기장치자전거,원동기장치자전거,948036,1950701,126.91168319,37.55419051
2017,3,28,주간,수,1,1,0,0,0,서울,마포구,차대사람,횡단중,횡단중,운전자법규위반,안전운전 의무 불이행,단일로,기타단일로,승합차,승합차,보행자,보행자,948705,1950663,126.91925966,37.55388551
2017,4,35,야간,금,1,1,0,0,0,서울,마포구,차대사람,횡단중,횡단중,운전자법규위반,과속,단일로,기타단일로,승용차,승용차,보행자,보행자,951232,1949215,126.94796429,37.54097168
2017,5,20,주간,월,1,1,0,0,0,서울,마포구,차대사람,횡단중,횡단중,운전자법규위반,안전운전 의무 불이행,교차로,교차로횡단보도내,승용차,승용차,보행자,보행자,949789,1949995,126.93157741,37.54792445
2017,6,22,야간,일,1,1,0,0,0,서울,마포구,차대사람,차도통행중,차도통행중,운전자법규위반,안전운전 의무 불이행,단일로,기타단일로,승용차,승용차,보행자,보행자,946211,1951382,126.89097233,37.56022366