year,month,minute,day_night,day,death,casualties,중상자수,경상자수,부상신고자수,state,state2,사고유형_대분류,사고유형_중분류,사고유형,법규위반_대분류,법규위반,도로형태_대분류,도로형태,당사자종별_1당_대분류,당사자종별_1당,당사자종별_2당_대분류,당사자종별_2당,발생위치X_UTMK,발생위치Y_UTMK,경도,위도
2017,10,17,야간,화,1,1,0,0,0,서울,마포구,차대사람,횡단중,횡단중,운전자법규위반,과속,단일로,기타단일로,승용차,승용차,보행자,보행자,947710,1951820,126.90791272,37.56425772
2017,1,58,주간,수,1,1,0,0,0,서울,서대문구,차대사람,횡단중,횡단중,운전자법규위반,안전운전 의무 불이행,단일로,기타단일로,승용차,승용차,보행자,보행자,949586,1952686,126.92909438,37.57216769
2017,3,30,야간,수,1,1,0,0,0,서울,서대문구,차대차,측면충돌,측면충돌,운전자법규위반,안전거리 미확보,단일로,기타단일로,승용차,승용차,이륜차,이륜차,948581,1952405,126.91773366,37.56957943
2017,3,57,야간,토,1,1,0,0,0,서울,서대문구,차대사람,횡단중,횡단중,운전자법규위반,안전운전 의무 불이행,단일로,기타단일로,승용차,승용차,보행자,보행자,947770,1952721,126.91358158,37.5701096
2017,6,20,야간,수,1,2,0,1,0,서울,서대문구,차대차,측면충돌,측면충돌,운전자법규위반,안전운전 의무 불이행,단일로,기타단일로,이륜차,이륜차,이륜차,이륜차,949058,1953280,126.9230741,37.5774924
2017,7,35,야간,목,1,1,0,0,0,서울,서대문구,차대차,측면충돌,측면충돌,운전자법규위반,신호위반,교차로,교차로내,승합차,승합차,이륜차,이륜차,947556,1952942,126.90608874,37.57436163
2017,10,2,야간,월,1,1,0,0,0,서울,서대문구,차대사람,횡단중,횡단중,운전자법규위반,보행자 보호의무 위반,단일로,기타단일로,승합차,승합차,보행자,보행자,950350,1954550,126.93761944,37.58900965
2017,10,0,주간,화,1,1,0,0,0,서울,서대문구,차대사람,횡단중,횡단중,운전자법규위반,안전운전 의무 불이행,단일로,기타단일로,건설기계,건설기계,보행자,보행자,951159,1954923,126.94675762,37.59241484
2017,10,4,야간,수,1,6,3,1,1,서울,서대문구,차대사람,기타,기타,운전자법규위반,안전운전 의무 불이행,교차로,교차로내,화물차,화물차,보행자,보행자,952966,1951496,126.96725798,37.56171471
2017,1,45,주간,금,1,1,0,0,0,서울,서초구,차대사람,횡단중,횡단중,운전자법규위반,안전운전 의무 불이행,교차로,교차로부근,특수차,특수차,보행자,보행자,954182,1942122,126.98179806,37.47719185
2017,1,25,야간,월,1,1,0,0,0,서울,서초구,차대사람,차도통행중,차도통행중,운전자법규위반,안전운전 의무 불이행,단일로,기타단일로,승합차,승합차,보행자,보행자,957658,1942767,127.02107323,37.48317136
2017,2,40,야간,금,1,1,0,0,0,서울,서초구,차량단독,기타,기타,운전자법규위반,안전운전 의무 불이행,기타,기타,승용차,승용차,없음,없음,955706,1945721,126.99881718,37.50970516
2017,2,29,주간,일,1,1,0,0,0,서울,서초구,차대사람,차도통행중,차도통행중,운전자법규위반,과속,단일로,기타단일로,승용차,승용차,보행자,보행자,957508,1946406,127.01916637,37.51596404
2017,3,25,주간,월,1,1,0,0,0,서울,서초구,차대차,추돌,추돌,운전자법규위반,차로위반(진로변경 위반),교차로,교차로부근,승용차,승용차,이륜차,이륜차,959380,1941031,127.04064582,37.46760141
2017,4,40,야간,일,1,1,0,0,0,서울,서초구,차대사람,횡단중,횡단중,운전자법규위반,신호위반,교차로,교차로부근,승용차,승용차,보행자,보행자,959318,1941142,127.03993858,37.46859918
2017,4,43,주간,화,1,1,0,0,0,서울,서초구,차량단독,전도,전도,운전자법규위반,안전운전 의무 불이행,단일로,기타단일로,승용차,승용차,없음,없음,956947,1942230,127.01306285,37.4782983
2017,4,0,야간,수,1,1,0,0,0,서울,서초구,차대차,기타,기타,운전자법규위반,안전운전 의무 불이행,단일로,기타단일로,승용차,승용차,승합차,승합차,954903,1945368,126.98975329,37.50648457
2017,6,5,야간,수,1,1,0,0,0,서울,서초구,차대사람,횡단중,횡단중,운전자법규위반,안전운전 의무 불이행,단일로,기타단일로,승용차,승용차,보행자,보행자,957862,1945076,127.02324831,37.50399254
2017,6,30,야간,화,1,1,0,0,0,서울,서초구,차대사람,횡단중,횡단중,운전자법규위반,안전운전 의무 불이행,단일로,기타단일로,승용차,승용차,보행자,보행자,958918,1941952,127.03537004,37.47588234
2017,7,30,주간,일,1,1,0,0,0,서울,서초구,차대사람,횡단중,횡단중,운전자법규위반,안전운전 의무 불이행,단일로,기타단일로,승용차,승용차,보행자,보행자,959337,1942272,127.04009104,37.47878517
2017,7,40,주간,일,2,16,4,9,1,서울,서초구,차대차,추돌,추돌,운전자법규위반,안전운전 의무 불이행,단일로,기타단일로,승합차,승합차,승용차,승용차,959678,1940101,127.04749039,37.45567212
2017,7,13,주간,화,1,2,1,0,0,서울,서초구,차대사람,횡단중,횡단중,운전자법규위반,보행자 보호의무 위반,단일로,기타단일로,승용차,승용차,보행자,보행자,955344,1944813,126.99477648,37.50150363
2017,7,0,야간,토,1,1,0,0,0,서울,서초구,차대사람,횡단중,횡단중,운전자법규위반,안전운전 의무 불이행,단일로,기타단일로,승용차,승용차,보행자,보행자,957842,1945085,127.02302152,37.50407275
2017,7,26,야간,토,1,1,0,0,0,서울,서초구,차대사람,횡단중,횡단중,운전자법규위반,안전운전 의무 불이행,단일로,기타단일로,승용차,승용차,보행자,보행자,956336,1944106,127.00604124,37.49517867
2017,9,45,주간,화,2,3,0,1,0,서울,서초구,차대차,추돌,추돌,운전자법규위반,안전운전 의무 불이행,단일로,기타단일로,승용차,승용차,승용차,승용차,960273,1939315,127.05083662,37.45217316
2017,10,35,야간,일,1,1,0,0,0,서울,서초구,차대사람,횡단중,횡단중,운전자법규위반,안전운전 의무 불이행,단일로,기타단일로,승용차,승용차,보행자,보행자,960514,1940176,127.05351521,37.45994407
2017,12,28,야간,일,1,3,0,2,0,서울,서초구,차대사람,차도통행중,차도통행중,운전자법규위반,과속,단일로,기타단일로,승용차,승용차,보행자,보행자,959378,1940491,127.04065299,37.46273408
2017,12,54,야간,금,1,1,0,0,0,서울,서초구,차대차,기타,기타,운전자법규위반,안전거리 미확보,단일로,기타단일로,건설기계,건설기계,이륜차,이륜차,954443,1941206,126.98480654,37.46894854
2017,1,40,야간,금,1,1,0,0,0,서울,성동구,차대사람,횡단중,횡단중,운전자법규위반,안전운전 의무 불이행,단일로,기타단일로,화물차,화물차,보행자,보행자,958083,1949880,127.02547445,37.54730259
2017,1,40,야간,토,1,1,0,0,0,서울,성동구,차량단독,공작물충돌,공작물충돌,운전자법규위반,안전운전 의무 불이행,단일로,지하차도(도로)내,승용차,승용차,없음,없음,960547,1950283,127.05334593,37.55104375
2017,2,23,야간,토,1,1,0,0,0,서울,성동구,차량단독,전도전복,전도전복,운전자법규위반,안전운전 의무 불이행,단일로,기타단일로,이륜차,이륜차,없음,없음,958955,1952565,127.0351954,37.5715425
2017,3,40,야간,일,1,1,0,0,0,서울,성동구,차대차,기타,기타,운전자법규위반,안전운전 의무 불이행,교차로,교차로내,이륜차,이륜차,화물차,화물차,959708,1952047,127.04375081,37.56690688
2017,3,20,야간,금,1,2,0,1,0,서울,성동구,차대차,정면충돌,정면충돌,운전자법규위반,안전운전 의무 불이행,교차로,교차로내,승용차,승용차,이륜차,이륜차,958132,1952121,127.02590118,37.56750355
2017,5,20,야간,토,1,1,0,0,0,서울,성동구,차대사람,횡단중,횡단중,운전자법규위반,안전운전 의무 불이행,교차로,교차로횡단보도내,화물차,화물차,보행자,보행자,959285,1951076,127.03901501,37.55813638
2017,5,40,주간,일,1,1,0,0,0,서울,성동구,차대사람,기타,기타,운전자법규위반,안전운전 의무 불이행,교차로,교차로내,승용차,승용차,보행자,보행자,957966,1951934,127.02403224,37.56581051
2017,7,15,주간,목,1,1,0,0,0,서울,성동구,차대차,측면충돌,측면충돌,운전자법규위반,안전운전 의무 불이행,교차로,교차로내,자전거,자전거,승용차,승용차,961297,1949361,127.06188522,37.54276527
2017,8,40,주간,수,1,1,0,0,0,서울,성동구,차대차,측면충돌,측면충돌,운전자법규위반,중앙선 침범,단일로,기타단일로,자전거,자전거,승용차,승용차,961490,1949945,127.06403925,37.54803715
2017,8,50,주간,수,1,1,0,0,0,서울,성동구,차대차,측면충돌,측면충돌,운전자법규위반,안전운전 의무 불이행,교차로,교차로내,승용차,승용차,이륜차,이륜차,959805,1949652,127.04498044,37.54532428
2017,9,50,주간,금,1,1,0,0,0,서울,성동구,차량단독,기타,기타,운전자법규위반,안전운전 의무 불이행,단일로,기타단일로,화물차,화물차,없음,없음,961193,1949572,127.06069682,37.54466271
2017,9,30,주간,토,1,1,0,0,0,서울,성동구,차대차,기타,기타,운전자법규위반,안전운전 의무 불이행,교차로,교차로부근,승합차,승합차,자전거,자전거,959178,1952572,127.03772025,37.5716155
2017,11,5,주간,화,2,2,0,0,0,서울,성동구,차량단독,공작물충돌,공작물충돌,운전자법규위반,안전운전 의무 불이행,단일로,기타단일로,원동기장치자전거,원동기장치자전거,없음,없음,961129,1949480,127.05997722,37.54383079
2017,12,19,야간,금,1,1,0,0,0,서울,성동구,차대차,측면충돌,측면충돌,운전자법규위반,중앙선 침범,단일로,기타단일로,이륜차,이륜차,승용차,승용차,958864,1950827,127.03426246,37.55587337
2017,1,0,주간,금,1,1,0,0,0,서울,성북구,차대사람,횡단중,횡단중,운전자법규위반,안전운전 의무 불이행,교차로,교차로내,화물차,화물차,보행자,보행자,959245,1955990,127.03815941,37.60244866
2017,2,22,야간,일,1,1,0,0,0,서울,성북구,차량단독,전도,전도,운전자법규위반,과속,단일로,고가도로위,승용차,승용차,없음,없음,961449,1957289,127.06318855,37.61422896
2017,4,48,주간,화,1,1,0,0,0,서울,성북구,차대사람,횡단중,횡단중,운전자법규위반,안전운전 의무 불이행,단일로,기타단일로,화물차,화물차,보행자,보행자,957382,1954586,127.0172653,37.58968674
2017,5,30,야간,토,1,1,0,0,0,서울,성북구,차량단독,전도,전도,운전자법규위반,안전운전 의무 불이행,단일로,기타단일로,이륜차,이륜차,없음,없음,956953,1954761,127.01239588,37.59124408
2017,5,33,야간,일,1,1,0,0,0,서울,성북구,차량단독,전도,전도,운전자법규위반,안전운전 의무 불이행,단일로,기타단일로,이륜차,이륜차,없음,없음,958268,1956212,127.02720799,37.60438284
2017,5,10,주간,월,1,1,0,0,0,서울,성북구,차대사람,횡단중,횡단중,운전자법규위반,안전운전 의무 불이행,단일로,기타단일로,화물차,화물차,보행자,보행자,957945,1956683,127.02352168,37.60861334
2017,7,47,야간,수,1,1,0,0,0,서울,성북구,차대사람,기타,기타,운전자법규위반,안전운전 의무 불이행,단일로,기타단일로,승용차,승용차,보행자,보행자,957811,1955829,127.02205278,37.60090993
2017,8,10,주간,월,1,1,0,0,0,서울,성북구,차대사람,횡단중,횡단중,운전자법규위반,보행자 보호의무 위반,단일로,기타단일로,승용차,승용차,보행자,보행자,959178,1957125,127.03746634,37.61265275
2017,8,33,주간,목,1,1,0,0,0,서울,성북구,차대차,측면충돌,측면충돌,운전자법규위반,안전거리 미확보,단일로,기타단일로,건설기계,건설기계,원동기장치자전거,원동기장치자전거,958405,1956549,127.02874089,37.60742649
2017,9,24,주간,일,1,1,0,0,0,서울,성북구,차대사람,기타,기타,운전자법규위반,안전운전 의무 불이행,단일로,기타단일로,승용차,승용차,보행자,보행자,957807,1954211,127.02210073,37.58632638
2017,9,35,야간,토,1,2,1,0,0,서울,성북구,차대사람,횡단중,횡단중,운전자법규위반,안전운전 의무 불이행,단일로,기타단일로,승용차,승용차,보행자,보행자,960550,1956684,127.05303513,37.60873782
2017,9,39,주간,월,1,1,0,0,0,서울,성북구,차대차,측면충돌,측면충돌,운전자법규위반,신호위반,교차로,교차로내,원동기장치자전거,원동기장치자전거,승용차,승용차,957949,1954216,127.02370876,37.58637794
2017,10,21,야간,화,1,1,0,0,0,서울,성북구,차대차,기타,기타,운전자법규위반,안전운전 의무 불이행,단일로,기타단일로,승용차,승용차,승용차,승용차,960502,1958054,127.0524173,37.62108386
2017,10,20,주간,금,1,1,0,0,0,서울,성북구,차대사람,차도통행중,차도통행중,운전자법규위반,안전운전 의무 불이행,교차로,교차로횡단보도내,승용차,승용차,보행자,보행자,960409,1957437,127.05139689,37.61551871
2017,11,15,야간,수,1,1,0,0,0,서울,성북구,차대차,측면충돌,측면충돌,운전자법규위반,중앙선 침범,교차로,교차로횡단보도내,자전거,자전거,화물차,화물차,961190,1957126,127.06026262,37.61274891
2017,11,44,야간,화,1,1,0,0,0,서울,성북구,차대사람,횡단중,횡단중,운전자법규위반,안전운전 의무 불이행,교차로,교차로내,승용차,승용차,보행자,보행자,956821,1956482,127.01079918,37.60674959
2017,12,57,야간,토,1,1,0,0,0,서울,성북구,차대사람,횡단중,횡단중,운전자법규위반,안전운전 의무 불이행,교차로,교차로부근,화물차,화물차,보행자,보행자,959060,1954916,127.03625299,37.59273731
2017,1,28,야간,일,1,1,0,0,0,서울,송파구,차대사람,횡단중,횡단중,운전자법규위반,안전운전 의무 불이행,교차로,교차로부근,승용차,승용차,보행자,보행자,967570,1944453,127.13310702,37.49874052
2017,1,50,주간,목,1,1,0,0,0,서울,송파구,차대차,정면충돌,정면충돌,운전자법규위반,중앙선 침범,단일로,기타단일로,자전거,자전거,승합차,승합차,968349,1944620,127.14191597,37.50030167
2017,1,54,야간,수,1,5,0,4,0,서울,송파구,차대차,측면충돌,측면충돌,운전자법규위반,안전운전 의무 불이행,단일로,기타단일로,승용차,승용차,승용차,승용차,968758,1945442,127.14650819,37.50772469
2017,2,59,야간,목,1,1,0,0,0,서울,송파구,차대사람,횡단중,횡단중,운전자법규위반,신호위반,교차로,교차로내,승용차,승용차,보행자,보행자,968669,1944100,127.14555839,37.49562557
2017,2,23,야간,금,1,4,1,1,1,서울,송파구,차대차,측면충돌,측면충돌,운전자법규위반,안전운전 의무 불이행,단일로,기타단일로,승용차,승용차,승용차,승용차,967459,1942040,127.12877932,37.47504547
2017,3,10,야간,목,1,1,0,0,0,서울,송파구,차량단독,주/정차차량 충돌,주/정차차량 충돌,운전자법규위반,안전운전 의무 불이행,교차로,교차로부근,승용차,승용차,승용차,승용차,967010,1944151,127.12678851,37.49602745
2017,4,40,야간,목,1,1,0,0,0,서울,송파구,차대사람,기타,기타,운전자법규위반,안전운전 의무 불이행,단일로,기타단일로,화물차,화물차,보행자,보행자,965244,1945208,127.10676044,37.50548987
2017,5,16,야간,화,1,1,0,0,0,서울,송파구,차대사람,횡단중,횡단중,운전자법규위반,안전운전 의무 불이행,교차로,교차로횡단보도내,승용차,승용차,보행자,보행자,968138,1944089,127.13955187,37.49550824
2017,5,25,야간,수,1,1,0,0,0,서울,송파구,차대차,추돌,추돌,운전자법규위반,안전운전 의무 불이행,단일로,기타단일로,이륜차,이륜차,화물차,화물차,968710,1944257,127.14601553,37.49704208
2017,6,40,주간,화,1,2,1,0,0,서울,송파구,차대차,측면충돌,측면충돌,운전자법규위반,안전운전 의무 불이행,교차로,교차로횡단보도내,승합차,승합차,자전거,자전거,965808,1944341,127.11318189,37.49769627
2017,6,52,주간,목,1,1,0,0,0,서울,송파구,차대차,정면충돌,정면충돌,운전자법규위반,신호위반,교차로,교차로내,승용차,승용차,이륜차,이륜차,967141,1944824,127.12824039,37.5020982
2017,7,56,야간,월,1,1,0,0,0,서울,송파구,차대사람,횡단중,횡단중,운전자법규위반,안전운전 의무 불이행,교차로,교차로부근,승합차,승합차,보행자,보행자,967016,1941876,127.12695836,37.47552196
2017,7,0,주간,일,1,3,0,2,0,서울,송파구,차대차,정면충돌,정면충돌,운전자법규위반,신호위반,교차로,교차로내,승용차,승용차,승용차,승용차,967917,1941806,127.13715133,37.47492275
2017,9,45,주간,월,1,1,0,0,0,서울,송파구,차대사람,기타,기타,운전자법규위반,안전운전 의무 불이행,단일로,기타단일로,승용차,승용차,보행자,보행자,966504,1948897,127.12084793,37.53878703
2017,9,23,야간,일,2,3,1,0,0,서울,송파구,차대사람,기타,기타,운전자법규위반,안전운전 의무 불이행,단일로,기타단일로,승용차,승용차,보행자,보행자,965851,1947554,127.11351904,37.52665805
2017,9,48,야간,월,1,1,0,0,0,서울,송파구,차대사람,기타,기타,운전자법규위반,안전운전 의무 불이행,단일로,기타단일로,승용차,승용차,보행자,보행자,964589,1946952,127.09926571,37.52118438
2017,11,17,주간,수,1,1,0,0,0,서울,송파구,차대사람,횡단중,횡단중,운전자법규위반,안전운전 의무 불이행,단일로,기타단일로,건설기계,건설기계,보행자,보행자,966981,1942338,127.1265418,37.47968495
2017,11,20,야간,목,1,1,0,0,0,서울,송파구,차대사람,횡단중,횡단중,운전자법규위반,안전운전 의무 불이행,단일로,기타단일로,승합차,승합차,보행자,보행자,965141,1945371,127.10558737,37.50695518
2017,11,50,야간,목,1,1,0,0,0,서울,송파구,차대사람,횡단중,횡단중,운전자법규위반,안전운전 의무 불이행,교차로,교차로횡단보도내,승용차,승용차,보행자,보행자,965258,1945244,127.10691714,37.50581488
2017,12,24,주간,목,1,1,0,0,0,서울,송파구,차대사람,횡단중,횡단중,운전자법규위반,신호위반,교차로,교차로횡단보도내,건설기계,건설기계,보행자,보행자,965739,1946545,127.11229857,37.51755935
2017,12,25,주간,토,1,1,0,0,0,서울,송파구,차대차,기타,기타,운전자법규위반,안전운전 의무 불이행,단일로,기타단일로,이륜차,이륜차,승용차,승용차,966573,1948370,127.12165295,37.53403947
2017,12,24,야간,수,1,1,0,0,0,서울,송파구,차대사람,횡단중,횡단중,운전자법규위반,과속,단일로,기타단일로,승용차,승용차,보행자,보행자,962356,1945860,127.07405217,37.51125332
2017,1,0,야간,화,1,2,0,1,0,서울,양천구,차대차,측면충돌,측면충돌,운전자법규위반,안전운전 의무 불이행,단일로,기타단일로,이륜차,이륜차,승합차,승합차,945525,1948772,126.88339929,37.53665923
2017,1,35,주간,일,1,1,0,0,0,서울,양천구,차대사람,횡단중,횡단중,운전자법규위반,신호위반,단일로,기타단일로,승용차,승용차,보행자,보행자,943719,1949882,126.86287325,37.5465552
2017,2,37,주간,목,1,1,0,0,0,서울,양천구,차량단독,공작물충돌,공작물충돌,운전자법규위반,안전운전 의무 불이행,단일로,기타단일로,승용차,승용차,없음,없음,944651,1947090,126.87363384,37.52144716
2017,2,42,야간,금,1,1,0,0,0,서울,양천구,차량단독,전도,전도,운전자법규위반,안전운전 의무 불이행,단일로,기타단일로,이륜차,이륜차,없음,없음,944521,1948172,126.87208101,37.5311915
2017,5,25,주간,목,1,1,0,0,0,서울,양천구,차대사람,기타,기타,운전자법규위반,안전운전 의무 불이행,단일로,기타단일로,화물차,화물차,보행자,보행자,942093,1946746,126.84471462,37.5181896
2017,5,30,주간,월,1,3,2,0,0,서울,양천구,차대차,기타,기타,운전자법규위반,신호위반,교차로,교차로내,원동기장치자전거,원동기장치자전거,화물차,화물차,945149,1947765,126.87921882,37.52756075
2017,5,50,야간,금,1,1,0,0,0,서울,양천구,차대사람,차도통행중,차도통행중,운전자법규위반,안전운전 의무 불이행,단일로,기타단일로,승용차,승용차,보행자,보행자,943798,1948170,126.86389861,37.53112968
2017,5,58,주간,수,1,1,0,0,0,서울,양천구,차대사람,기타,기타,운전자법규위반,안전운전 의무 불이행,교차로,교차로내,승합차,승합차,보행자,보행자,943039,1946237,126.85545854,37.51366086
2017,7,9,주간,토,1,1,0,0,0,서울,양천구,차대사람,기타,기타,운전자법규위반,안전운전 의무 불이행,교차로,교차로내,화물차,화물차,보행자,보행자,943819,1949560,126.86402988,37.54365911
2017,7,35,주간,화,1,1,0,0,0,서울,양천구,차대사람,차도통행중,차도통행중,운전자법규위반,안전운전 의무 불이행,단일로,기타단일로,승용차,승용차,보행자,보행자,942847,1946209,126.85328828,37.51339661
2017,8,23,야간,수,1,1,0,0,0,서울,양천구,차대사람,기타,기타,운전자법규위반,안전운전 의무 불이행,단일로,기타단일로,화물차,화물차,보행자,보행자,943764,1947600,126.86355747,37.52599016
2017,10,20,야간,수,1,1,0,0,0,서울,양천구,차대차,측면충돌,측면충돌,운전자법규위반,안전운전 의무 불이행,교차로,교차로부근,승용차,승용차,자전거,자전거,941373,1947211,126.83653036,37.52233518
2017,10,0,주간,금,1,1,0,0,0,서울,양천구,차대사람,횡단중,횡단중,운전자법규위반,보행자 보호의무 위반,단일로,기타단일로,승용차,승용차,보행자,보행자,944431,1946407,126.87119597,37.51527798
2017,1,40,주간,월,1,1,0,0,0,서울,영등포구,차량단독,전도전복,전도전복,운전자법규위반,안전운전 의무 불이행,교차로,교차로내,이륜차,이륜차,없음,없음,946757,1943309,126.89773933,37.48749238
2017,1,40,야간,일,1,1,0,0,0,서울,영등포구,차대차,측면충돌,측면충돌,운전자법규위반,신호위반,교차로,교차로내,이륜차,이륜차,승용차,승용차,947101,1945442,126.90147689,37.50673726
2017,1,26,주간,금,1,1,0,0,0,서울,영등포구,차대사람,횡단중,횡단중,운전자법규위반,보행자 보호의무 위반,교차로,교차로내,승용차,승용차,보행자,보행자,946822,1945294,126.89833102,37.50538728
2017,3,47,야간,월,2,2,0,0,0,서울,영등포구,차대차,추돌,추돌,운전자법규위반,안전운전 의무 불이행,단일로,기타단일로,승용차,승용차,화물차,화물차,947562,1948627,126.90646523,37.53547046
2017,4,18,주간,금,1,1,0,0,0,서울,영등포구,차대사람,횡단중,횡단중,운전자법규위반,안전운전 의무 불이행,단일로,기타단일로,이륜차,이륜차,보행자,보행자,948348,1945997,126.91554632,37.51181022
2017,4,45,주간,금,1,1,0,0,0,서울,영등포구,차대사람,차도통행중,차도통행중,운전자법규위반,안전운전 의무 불이행,단일로,기타단일로,승합차,승합차,보행자,보행자,949595,1946671,126.92924451,37.51773961
2017,4,6,야간,금,1,1,0,0,0,서울,영등포구,차대사람,횡단중,횡단중,운전자법규위반,안전운전 의무 불이행,단일로,교량위,승합차,승합차,보행자,보행자,945947,1948123,126.88822343,37.53083457
2017,4,53,야간,일,1,2,1,0,0,서울,영등포구,차량단독,공작물충돌,공작물충돌,운전자법규위반,안전운전 의무 불이행,교차로,교차로내,승합차,승합차,없음,없음,945389,1947039,126.88198888,37.52103148
2017,6,42,주간,월,1,1,0,0,0,서울,영등포구,차대차,정면충돌,정면충돌,운전자법규위반,안전운전 의무 불이행,기타,기타,화물차,화물차,자전거,자전거,947477,1945262,126.90574377,37.50513637
2017,6,30,야간,일,1,3,2,0,0,서울,영등포구,차대차,정면충돌,정면충돌,운전자법규위반,중앙선 침범,단일로,기타단일로,승용차,승용차,승용차,승용차,947537,1948280,126.90620707,37.53234148
2017,6,2,주간,금,1,2,1,0,0,서울,영등포구,차대차,측면충돌,측면충돌,운전자법규위반,중앙선 침범,단일로,교량위,이륜차,이륜차,화물차,화물차,947576,1946355,126.90678586,37.51499339
2017,7,37,야간,화,1,1,0,0,0,서울,영등포구,차대사람,횡단중,횡단중,운전자법규위반,과속,단일로,기타단일로,이륜차,이륜차,보행자,보행자,946689,1947064,126.8966979,37.52133287
2017,7,29,야간,수,1,1,0,0,0,서울,영등포구,차대사람,길가장자리구역통행중,길가장자리구역통행중,운전자법규위반,안전운전 의무 불이행,단일로,기타단일로,화물차,화물차,보행자,보행자,947089,1948596,126.90111394,37.53516402
2017,8,30,야간,목,1,1,0,0,0,서울,영등포구,차대사람,차도통행중,차도통행중,운전자법규위반,안전운전 의무 불이행,단일로,기타단일로,화물차,화물차,보행자,보행자,945380,1947444,126.88185692,37.52468126
2017,9,15,야간,토,1,1,0,0,0,서울,영등포구,차량단독,기타,기타,운전자법규위반,안전운전 의무 불이행,단일로,기타단일로,자전거,자전거,없음,없음,945497,1950448,126.88295788,37.55176348
2017,9,35,야간,화,1,1,0,0,0,서울,영등포구,차대사람,횡단중,횡단중,운전자법규위반,안전운전 의무 불이행,단일로,기타단일로,화물차,화물차,보행자,보행자,947908,1945765,126.91058431,37.50969443
2017,9,35,야간,화,1,2,1,0,0,서울,영등포구,차대사람,기타,기타,운전자법규위반,안전운전 의무 불이행,단일로,기타단일로,건설기계,건설기계,보행자,보행자,948651,1948004,126.91883438,37.52991657
2017,10,5,주간,일,1,2,1,0,0,서울,영등포구,차대사람,기타,기타,운전자법규위반,안전운전 의무 불이행,단일로,기타단일로,승용차,승용차,보행자,보행자,946972,1947698,126.89985457,37.52706351
2017,11,9,야간,토,1,1,0,0,0,서울,영등포구,차대사람,횡단중,횡단중,운전자법규위반,안전운전 의무 불이행,단일로,기타단일로,승용차,승용차,보행자,보행자,947584,1946849,126.90692127,37.5196162
2017,11,9,야간,일,1,1,0,0,0,서울,영등포구,차대사람,횡단중,횡단중,운전자법규위반,안전운전 의무 불이행,교차로,교차로부근,승용차,승용차,보행자,보행자,948423,1946681,126.91634691,37.51797943
2017,11,0,주간,월,1,1,0,0,0,서울,영등포구,차대사람,횡단중,횡단중,운전자법규위반,안전운전 의무 불이행,단일로,기타단일로,승합차,승합차,보행자,보행자,947084,1946315,126.9012217,37.51460477
2017,5,50,야간,수,1,1,0,0,0,서울,용산구,차량단독,전도,전도,운전자법규위반,안전운전 의무 불이행,단일로,기타단일로,이륜차,이륜차,없음,없음,954280,1946856,126.98261208,37.51986567
2017,6,45,야간,금,1,2,1,0,0,서울,용산구,차대사람,차도통행중,차도통행중,운전자법규위반,과속,단일로,기타단일로,승용차,승용차,보행자,보행자,952405,1947061,126.96166593,37.52153781
2017,6,53,주간,금,1,1,0,0,0,서울,용산구,차대사람,기타,기타,운전자법규위반,안전운전 의무 불이행,단일로,기타단일로,승용차,승용차,보행자,보행자,956427,1947971,127.0068415,37.53001942
2017,6,53,주간,화,1,1,0,0,0,서울,용산구,차대사람,횡단중,횡단중,운전자법규위반,안전운전 의무 불이행,단일로,기타단일로,승용차,승용차,보행자,보행자,952936,1947426,126.96736685,37.52493562
2017,6,47,야간,목,1,4,0,0,3,서울,용산구,차대사람,차도통행중,차도통행중,운전자법규위반,안전운전 의무 불이행,단일로,기타단일로,승용차,승용차,보행자,보행자,951811,1947377,126.95463873,37.52443586
2017,7,45,야간,금,1,1,0,0,0,서울,용산구,차대차,기타,기타,운전자법규위반,과속,단일로,교량위,이륜차,이륜차,승용차,승용차,950984,1947652,126.9452615,37.52687091
2017,7,27,야간,토,1,2,0,1,0,서울,용산구,차대사람,기타,기타,운전자법규위반,안전운전 의무 불이행,단일로,기타단일로,승용차,승용차,보행자,보행자,954630,1948816,126.98645159,37.53754894
2017,9,28,야간,토,1,1,0,0,0,서울,용산구,차량단독,공작물충돌,공작물충돌,운전자법규위반,과속,단일로,고가도로위,승용차,승용차,없음,없음,954784,1949631,126.98814446,37.5449023
2017,10,24,야간,금,1,2,0,1,0,서울,용산구,차대사람,횡단중,횡단중,운전자법규위반,안전운전 의무 불이행,단일로,기타단일로,승용차,승용차,보행자,보행자,954493,1946851,126.98502271,37.51983114
2017,11,50,야간,수,1,1,0,0,0,서울,용산구,차량단독,공작물충돌,공작물충돌,운전자법규위반,안전운전 의무 불이행,단일로,기타단일로,승용차,승용차,없음,없음,951708,1947518,126.95346384,37.52570134
2017,11,48,야간,화,1,1,0,0,0,서울,용산구,차대사람,기타,기타,운전자법규위반,안전운전 의무 불이행,단일로,기타단일로,승용차,승용차,보행자,보행자,953230,1948206,126.9706443,37.5319809
2017,12,12,야간,일,1,2,1,0,0,서울,용산구,차대사람,횡단중,횡단중,운전자법규위반,과속,단일로,기타단일로,승용차,승용차,보행자,보행자,954901,1946818,126.98964167,37.51955374
2017,1,30,야간,월,1,1,0,0,0,서울,은평구,차대사람,횡단중,횡단중,운전자법규위반,보행자 보호의무 위반,교차로,교차로내,승용차,승용차,보행자,보행자,948413,1957900,126.91544404,37.61909675