year,month,minute,day_night,day,death,casualties,중상자수,경상자수,부상신고자수,state,state2,사고유형_대분류,사고유형_중분류,사고유형,법규위반_대분류,법규위반,도로형태_대분류,도로형태,당사자종별_1당_대분류,당사자종별_1당,당사자종별_2당_대분류,당사자종별_2당,발생위치X_UTMK,발생위치Y_UTMK,경도,위도
2017,2,59,주간,목,1,1,0,0,0,서울,은평구,차대사람,횡단중,횡단중,운전자법규위반,보행자 보호의무 위반,교차로,교차로횡단보도내,승합차,승합차,보행자,보행자,948723,1959621,126.91883586,37.63462549
2017,5,50,야간,수,1,1,0,0,0,서울,은평구,차대차,정면충돌,정면충돌,운전자법규위반,중앙선 침범,교차로,교차로부근,승용차,승용차,이륜차,이륜차,949076,1955849,126.92309925,37.60064798
2017,7,10,주간,금,1,1,0,0,0,서울,은평구,차대차,측면충돌,측면충돌,운전자법규위반,안전운전 의무 불이행,교차로,교차로부근,이륜차,이륜차,건설기계,건설기계,946064,1954219,126.88909916,37.58578506
2017,7,32,주간,일,2,4,1,1,0,서울,은평구,차대차,기타,기타,운전자법규위반,신호위반,교차로,교차로내,이륜차,이륜차,승용차,승용차,949808,1956754,126.93132936,37.60884505
2017,10,58,야간,월,1,1,0,0,0,서울,은평구,차대차,측면충돌,측면충돌,운전자법규위반,신호위반,교차로,교차로횡단보도내,원동기장치자전거,원동기장치자전거,승용차,승용차,949049,1956510,126.92274736,37.60660411
2017,10,34,주간,월,1,1,0,0,0,서울,은평구,차대사람,횡단중,횡단중,운전자법규위반,보행자 보호의무 위반,교차로,교차로내,승용차,승용차,보행자,보행자,950164,1959937,126.93514559,37.63755292
2017,11,0,주간,목,1,1,0,0,0,서울,은평구,차대사람,횡단중,횡단중,운전자법규위반,안전운전 의무 불이행,단일로,기타단일로,승합차,승합차,보행자,보행자,945652,1954633,126.8844022,37.5894922
2017,11,50,야간,목,1,1,0,0,0,서울,은평구,차대사람,횡단중,횡단중,운전자법규위반,안전운전 의무 불이행,단일로,기타단일로,승합차,승합차,보행자,보행자,949754,1956835,126.93071201,37.60957215
2017,12,57,주간,월,1,1,0,0,0,서울,은평구,차대사람,차도통행중,차도통행중,운전자법규위반,안전운전 의무 불이행,단일로,기타단일로,승합차,승합차,보행자,보행자,948408,1956382,126.91549448,37.6054147
2017,12,0,야간,수,1,1,0,0,0,서울,은평구,차대사람,횡단중,횡단중,운전자법규위반,신호위반,단일로,기타단일로,화물차,화물차,보행자,보행자,948437,1954788,126.91593533,37.59104953
2017,1,50,야간,일,1,1,0,0,0,서울,종로구,차대사람,차도통행중,차도통행중,운전자법규위반,안전거리 미확보,단일로,기타단일로,승용차,승용차,보행자,보행자,956221,1952530,127.00423797,37.57110108
2017,1,20,야간,금,1,1,0,0,0,서울,종로구,차대사람,차도통행중,차도통행중,운전자법규위반,안전운전 의무 불이행,단일로,기타단일로,승용차,승용차,보행자,보행자,956493,1952747,127.00730516,37.57306984
2017,2,40,야간,일,1,1,0,0,0,서울,종로구,차량단독,전도,전도,운전자법규위반,안전운전 의무 불이행,교차로,교차로내,이륜차,이륜차,없음,없음,955961,1954155,127.00119608,37.58573513
2017,2,40,야간,토,1,1,0,0,0,서울,종로구,차대사람,차도통행중,차도통행중,운전자법규위반,신호위반,교차로,교차로내,승용차,승용차,보행자,보행자,953830,1952480,126.97716597,37.57053361
2017,3,25,주간,금,1,1,0,0,0,서울,종로구,차대차,기타,기타,운전자법규위반,앞지르기 방법위반,단일로,기타단일로,승용차,승용차,이륜차,이륜차,953895,1956957,126.97762005,37.61088875
2017,4,45,야간,수,1,1,0,0,0,서울,종로구,차대사람,기타,기타,운전자법규위반,안전운전 의무 불이행,단일로,기타단일로,승용차,승용차,보행자,보행자,955841,1952498,126.99993685,37.57079451
2017,7,51,주간,월,1,1,0,0,0,서울,종로구,차대사람,횡단중,횡단중,운전자법규위반,안전운전 의무 불이행,단일로,기타단일로,화물차,화물차,보행자,보행자,953362,1953332,126.97181226,37.57818924
2017,7,4,야간,토,1,1,0,0,0,서울,종로구,차대사람,기타,기타,운전자법규위반,안전운전 의무 불이행,단일로,기타단일로,승용차,승용차,보행자,보행자,956788,1952513,127.01065958,37.57097464
2017,9,56,주간,월,1,1,0,0,0,서울,종로구,차대사람,횡단중,횡단중,운전자법규위반,신호위반,교차로,교차로부근,건설기계,건설기계,보행자,보행자,954998,1953236,126.99034561,37.57740542
2017,11,53,야간,금,1,1,0,0,0,서울,종로구,차대차,추돌,추돌,운전자법규위반,안전운전 의무 불이행,교차로,교차로내,승용차,승용차,기타,기타,955155,1952469,126.99217054,37.57049996
2017,11,48,야간,월,1,2,1,0,0,서울,종로구,차량단독,공작물충돌,공작물충돌,운전자법규위반,안전운전 의무 불이행,단일로,기타단일로,승용차,승용차,없음,없음,954787,1952774,126.9879846,37.57323099
2017,12,40,야간,월,1,1,0,0,0,서울,종로구,차대사람,기타,기타,운전자법규위반,안전운전 의무 불이행,단일로,기타단일로,승용차,승용차,보행자,보행자,957352,1952764,127.0170316,37.57326326
2017,12,58,주간,수,1,6,1,4,0,서울,종로구,차대차,추돌,추돌,운전자법규위반,안전운전 의무 불이행,단일로,기타단일로,승용차,승용차,자전거,자전거,956816,1952587,127.01097228,37.57164293
2017,3,10,야간,금,1,3,1,1,0,서울,중구,차대차,추돌,추돌,운전자법규위반,신호위반,교차로,교차로내,화물차,화물차,원동기장치자전거,원동기장치자전거,954306,1951985,126.98258691,37.56609583
2017,6,55,야간,수,1,1,0,0,0,서울,중구,차대차,추돌,추돌,운전자법규위반,안전운전 의무 불이행,단일로,기타단일로,이륜차,이륜차,화물차,화물차,957011,1951843,127.01322409,37.56494621
2017,6,15,주간,월,1,4,1,2,0,서울,중구,차대차,기타,기타,운전자법규위반,안전운전 의무 불이행,단일로,기타단일로,승합차,승합차,자전거,자전거,956705,1950843,127.00981834,37.55591863
2017,9,28,야간,수,1,1,0,0,0,서울,중구,차대사람,보도통행중,보도통행중,운전자법규위반,안전운전 의무 불이행,단일로,기타단일로,승용차,승용차,보행자,보행자,955436,1951483,126.99541245,37.56162658
2017,1,35,주간,수,1,1,0,0,0,서울,중랑구,차대차,정면충돌,정면충돌,운전자법규위반,안전운전 의무 불이행,교차로,교차로내,자전거,자전거,승용차,승용차,963459,1955106,127.08607182,37.5946351
2017,2,43,야간,목,1,1,0,0,0,서울,중랑구,차대차,기타,기타,운전자법규위반,안전운전 의무 불이행,교차로,교차로내,승용차,승용차,승용차,승용차,962912,1952584,127.08005175,37.57275074
2017,5,50,야간,금,1,2,1,0,0,서울,중랑구,차량단독,전도,전도,운전자법규위반,안전운전 의무 불이행,단일로,기타단일로,원동기장치자전거,원동기장치자전거,없음,없음,965014,1957735,127.10356037,37.61839149
2017,9,20,주간,화,1,1,0,0,0,서울,중랑구,차대사람,횡단중,횡단중,운전자법규위반,안전운전 의무 불이행,단일로,기타단일로,화물차,화물차,보행자,보행자,965204,1955758,127.10580735,37.60057944
2017,11,35,주간,목,1,1,0,0,0,서울,중랑구,차대사람,차도통행중,차도통행중,운전자법규위반,안전운전 의무 불이행,단일로,기타단일로,승용차,승용차,보행자,보행자,963644,1956073,127.08811937,37.60335827
2017,12,35,야간,수,1,1,0,0,0,서울,중랑구,차대사람,횡단중,횡단중,운전자법규위반,안전운전 의무 불이행,단일로,기타단일로,승용차,승용차,보행자,보행자,963109,1954784,127.08212343,37.59171885
2017,1,5,주간,금,1,1,0,0,0,세종,세종,차대사람,횡단중,횡단중,운전자법규위반,중앙선 침범,기타,기타,승합차,승합차,보행자,보행자,984158,1840361,127.32296503,36.56088249
2017,1,27,주간,화,1,2,0,1,0,세종,세종,차대차,기타,기타,운전자법규위반,안전운전 의무 불이행,단일로,지하차도(도로)내,승용차,승용차,승용차,승용차,976827,1834194,127.24122674,36.50513691
2017,2,40,야간,일,1,1,0,0,0,세종,세종,차대사람,길가장자리구역통행중,길가장자리구역통행중,운전자법규위반,안전운전 의무 불이행,단일로,고가도로위,승용차,승용차,보행자,보행자,982033,1844204,127.29912847,36.59548957
2017,2,20,주간,수,1,1,0,0,0,세종,세종,차량단독,기타,기타,운전자법규위반,안전운전 의무 불이행,단일로,기타단일로,화물차,화물차,없음,없음,990940,1836958,127.398794,36.53029253
2017,3,0,주간,월,1,3,0,2,0,세종,세종,차대차,측면충돌,측면충돌,정비불량,정비불량 제차의 운전금지위반,단일로,교량위,화물차,화물차,승용차,승용차,978821,1830020,127.26360794,36.46755397
2017,5,5,주간,토,1,1,0,0,0,세종,세종,차대차,측면충돌,측면충돌,운전자법규위반,안전운전 의무 불이행,교차로,교차로내,화물차,화물차,자전거,자전거,982544,1845065,127.30482188,36.60326096
2017,6,28,주간,수,1,3,2,0,0,세종,세종,차대차,추돌,추돌,운전자법규위반,안전운전 의무 불이행,단일로,기타단일로,화물차,화물차,화물차,화물차,980823,1826787,127.28603344,36.43845
2017,7,15,야간,수,1,2,0,1,0,세종,세종,차대차,정면충돌,정면충돌,운전자법규위반,중앙선 침범,단일로,기타단일로,승용차,승용차,승합차,승합차,986302,1829143,127.34712324,36.45978381
2017,8,40,야간,월,1,2,0,1,0,세종,세종,차대차,추돌,추돌,운전자법규위반,안전운전 의무 불이행,단일로,기타단일로,화물차,화물차,화물차,화물차,978966,1827169,127.26530382,36.44185488
2017,8,40,야간,일,1,2,0,0,1,세종,세종,차대사람,차도통행중,차도통행중,운전자법규위반,안전운전 의무 불이행,단일로,기타단일로,승용차,승용차,보행자,보행자,973317,1832883,127.20207624,36.4932267
2017,8,20,야간,화,1,1,0,0,0,세종,세종,차대차,추돌,추돌,운전자법규위반,안전운전 의무 불이행,단일로,기타단일로,승용차,승용차,자전거,자전거,981474,1835831,127.29308024,36.51999592
2017,9,0,주간,일,1,1,0,0,0,세종,세종,차대사람,기타,기타,운전자법규위반,안전운전 의무 불이행,단일로,기타단일로,화물차,화물차,보행자,보행자,989651,1836901,127.38439583,36.52976558
2017,10,20,야간,일,1,1,0,0,0,세종,세종,차대차,측면충돌,측면충돌,운전자법규위반,안전운전 의무 불이행,단일로,기타단일로,승용차,승용차,승용차,승용차,975922,1833569,127.23114017,36.49948013
2017,10,30,야간,금,1,1,0,0,0,세종,세종,차량단독,도로이탈,도로이탈 기타,운전자법규위반,안전운전 의무 불이행,교차로,교차로부근,승용차,승용차,없음,없음,981103,1841535,127.28879667,36.57141055
2017,11,40,주간,목,1,1,0,0,0,세종,세종,차량단독,전도,전도,운전자법규위반,안전운전 의무 불이행,단일로,기타단일로,이륜차,이륜차,없음,없음,981133,1847851,127.28897695,36.62834974
2017,11,15,야간,금,1,1,0,0,0,세종,세종,차대차,추돌,추돌,운전자법규위반,안전운전 의무 불이행,단일로,기타단일로,화물차,화물차,승용차,승용차,974718,1838487,127.21753509,36.54378508
2017,12,0,야간,토,1,1,0,0,0,세종,세종,차대사람,기타,기타,운전자법규위반,안전운전 의무 불이행,단일로,기타단일로,승용차,승용차,보행자,보행자,980192,1838734,127.27868692,36.54614098
2017,12,45,주간,월,1,1,0,0,0,세종,세종,차대차,측면충돌,측면충돌,운전자법규위반,안전운전 의무 불이행,교차로,교차로내,화물차,화물차,자전거,자전거,986931,1838791,127.35397994,36.5467708
2017,1,15,주간,일,1,1,0,0,0,울산,남구,차대사람,횡단중,횡단중,운전자법규위반,과속,교차로,교차로횡단보도내,화물차,화물차,보행자,보행자,1159345,1728581,129.25776,35.54040833
2017,2,0,주간,화,1,3,1,0,1,울산,남구,차대차,추돌,추돌,운전자법규위반,신호위반,교차로,교차로내,승용차,승용차,승용차,승용차,1166980,1726126,129.34143917,35.5170271
2017,4,28,주간,토,1,1,0,0,0,울산,남구,차대차,측면충돌,측면충돌,운전자법규위반,중앙선 침범,단일로,기타단일로,화물차,화물차,승용차,승용차,1168487,1726004,129.35802511,35.51567284
2017,4,45,주간,일,1,27,8,17,1,울산,남구,차대차,측면충돌,측면충돌,운전자법규위반,안전운전 의무 불이행,단일로,기타단일로,승합차,승합차,승용차,승용차,1160678,1729618,129.272664,35.54953889
2017,4,43,야간,토,1,1,0,0,0,울산,남구,차대사람,횡단중,횡단중,운전자법규위반,안전운전 의무 불이행,단일로,기타단일로,승용차,승용차,보행자,보행자,1165844,1727145,129.32912561,35.52640095
2017,5,1,야간,일,1,1,0,0,0,울산,남구,차대사람,횡단중,횡단중,운전자법규위반,안전운전 의무 불이행,단일로,기타단일로,승용차,승용차,보행자,보행자,1163964,1728288,129.30863125,35.53701445
2017,5,20,야간,화,1,1,0,0,0,울산,남구,차대사람,횡단중,횡단중,운전자법규위반,과속,교차로,교차로부근,승용차,승용차,보행자,보행자,1165144,1729674,129.32192415,35.54930928
2017,5,52,야간,수,1,4,1,2,0,울산,남구,차대차,정면충돌,정면충돌,운전자법규위반,중앙선 침범,단일로,기타단일로,화물차,화물차,화물차,화물차,1164035,1725347,129.30881907,35.51049796
2017,7,30,야간,월,1,1,0,0,0,울산,남구,차대차,측면충돌,측면충돌,운전자법규위반,안전거리 미확보,교차로,교차로부근,승용차,승용차,승용차,승용차,1168840,1723408,129.36137599,35.49221789
2017,9,10,주간,토,1,1,0,0,0,울산,남구,차대차,기타,기타,운전자법규위반,중앙선 침범,단일로,지하차도(도로)내,특수차,특수차,승용차,승용차,1168100,1729103,129.35440208,35.54366642
2017,10,41,야간,금,1,2,1,0,0,울산,남구,차대차,기타,기타,운전자법규위반,안전운전 의무 불이행,단일로,교량위,승용차,승용차,이륜차,이륜차,1160698,1730144,129.27298895,35.55427611
2017,10,46,야간,금,1,1,0,0,0,울산,남구,차대차,측면충돌,측면충돌,운전자법규위반,신호위반,교차로,교차로내,이륜차,이륜차,승용차,승용차,1160210,1729904,129.26755962,35.5521922
2017,12,35,야간,토,1,1,0,0,0,울산,남구,차대사람,횡단중,횡단중,운전자법규위반,안전운전 의무 불이행,교차로,교차로부근,승용차,승용차,보행자,보행자,1164187,1728868,129.31120754,35.54220457
2017,12,0,주간,금,1,1,0,0,0,울산,남구,차량단독,전도전복,전도전복,운전자법규위반,안전운전 의무 불이행,교차로,교차로부근,승용차,승용차,없음,없음,1163995,1724527,129.30821246,35.50311459
2017,12,35,야간,토,1,1,0,0,0,울산,남구,차대사람,기타,기타,운전자법규위반,안전운전 의무 불이행,교차로,교차로부근,화물차,화물차,보행자,보행자,1166367,1729131,129.33529898,35.54421118
2017,12,15,야간,토,1,1,0,0,0,울산,남구,차대사람,기타,기타,운전자법규위반,안전운전 의무 불이행,단일로,기타단일로,승용차,승용차,보행자,보행자,1165350,1728756,129.32400837,35.54100187
2017,1,5,야간,수,1,1,0,0,0,울산,동구,차량단독,전도전복,전도전복,운전자법규위반,안전운전 의무 불이행,단일로,기타단일로,원동기장치자전거,원동기장치자전거,없음,없음,1173237,1722746,129.40968575,35.48549476
2017,1,15,주간,월,1,1,0,0,0,울산,동구,차대차,정면충돌,정면충돌,운전자법규위반,중앙선 침범,단일로,기타단일로,이륜차,이륜차,승용차,승용차,1175066,1725478,129.43042677,35.50979366
2017,8,53,야간,월,1,1,0,0,0,울산,동구,차량단독,전도,전도,운전자법규위반,안전운전 의무 불이행,단일로,기타단일로,이륜차,이륜차,없음,없음,1174326,1725636,129.42230496,35.51134777
2017,9,40,야간,금,1,1,0,0,0,울산,동구,차대차,기타,기타,운전자법규위반,안전운전 의무 불이행,단일로,기타단일로,승용차,승용차,승용차,승용차,1173338,1723491,129.41095757,35.49219084
2017,9,10,야간,일,1,1,0,0,0,울산,동구,차량단독,기타,기타,운전자법규위반,안전운전 의무 불이행,단일로,기타단일로,이륜차,이륜차,없음,없음,1173550,1728093,129.41427811,35.53362534
2017,9,0,주간,월,1,1,0,0,0,울산,동구,차대차,측면충돌,측면충돌,운전자법규위반,안전운전 의무 불이행,단일로,기타단일로,화물차,화물차,화물차,화물차,1175246,1722404,129.43174709,35.48206035
2017,9,10,야간,목,1,1,0,0,0,울산,동구,차대사람,횡단중,횡단중,운전자법규위반,보행자 보호의무 위반,교차로,교차로내,승합차,승합차,보행자,보행자,1174012,1723175,129.41831663,35.48922527
2017,11,40,야간,화,1,1,0,0,0,울산,동구,차대차,기타,기타,운전자법규위반,안전운전 의무 불이행,교차로,교차로내,화물차,화물차,이륜차,이륜차,1174820,1724860,129.42758239,35.50426788
2017,12,40,야간,토,1,1,0,0,0,울산,동구,차량단독,기타,기타,운전자법규위반,안전운전 의무 불이행,교차로,교차로부근,이륜차,이륜차,없음,없음,1172468,1725093,129.40171138,35.5067791
2017,1,45,주간,월,1,4,0,3,0,울산,북구,차대차,추돌,추돌,운전자법규위반,안전운전 의무 불이행,단일로,기타단일로,화물차,화물차,승용차,승용차,1170806,1729389,129.38429943,35.5457811
2017,2,13,야간,토,1,2,1,0,0,울산,북구,차대차,측면충돌,측면충돌,운전자법규위반,앞지르기 금지위반,교차로,교차로내,화물차,화물차,승용차,승용차,1173485,1734165,129.4148631,35.58835489
2017,2,10,야간,일,1,1,0,0,0,울산,북구,차대사람,횡단중,횡단중,운전자법규위반,안전운전 의무 불이행,교차로,교차로부근,승용차,승용차,보행자,보행자,1166499,1742229,129.33945478,35.66222672
2017,6,0,주간,금,1,3,1,0,1,울산,북구,차대차,측면충돌,측면충돌,운전자법규위반,안전운전 의무 불이행,단일로,기타단일로,승용차,승용차,건설기계,건설기계,1166347,1742939,129.33792297,35.66865073
2017,11,50,주간,토,1,2,0,1,0,울산,북구,차대차,측면충돌,측면충돌,운전자법규위반,신호위반,교차로,교차로내,이륜차,이륜차,승용차,승용차,1168630,1732114,129.36087331,35.57071103
2017,1,30,야간,월,1,2,0,1,0,울산,울주군,차대사람,차도통행중,차도통행중,운전자법규위반,과속,단일로,기타단일로,승용차,승용차,보행자,보행자,1162551,1720013,129.29139469,35.46267061
2017,1,8,주간,화,1,5,2,1,1,울산,울주군,차대차,측면충돌,측면충돌,운전자법규위반,신호위반,교차로,교차로내,승용차,승용차,승용차,승용차,1166427,1719352,129.33395562,35.4560722
2017,2,37,야간,목,1,3,0,1,1,울산,울주군,차대차,정면충돌,정면충돌,운전자법규위반,중앙선 침범,단일로,고가도로위,승용차,승용차,승용차,승용차,1158507,1727492,129.24830672,35.53072816
2017,2,40,야간,금,1,1,0,0,0,울산,울주군,차대사람,횡단중,횡단중,운전자법규위반,안전운전 의무 불이행,단일로,기타단일로,화물차,화물차,보행자,보행자,1152485,1719364,129.18038458,35.45841649
2017,2,40,야간,금,1,2,0,1,0,울산,울주군,차대차,추돌,추돌,운전자법규위반,안전운전 의무 불이행,단일로,기타단일로,승용차,승용차,화물차,화물차,1159079,1724869,129.25409862,35.50699696
2017,2,6,야간,화,1,1,0,0,0,울산,울주군,차대사람,횡단중,횡단중,운전자법규위반,안전운전 의무 불이행,단일로,기타단일로,승용차,승용차,보행자,보행자,1160404,1734141,129.27053928,35.59034581
2017,3,33,주간,토,1,1,0,0,0,울산,울주군,차대차,측면충돌,측면충돌,운전자법규위반,안전거리 미확보,단일로,기타단일로,화물차,화물차,이륜차,이륜차,1160560,1714240,129.26832389,35.41096517
2017,3,50,야간,화,1,1,0,0,0,울산,울주군,차대사람,기타,기타,운전자법규위반,안전운전 의무 불이행,단일로,기타단일로,승용차,승용차,보행자,보행자,1164149,1722114,129.30942194,35.4813427
2017,4,20,주간,수,1,2,1,0,0,울산,울주군,차대차,기타,기타,운전자법규위반,안전운전 의무 불이행,단일로,기타단일로,승용차,승용차,화물차,화물차,1151094,1741338,129.16916355,35.65667573
2017,4,40,주간,수,1,1,0,0,0,울산,울주군,차대사람,횡단중,횡단중,운전자법규위반,보행자 보호의무 위반,교차로,교차로횡단보도내,화물차,화물차,보행자,보행자,1147241,1730865,129.12470418,35.56286609
2017,4,4,주간,목,1,1,0,0,0,울산,울주군,차량단독,전도,전도,운전자법규위반,안전운전 의무 불이행,교차로,교차로부근,이륜차,이륜차,없음,없음,1164492,1715939,129.3119527,35.42563538
2017,6,35,야간,토,1,1,0,0,0,울산,울주군,차대사람,횡단중,횡단중,운전자법규위반,안전운전 의무 불이행,교차로,교차로부근,화물차,화물차,보행자,보행자,1164095,1716888,129.30777269,35.43425358
2017,6,28,야간,토,1,1,0,0,0,울산,울주군,차량단독,전도,전도,운전자법규위반,안전운전 의무 불이행,단일로,기타단일로,승용차,승용차,없음,없음,1163704,1713780,129.30284276,35.40630764
2017,6,28,야간,월,1,1,0,0,0,울산,울주군,차대사람,기타,기타,운전자법규위반,안전운전 의무 불이행,단일로,기타단일로,승용차,승용차,보행자,보행자,1163976,1723019,129.30769849,35.48952733
2017,7,38,야간,수,1,1,0,0,0,울산,울주군,차대사람,횡단중,횡단중,운전자법규위반,신호위반,교차로,교차로부근,승용차,승용차,보행자,보행자,1158629,1727753,129.24970289,35.5330609
2017,7,20,야간,일,1,1,0,0,0,울산,울주군,차대사람,횡단중,횡단중,운전자법규위반,안전운전 의무 불이행,단일로,기타단일로,승용차,승용차,보행자,보행자,1153969,1717730,129.19642269,35.44346083
2017,9,30,주간,화,1,1,0,0,0,울산,울주군,차대차,정면충돌,정면충돌,운전자법규위반,중앙선 침범,단일로,기타단일로,화물차,화물차,이륜차,이륜차,1156003,1737739,129.22267611,35.62347636
2017,9,25,주간,월,1,1,0,0,0,울산,울주군,차대차,추돌,추돌,운전자법규위반,안전운전 의무 불이행,교차로,교차로부근,화물차,화물차,화물차,화물차,1148082,1734344,129.13461782,35.59409657
2017,9,40,야간,월,1,1,0,0,0,울산,울주군,차대차,정면충돌,정면충돌,운전자법규위반,신호위반,교차로,교차로내,승용차,승용차,이륜차,이륜차,1166828,1721044,129.33871955,35.47125346
2017,9,50,야간,화,1,1,0,0,0,울산,울주군,차대사람,횡단중,횡단중,운전자법규위반,안전운전 의무 불이행,교차로,교차로부근,승용차,승용차,보행자,보행자,1147842,1732408,129.13161541,35.5766835
2017,10,10,야간,토,1,1,0,0,0,울산,울주군,차대사람,차도통행중,차도통행중,운전자법규위반,안전운전 의무 불이행,단일로,기타단일로,승용차,승용차,보행자,보행자,1163462,1714860,129.30039537,35.41608074
2017,11,16,야간,화,1,1,0,0,0,울산,울주군,차대사람,차도통행중,차도통행중,운전자법규위반,안전운전 의무 불이행,단일로,기타단일로,승용차,승용차,보행자,보행자,1159547,1716354,129.25758583,35.43018053
2017,12,55,야간,월,1,1,0,0,0,울산,울주군,차대사람,차도통행중,차도통행중,운전자법규위반,안전운전 의무 불이행,단일로,기타단일로,승용차,승용차,보행자,보행자,1149175,1736363,129.14705151,35.6121292
2017,12,50,주간,화,1,1,0,0,0,울산,울주군,차대사람,횡단중,횡단중,운전자법규위반,안전운전 의무 불이행,단일로,기타단일로,건설기계,건설기계,보행자,보행자,1161772,1738104,129.28642675,35.62583818
2017,12,0,야간,화,1,1,0,0,0,울산,울주군,차대사람,차도통행중,차도통행중,운전자법규위반,안전운전 의무 불이행,단일로,기타단일로,승용차,승용차,보행자,보행자,1143530,1730086,129.08363183,35.55638966
2017,12,14,주간,토,1,1,0,0,0,울산,울주군,차대차,정면충돌,정면충돌,운전자법규위반,신호위반,교차로,교차로내,이륜차,이륜차,화물차,화물차,1166540,1717795,129.33488162,35.44202139
2017,3,15,야간,수,1,1,0,0,0,울산,중구,차대사람,기타,기타,운전자법규위반,안전운전 의무 불이행,단일로,기타단일로,승용차,승용차,보행자,보행자,1164330,1730696,129.3131553,35.55865497
2017,5,55,야간,목,1,1,0,0,0,울산,중구,차대사람,횡단중,횡단중,운전자법규위반,안전운전 의무 불이행,단일로,기타단일로,화물차,화물차,보행자,보행자,1166177,1729947,129.33337138,35.55159685
2017,5,20,야간,수,1,1,0,0,0,울산,중구,차대사람,기타,기타,운전자법규위반,안전운전 의무 불이행,단일로,기타단일로,승합차,승합차,보행자,보행자,1163162,1729949,129.30012318,35.55211599
2017,7,10,주간,월,1,1,0,0,0,울산,중구,차대사람,횡단중,횡단중,운전자법규위반,보행자 보호의무 위반,교차로,교차로횡단보도내,화물차,화물차,보행자,보행자,1165000,1730305,129.3204648,35.55501988
2017,7,45,야간,월,1,1,0,0,0,울산,중구,차대사람,기타,기타,운전자법규위반,안전운전 의무 불이행,단일로,기타단일로,승용차,승용차,보행자,보행자,1166754,1730972,129.33994543,35.56073715
2017,8,35,야간,월,1,1,0,0,0,울산,중구,차대사람,횡단중,횡단중,운전자법규위반,안전운전 의무 불이행,단일로,기타단일로,승용차,승용차,보행자,보행자,1163559,1730200,129.30455194,35.55431257
2017,11,10,야간,화,1,1,0,0,0,울산,중구,차대차,추돌,추돌,운전자법규위반,기타(운전자법규위반),단일로,기타단일로,승용차,승용차,이륜차,이륜차,1165754,1730852,129.32889201,35.55982357
2017,12,17,야간,금,1,1,0,0,0,울산,중구,차대사람,횡단중,횡단중,운전자법규위반,보행자 보호의무 위반,단일로,기타단일로,화물차,화물차,보행자,보행자,1163349,1729938,129.30218317,35.55198604
2017,2,30,주간,금,1,1,0,0,0,인천,강화군,차대사람,횡단중,횡단중,운전자법규위반,안전운전 의무 불이행,단일로,기타단일로,화물차,화물차,보행자,보행자,907345,1968147,126.44883798,37.70821914
2017,3,14,야간,토,1,1,0,0,0,인천,강화군,차대사람,횡단중,횡단중,운전자법규위반,보행자 보호의무 위반,단일로,기타단일로,승용차,승용차,보행자,보행자,910974,1972332,126.48949027,37.74629384
2017,3,20,주간,토,1,1,0,0,0,인천,강화군,차량단독,전도,전도,운전자법규위반,안전운전 의무 불이행,단일로,기타단일로,승용차,승용차,없음,없음,911731,1961046,126.4994494,37.6446579
2017,4,0,주간,일,1,3,0,2,0,인천,강화군,차대차,측면충돌,측면충돌,운전자법규위반,안전운전 의무 불이행,교차로,교차로내,승용차,승용차,농기계,농기계,905206,1961457,126.42544509,37.64771135
2017,5,35,주간,월,1,6,4,1,0,인천,강화군,차대사람,보도통행중,보도통행중,운전자법규위반,기타(운전자법규위반),교차로,교차로내,화물차,화물차,보행자,보행자,911228,1971916,126.49242377,37.74256957
2017,6,48,야간,목,1,1,0,0,0,인천,강화군,차량단독,도로이탈,도로이탈 기타,운전자법규위반,안전운전 의무 불이행,단일로,기타단일로,이륜차,이륜차,없음,없음,903731,1956274,126.4094104,37.60084952
2017,9,40,주간,수,1,1,0,0,0,인천,강화군,차대차,측면충돌,측면충돌,운전자법규위반,중앙선 침범,단일로,기타단일로,자전거,자전거,화물차,화물차,892625,1976340,126.28066252,37.7804414
2017,9,21,주간,금,1,1,0,0,0,인천,강화군,차대차,추돌,추돌,운전자법규위반,교차로 통행방법 위반,교차로,교차로내,자전거,자전거,화물차,화물차,910841,1972210,126.48799581,37.74518144
2017,10,10,주간,금,1,1,0,0,0,인천,강화군,차대사람,횡단중,횡단중,운전자법규위반,안전운전 의무 불이행,단일로,기타단일로,건설기계,건설기계,보행자,보행자,901242,1967440,126.37970772,37.70121037
2017,10,0,야간,토,1,1,0,0,0,인천,강화군,차대차,추돌,추돌,운전자법규위반,안전운전 의무 불이행,단일로,기타단일로,승용차,승용차,자전거,자전거,902192,1970890,126.39001867,37.73240242
2017,11,55,주간,수,1,1,0,0,0,인천,강화군,차대사람,횡단중,횡단중,운전자법규위반,안전운전 의무 불이행,단일로,기타단일로,승용차,승용차,보행자,보행자,906887,1967785,126.44368913,37.70491043
2017,1,35,야간,월,1,1,0,0,0,인천,계양구,차대사람,횡단중,횡단중,운전자법규위반,안전운전 의무 불이행,교차로,교차로내,승용차,승용차,보행자,보행자,931559,1949625,126.72515928,37.54341356
2017,3,40,야간,목,1,2,0,0,1,인천,계양구,차대차,추돌,추돌,운전자법규위반,안전운전 의무 불이행,단일로,기타단일로,화물차,화물차,화물차,화물차,934100,1952836,126.75372409,37.57254132