year,month,minute,day_night,day,death,casualties,중상자수,경상자수,부상신고자수,state,state2,사고유형_대분류,사고유형_중분류,사고유형,법규위반_대분류,법규위반,도로형태_대분류,도로형태,당사자종별_1당_대분류,당사자종별_1당,당사자종별_2당_대분류,당사자종별_2당,발생위치X_UTMK,발생위치Y_UTMK,경도,위도
2017,10,12,야간,금,1,1,0,0,0,전남,보성군,차대사람,횡단중,횡단중,운전자법규위반,안전운전 의무 불이행,단일로,기타단일로,화물차,화물차,보행자,보행자,984337,1649255,127.32916067,34.83769247
2017,10,30,주간,화,1,1,0,0,0,전남,보성군,차대차,측면충돌,측면충돌,운전자법규위반,직진 및 우회전차의 통행방해,교차로,교차로내,이륜차,이륜차,승용차,승용차,974653,1642378,127.22298422,34.77559687
2017,11,46,주간,목,1,1,0,0,0,전남,보성군,차대사람,기타,기타,운전자법규위반,안전운전 의무 불이행,단일로,기타단일로,승합차,승합차,보행자,보행자,971700,1657423,127.19020352,34.91118809
2017,12,16,주간,화,1,1,0,0,0,전남,보성군,차대차,측면충돌,측면충돌,운전자법규위반,안전운전 의무 불이행,교차로,교차로내,화물차,화물차,이륜차,이륜차,962096,1641405,127.08560287,34.76638294
2017,12,20,주간,화,1,1,0,0,0,전남,보성군,차대차,후진중충돌,후진중충돌,운전자법규위반,기타(운전자법규위반),단일로,기타단일로,화물차,화물차,이륜차,이륜차,981723,1649542,127.30007923,34.84024253
2017,12,55,주간,일,1,1,0,0,0,전남,보성군,차대사람,횡단중,횡단중,운전자법규위반,보행자 보호의무 위반,교차로,교차로부근,승합차,승합차,보행자,보행자,962146,1631356,127.08674097,34.67584206
2017,1,38,야간,월,1,1,0,0,0,전남,순천시,차대차,측면충돌,측면충돌,운전자법규위반,신호위반,교차로,교차로내,원동기장치자전거,원동기장치자전거,화물차,화물차,998903,1664061,127.48798247,34.9714407
2017,1,40,주간,일,1,1,0,0,0,전남,순천시,차대차,정면충돌,정면충돌,운전자법규위반,중앙선 침범,단일로,기타단일로,이륜차,이륜차,승용차,승용차,996976,1659282,127.46688971,34.92834207
2017,1,18,야간,월,1,1,0,0,0,전남,순천시,차량단독,전도전복,전도전복,운전자법규위반,안전운전 의무 불이행,단일로,기타단일로,승용차,승용차,없음,없음,1004824,1656158,127.55280074,34.90016423
2017,2,40,주간,수,1,2,0,1,0,전남,순천시,차대차,추돌,추돌,운전자법규위반,안전운전 의무 불이행,교차로,교차로내,화물차,화물차,화물차,화물차,998221,1667604,127.48050366,35.00338859
2017,2,48,야간,목,1,1,0,0,0,전남,순천시,차대사람,횡단중,횡단중,운전자법규위반,안전운전 의무 불이행,교차로,교차로부근,승용차,승용차,보행자,보행자,998509,1663748,127.4836668,34.96861772
2017,3,45,야간,수,1,1,0,0,0,전남,순천시,차대사람,횡단중,횡단중,운전자법규위반,보행자 보호의무 위반,교차로,교차로횡단보도내,승용차,승용차,보행자,보행자,999922,1661233,127.49914578,34.94593979
2017,3,20,야간,목,1,1,0,0,0,전남,순천시,차대사람,횡단중,횡단중,운전자법규위반,안전운전 의무 불이행,교차로,교차로내,승용차,승용차,보행자,보행자,975981,1676439,127.23651757,35.08277245
2017,4,45,주간,월,1,1,0,0,0,전남,순천시,차대사람,횡단중,횡단중,운전자법규위반,안전운전 의무 불이행,교차로,교차로부근,승용차,승용차,보행자,보행자,998915,1661048,127.48811785,34.94427097
2017,5,25,주간,토,1,2,0,1,0,전남,순천시,차대차,측면충돌,측면충돌,운전자법규위반,안전운전 의무 불이행,교차로,교차로내,승용차,승용차,승용차,승용차,1000644,1661583,127.50705304,34.94909572
2017,5,15,주간,토,1,1,0,0,0,전남,순천시,차대차,추돌,추돌,운전자법규위반,안전운전 의무 불이행,단일로,기타단일로,화물차,화물차,자전거,자전거,994520,1679601,127.43848049,35.11049984
2017,6,53,야간,월,1,1,0,0,0,전남,순천시,차량단독,전도,전도,운전자법규위반,안전운전 의무 불이행,교차로,교차로부근,승합차,승합차,없음,없음,994855,1661032,127.44365575,34.94411421
2017,7,55,야간,금,1,1,0,0,0,전남,순천시,차대사람,횡단중,횡단중,운전자법규위반,안전운전 의무 불이행,교차로,교차로내,화물차,화물차,보행자,보행자,998919,1658205,127.48816534,34.9186341
2017,8,45,야간,목,1,1,0,0,0,전남,순천시,차량단독,도로이탈,도로이탈 추락,운전자법규위반,안전운전 의무 불이행,기타,기타,농기계,농기계,없음,없음,977681,1658634,127.2556438,34.92225752
2017,8,55,주간,토,1,1,0,0,0,전남,순천시,차량단독,기타,기타,운전자법규위반,안전운전 의무 불이행,단일로,기타단일로,승용차,승용차,없음,없음,998695,1664279,127.48570351,34.97340626
2017,8,47,야간,토,1,1,0,0,0,전남,순천시,차대사람,횡단중,횡단중,운전자법규위반,안전운전 의무 불이행,단일로,기타단일로,승용차,승용차,보행자,보행자,997482,1668284,127.47240278,35.00951887
2017,8,16,야간,토,1,1,0,0,0,전남,순천시,차대사람,기타,기타,운전자법규위반,안전운전 의무 불이행,단일로,기타단일로,승용차,승용차,보행자,보행자,999380,1661222,127.49322102,34.94589091
2017,8,40,야간,월,1,1,0,0,0,전남,순천시,차대사람,횡단중,횡단중,운전자법규위반,안전운전 의무 불이행,단일로,기타단일로,승용차,승용차,보행자,보행자,999618,1661265,127.49581651,34.94622828
2017,10,10,야간,화,1,2,1,0,0,전남,순천시,차대차,정면충돌,정면충돌,운전자법규위반,중앙선 침범,단일로,기타단일로,승용차,승용차,화물차,화물차,992061,1651357,127.41314983,34.85685108
2017,10,24,야간,수,1,1,0,0,0,전남,순천시,차대사람,횡단중,횡단중,운전자법규위반,보행자 보호의무 위반,단일로,기타단일로,승용차,승용차,보행자,보행자,1000292,1656378,127.50970316,34.89114689
2017,10,40,주간,토,1,3,2,0,0,전남,순천시,차량단독,공작물충돌,공작물충돌,운전자법규위반,안전운전 의무 불이행,교차로,교차로부근,화물차,화물차,없음,없음,993327,1677809,127.42726701,35.0977991
2017,10,54,주간,월,1,1,0,0,0,전남,순천시,차량단독,전복,전복,운전자법규위반,안전운전 의무 불이행,단일로,기타단일로,농기계,농기계,없음,없음,984968,1673128,127.33516228,35.05309028
2017,10,0,주간,화,1,1,0,0,0,전남,순천시,차대사람,횡단중,횡단중,운전자법규위반,안전운전 의무 불이행,단일로,기타단일로,화물차,화물차,보행자,보행자,979075,1674667,127.27050246,35.06686286
2017,11,55,야간,수,1,1,0,0,0,전남,순천시,차대사람,기타,기타,운전자법규위반,안전운전 의무 불이행,단일로,기타단일로,승용차,승용차,보행자,보행자,999461,1666279,127.49409387,34.9914419
2017,11,35,야간,금,1,2,1,0,0,전남,순천시,차대차,측면충돌,측면충돌,운전자법규위반,안전운전 의무 불이행,단일로,기타단일로,승용차,승용차,승용차,승용차,989068,1668728,127.38017983,35.0134666
2017,11,15,야간,화,1,1,0,0,0,전남,순천시,차대차,추돌,추돌,운전자법규위반,과속,단일로,기타단일로,승용차,승용차,이륜차,이륜차,1002844,1657987,127.53113502,34.91666486
2017,12,49,주간,금,1,1,0,0,0,전남,순천시,차량단독,전도전복,전도전복,운전자법규위반,안전운전 의무 불이행,단일로,기타단일로,기타,기타,없음,없음,992274,1649919,127.41549324,34.84388534
2017,12,40,야간,화,1,1,0,0,0,전남,순천시,차대차,측면충돌,측면충돌,운전자법규위반,안전운전 의무 불이행,교차로,교차로내,승용차,승용차,이륜차,이륜차,1001280,1659699,127.51401558,34.93210609
2017,3,40,야간,화,1,1,0,0,0,전남,신안군,차대차,기타,기타,운전자법규위반,안전운전 의무 불이행,단일로,기타단일로,화물차,화물차,화물차,화물차,877679,1668725,126.15946294,35.00609559
2017,4,50,주간,금,1,1,0,0,0,전남,신안군,차량단독,기타,기타,운전자법규위반,안전운전 의무 불이행,단일로,기타단일로,농기계,농기계,없음,없음,876058,1636883,126.14641459,34.71883887
2017,7,0,주간,수,1,1,0,0,0,전남,신안군,차대차,정면충돌,정면충돌,운전자법규위반,중앙선 침범,단일로,기타단일로,화물차,화물차,이륜차,이륜차,881915,1674543,126.2050481,35.05904912
2017,8,55,주간,목,1,15,2,12,0,전남,신안군,차대차,정면충돌,정면충돌,운전자법규위반,중앙선 침범,단일로,기타단일로,승용차,승용차,승합차,승합차,879470,1677147,126.17786325,35.08223483
2017,8,0,주간,화,1,1,0,0,0,전남,신안군,차량단독,전도전복,전도전복,운전자법규위반,안전운전 의무 불이행,단일로,기타단일로,자전거,자전거,없음,없음,869308,1651677,126.07041713,34.85136481
2017,8,20,주간,화,1,4,0,3,0,전남,신안군,차대차,측면충돌,측면충돌,운전자법규위반,안전운전 의무 불이행,단일로,기타단일로,승용차,승용차,승합차,승합차,862593,1641761,125.99860875,34.76109037
2017,8,3,야간,월,1,2,0,1,0,전남,신안군,차량단독,전도전복,전도전복,운전자법규위반,안전운전 의무 불이행,단일로,기타단일로,승합차,승합차,없음,없음,871091,1622944,126.09430719,34.59256092
2017,9,45,야간,월,1,1,0,0,0,전남,신안군,차대사람,횡단중,횡단중,운전자법규위반,안전운전 의무 불이행,단일로,기타단일로,화물차,화물차,보행자,보행자,886458,1674188,126.25490579,35.05637029
2017,1,20,주간,토,1,1,0,0,0,전남,여수시,차대사람,횡단중,횡단중,운전자법규위반,안전운전 의무 불이행,단일로,기타단일로,승용차,승용차,보행자,보행자,1013344,1637507,127.64552835,34.73175237
2017,1,20,야간,목,1,1,0,0,0,전남,여수시,차대사람,횡단중,횡단중,운전자법규위반,과속,단일로,기타단일로,승용차,승용차,보행자,보행자,1016034,1641146,127.67521165,34.76467606
2017,1,50,주간,일,1,1,0,0,0,전남,여수시,차대사람,횡단중,횡단중,운전자법규위반,안전운전 의무 불이행,단일로,기타단일로,승용차,승용차,보행자,보행자,1021100,1638456,127.73050264,34.74032611
2017,1,12,주간,월,1,3,1,1,0,전남,여수시,차대사람,기타,기타,운전자법규위반,안전운전 의무 불이행,단일로,교량위,화물차,화물차,보행자,보행자,1018700,1655538,127.70466508,34.89441249
2017,1,55,야간,금,1,1,0,0,0,전남,여수시,차대사람,기타,기타,운전자법규위반,안전운전 의무 불이행,단일로,기타단일로,승용차,승용차,보행자,보행자,1020616,1638285,127.72512835,34.73888339
2017,1,23,야간,화,1,1,0,0,0,전남,여수시,차대차,추돌,추돌,운전자법규위반,안전운전 의무 불이행,단일로,기타단일로,승용차,승용차,화물차,화물차,1008617,1654909,127.59395244,34.88879345
2017,2,35,주간,수,1,1,0,0,0,전남,여수시,차량단독,전도전복,전도전복,운전자법규위반,안전운전 의무 불이행,단일로,기타단일로,이륜차,이륜차,없음,없음,1021390,1638436,127.73367016,34.74013972
2017,2,0,야간,토,1,1,0,0,0,전남,여수시,차량단독,기타,기타,운전자법규위반,앞지르기 방법위반,단일로,기타단일로,승용차,승용차,없음,없음,1024939,1630160,127.77219551,34.66542801
2017,2,0,주간,금,1,1,0,0,0,전남,여수시,차대사람,횡단중,횡단중,운전자법규위반,안전운전 의무 불이행,교차로,교차로내,화물차,화물차,보행자,보행자,1015829,1640775,127.67308376,34.76138581
2017,2,24,야간,화,1,1,0,0,0,전남,여수시,차대차,기타,기타,운전자법규위반,안전운전 의무 불이행,단일로,기타단일로,승합차,승합차,화물차,화물차,1020894,1638956,127.72826465,34.74483922
2017,2,30,주간,수,1,2,1,0,0,전남,여수시,차대차,정면충돌,정면충돌,운전자법규위반,중앙선 침범,단일로,기타단일로,화물차,화물차,특수차,특수차,1017485,1648946,127.69122974,34.83499019
2017,2,20,야간,수,1,3,1,1,0,전남,여수시,차대차,정면충돌,정면충돌,운전자법규위반,중앙선 침범,단일로,기타단일로,승용차,승용차,승용차,승용차,1013779,1644938,127.65063235,34.79890428
2017,3,25,야간,토,1,1,0,0,0,전남,여수시,차대사람,횡단중,횡단중,운전자법규위반,과속,교차로,교차로횡단보도내,승용차,승용차,보행자,보행자,1014905,1641307,127.66287739,34.76614505
2017,3,50,주간,일,1,1,0,0,0,전남,여수시,차대차,측면충돌,측면충돌,운전자법규위반,안전거리 미확보,단일로,기타단일로,원동기장치자전거,원동기장치자전거,승용차,승용차,1020907,1638533,127.72795766,34.74125793
2017,3,10,야간,일,1,1,0,0,0,전남,여수시,차대사람,횡단중,횡단중,운전자법규위반,안전운전 의무 불이행,단일로,기타단일로,승용차,승용차,보행자,보행자,1018562,1639716,127.7028533,34.75194784
2017,4,30,주간,토,2,3,1,0,0,전남,여수시,차대차,측면충돌,측면충돌,운전자법규위반,직진 및 우회전차의 통행방해,교차로,교차로내,승용차,승용차,승합차,승합차,1011679,1646019,127.62806225,34.80748073
2017,4,45,야간,일,1,1,0,0,0,전남,여수시,차대사람,횡단중,횡단중,운전자법규위반,과속,단일로,기타단일로,승용차,승용차,보행자,보행자,1020784,1639538,127.72679838,34.74997849
2017,4,10,주간,수,1,1,0,0,0,전남,여수시,차대사람,길가장자리구역통행중,길가장자리구역통행중,운전자법규위반,안전운전 의무 불이행,단일로,기타단일로,승용차,승용차,보행자,보행자,1014257,1640674,127.65583268,34.76052988
2017,4,0,야간,일,3,4,1,0,0,전남,여수시,차대차,측면충돌,측면충돌,운전자법규위반,안전운전 의무 불이행,단일로,기타단일로,승용차,승용차,화물차,화물차,1013558,1638000,127.6481004,34.73645207
2017,5,15,주간,금,1,1,0,0,0,전남,여수시,차량단독,공작물충돌,공작물충돌,운전자법규위반,안전운전 의무 불이행,단일로,기타단일로,화물차,화물차,없음,없음,1017672,1641952,127.69312775,34.77191728
2017,5,25,야간,금,1,1,0,0,0,전남,여수시,차대사람,횡단중,횡단중,운전자법규위반,안전운전 의무 불이행,단일로,기타단일로,화물차,화물차,보행자,보행자,1017820,1639340,127.69468985,34.74836035
2017,5,30,야간,화,1,1,0,0,0,전남,여수시,차대사람,기타,기타,운전자법규위반,안전운전 의무 불이행,단일로,기타단일로,승용차,승용차,보행자,보행자,1015367,1641270,127.6679253,34.76580453
2017,6,45,야간,금,1,1,0,0,0,전남,여수시,차량단독,전도전복,전도전복,운전자법규위반,안전운전 의무 불이행,단일로,기타단일로,원동기장치자전거,원동기장치자전거,없음,없음,1024134,1636777,127.76359859,34.72511808
2017,6,51,주간,일,1,1,0,0,0,전남,여수시,차대차,추돌,추돌,운전자법규위반,안전운전 의무 불이행,단일로,기타단일로,이륜차,이륜차,승용차,승용차,1010706,1647988,127.61707721,34.82644521
2017,6,50,주간,수,1,3,1,1,0,전남,여수시,차대차,측면충돌,측면충돌,운전자법규위반,안전운전 의무 불이행,교차로,교차로내,승용차,승용차,승용차,승용차,1006358,1644061,127.56921289,34.79110803
2017,7,21,야간,토,1,1,0,0,0,전남,여수시,차량단독,도로이탈,도로이탈 추락,운전자법규위반,안전운전 의무 불이행,교차로,교차로내,화물차,화물차,없음,없음,1014122,1644011,127.65436644,34.79054016
2017,7,10,주간,월,1,1,0,0,0,전남,여수시,차량단독,기타,기타,운전자법규위반,기타(운전자법규위반),단일로,기타단일로,화물차,화물차,없음,없음,1027097,1623177,127.79552521,34.6024014
2017,7,38,주간,월,1,1,0,0,0,전남,여수시,차대사람,횡단중,횡단중,운전자법규위반,안전운전 의무 불이행,교차로,교차로내,승용차,승용차,보행자,보행자,1015839,1640790,127.67308063,34.76145796
2017,8,40,야간,금,1,1,0,0,0,전남,여수시,차대차,추돌,추돌,운전자법규위반,안전운전 의무 불이행,단일로,기타단일로,승용차,승용차,농기계,농기계,1006594,1635883,127.57201491,34.71732002
2017,8,0,주간,수,2,12,0,10,0,전남,여수시,차대차,정면충돌,정면충돌,운전자법규위반,중앙선 침범,단일로,기타단일로,승용차,승용차,승합차,승합차,1023588,1630484,127.75760933,34.66820295
2017,8,15,야간,토,1,1,0,0,0,전남,여수시,차대사람,횡단중,횡단중,운전자법규위반,안전운전 의무 불이행,교차로,교차로부근,화물차,화물차,보행자,보행자,1022069,1638824,127.74109784,34.74362414
2017,8,30,주간,수,1,1,0,0,0,전남,여수시,차대차,측면충돌,측면충돌,운전자법규위반,신호위반,교차로,교차로횡단보도내,화물차,화물차,자전거,자전거,1019923,1637421,127.71762036,34.73101637
2017,8,15,야간,목,1,1,0,0,0,전남,여수시,차량단독,전도전복,전도전복,운전자법규위반,안전운전 의무 불이행,단일로,기타단일로,화물차,화물차,없음,없음,1025711,1627566,127.77288174,34.63870006
2017,9,0,주간,토,1,1,0,0,0,전남,여수시,차대사람,횡단중,횡단중,운전자법규위반,안전운전 의무 불이행,단일로,기타단일로,승용차,승용차,보행자,보행자,1014987,1643710,127.6641172,34.78908276
2017,9,31,주간,월,1,1,0,0,0,전남,여수시,차대차,측면충돌,측면충돌,운전자법규위반,중앙선 침범,단일로,기타단일로,이륜차,이륜차,승용차,승용차,1010790,1631581,127.61778555,34.67848943
2017,10,10,주간,수,1,1,0,0,0,전남,여수시,차대차,추돌,추돌,운전자법규위반,안전운전 의무 불이행,단일로,기타단일로,승용차,승용차,농기계,농기계,1020891,1646691,127.72848261,34.81480929
2017,10,15,주간,목,1,1,0,0,0,전남,여수시,차대사람,기타,기타,운전자법규위반,안전운전 의무 불이행,교차로,교차로횡단보도내,승용차,승용차,보행자,보행자,1022299,1639166,127.74361957,34.74670321
2017,11,20,주간,화,1,1,0,0,0,전남,여수시,차량단독,전도,전도,운전자법규위반,안전운전 의무 불이행,교차로,교차로부근,농기계,농기계,없음,없음,1011927,1643162,127.63024852,34.7829186
2017,11,40,주간,금,1,1,0,0,0,전남,여수시,차대사람,차도통행중,차도통행중,운전자법규위반,안전운전 의무 불이행,교차로,교차로내,승용차,승용차,보행자,보행자,1017596,1639905,127.69225439,34.75345928
2017,11,50,주간,금,1,2,0,1,0,전남,여수시,차량단독,전도,전도,운전자법규위반,안전운전 의무 불이행,단일로,기타단일로,농기계,농기계,없음,없음,1007511,1634674,127.57958352,34.70722702
2017,12,17,주간,금,1,1,0,0,0,전남,여수시,차대사람,횡단중,횡단중,운전자법규위반,안전운전 의무 불이행,교차로,교차로부근,승용차,승용차,보행자,보행자,1021177,1638453,127.73134373,34.74029746
2017,12,28,야간,월,1,1,0,0,0,전남,여수시,차대사람,차도통행중,차도통행중,운전자법규위반,안전운전 의무 불이행,단일로,기타단일로,승용차,승용차,보행자,보행자,1023653,1636146,127.75832731,34.71943913
2017,12,50,주간,금,1,1,0,0,0,전남,여수시,차량단독,공작물충돌,공작물충돌,운전자법규위반,안전운전 의무 불이행,단일로,기타단일로,화물차,화물차,없음,없음,1014622,1619675,127.65941075,34.57107396
2017,12,42,야간,토,1,1,0,0,0,전남,여수시,차대사람,기타,기타,운전자법규위반,안전운전 의무 불이행,주차장,주차장,승용차,승용차,보행자,보행자,1013311,1642329,127.64547486,34.77538325
2017,1,0,주간,수,1,1,0,0,0,전남,영광군,차대사람,횡단중,횡단중,운전자법규위반,안전운전 의무 불이행,단일로,기타단일로,승용차,승용차,보행자,보행자,904378,1707313,126.44753645,35.35687018
2017,4,15,주간,수,1,1,0,0,0,전남,영광군,차대차,측면충돌,측면충돌,운전자법규위반,교차로 통행방법 위반,교차로,교차로내,승용차,승용차,자전거,자전거,912783,1693847,126.54146664,35.23623449
2017,5,30,주간,월,1,1,0,0,0,전남,영광군,차량단독,전도,전도,운전자법규위반,안전운전 의무 불이행,단일로,기타단일로,농기계,농기계,없음,없음,907600,1692124,126.48470566,35.220236
2017,5,50,야간,금,1,1,0,0,0,전남,영광군,차대사람,길가장자리구역통행중,길가장자리구역통행중,운전자법규위반,안전운전 의무 불이행,단일로,기타단일로,화물차,화물차,보행자,보행자,913079,1696785,126.54440854,35.26274867
2017,6,8,야간,목,1,2,1,0,0,전남,영광군,차량단독,공작물충돌,공작물충돌,운전자법규위반,과속,단일로,기타단일로,승용차,승용차,없음,없음,915822,1700216,126.57420896,35.29391643
2017,6,25,야간,일,1,3,2,0,0,전남,영광군,차량단독,공작물충돌,공작물충돌,운전자법규위반,안전운전 의무 불이행,단일로,기타단일로,승용차,승용차,없음,없음,903889,1710389,126.44179314,35.38455441
2017,7,30,주간,월,1,1,0,0,0,전남,영광군,차대사람,기타,기타,운전자법규위반,안전운전 의무 불이행,교차로,교차로내,승용차,승용차,보행자,보행자,903426,1694524,126.43856664,35.24148001
2017,8,28,주간,목,1,1,0,0,0,전남,영광군,차대사람,차도통행중,차도통행중,운전자법규위반,안전운전 의무 불이행,단일로,기타단일로,화물차,화물차,보행자,보행자,909031,1697848,126.49979378,35.2719727
2017,9,25,주간,화,1,5,4,0,0,전남,영광군,차대차,측면충돌,측면충돌,운전자법규위반,신호위반,교차로,교차로내,승용차,승용차,승용차,승용차,913837,1701706,126.55222388,35.30718084
2017,9,10,주간,수,1,1,0,0,0,전남,영광군,차량단독,도로이탈,도로이탈 추락,운전자법규위반,안전운전 의무 불이행,교차로,교차로부근,화물차,화물차,없음,없음,898898,1692458,126.38906206,35.22240755
2017,10,50,야간,토,1,6,3,2,0,전남,영광군,차대차,측면충돌,측면충돌,운전자법규위반,안전운전 의무 불이행,단일로,기타단일로,화물차,화물차,승합차,승합차,908055,1689720,126.48997299,35.19860402
2017,11,10,야간,토,1,1,0,0,0,전남,영광군,차대사람,횡단중,횡단중,운전자법규위반,안전운전 의무 불이행,교차로,교차로내,승용차,승용차,보행자,보행자,905659,1699242,126.46248836,35.28400665
2017,2,25,야간,수,1,3,2,0,0,전남,영암군,차대차,추돌,추돌,운전자법규위반,과속,단일로,기타단일로,승용차,승용차,이륜차,이륜차,926252,1655392,126.69554585,34.90101952
2017,5,20,야간,금,1,1,0,0,0,전남,영암군,차량단독,전도전복,전도전복,운전자법규위반,안전운전 의무 불이행,주차장,주차장,원동기장치자전거,원동기장치자전거,없음,없음,927000,1646055,126.7018983,34.80645314
2017,6,18,야간,수,1,1,0,0,0,전남,영암군,차대사람,횡단중,횡단중,운전자법규위반,안전운전 의무 불이행,단일로,기타단일로,화물차,화물차,보행자,보행자,926941,1644841,126.70167792,34.79540624
2017,6,20,주간,금,1,3,2,0,0,전남,영암군,차대차,추돌,추돌,운전자법규위반,안전운전 의무 불이행,단일로,기타단일로,화물차,화물차,승합차,승합차,898309,1638614,126.38940764,34.73604706
2017,7,50,주간,토,1,1,0,0,0,전남,영암군,차량단독,전도전복,전도전복,운전자법규위반,안전운전 의무 불이행,단일로,기타단일로,원동기장치자전거,원동기장치자전거,없음,없음,918544,1651874,126.60889395,34.85827934
2017,7,35,주간,토,1,1,0,0,0,전남,영암군,차량단독,전도,전도,운전자법규위반,안전운전 의무 불이행,단일로,기타단일로,자전거,자전거,없음,없음,913497,1635706,126.55640821,34.71238066
2017,8,10,주간,화,1,1,0,0,0,전남,영암군,차량단독,공작물충돌,공작물충돌,운전자법규위반,안전운전 의무 불이행,단일로,기타단일로,이륜차,이륜차,없음,없음,922519,1647393,126.65265013,34.81830355
2017,8,36,야간,화,1,1,0,0,0,전남,영암군,차대차,추돌,추돌,운전자법규위반,안전운전 의무 불이행,교차로,교차로부근,승용차,승용차,농기계,농기계,924961,1644663,126.67973245,34.7937535
2017,9,10,주간,월,1,2,1,0,0,전남,영암군,차대사람,기타,기타,운전자법규위반,안전운전 의무 불이행,단일로,기타단일로,승용차,승용차,보행자,보행자,915862,1636991,126.58097721,34.72394488
2017,9,52,주간,화,1,1,0,0,0,전남,영암군,차량단독,기타,기타,운전자법규위반,기타(운전자법규위반),단일로,기타단일로,농기계,농기계,없음,없음,924153,1646494,126.67073551,34.8102034
2017,10,45,주간,토,1,1,0,0,0,전남,영암군,차대차,측면충돌,측면충돌,운전자법규위반,안전운전 의무 불이행,교차로,교차로내,이륜차,이륜차,화물차,화물차,921378,1644717,126.64048682,34.79399306
2017,10,40,야간,일,1,1,0,0,0,전남,영암군,차대사람,횡단중,횡단중,운전자법규위반,과속,교차로,교차로내,승용차,승용차,보행자,보행자,898362,1638148,126.38980185,34.73270706
2017,10,5,야간,토,1,2,0,1,0,전남,영암군,차대차,추돌,추돌,운전자법규위반,안전운전 의무 불이행,교차로,교차로부근,승용차,승용차,자전거,자전거,896858,1639983,126.37315172,34.74910073
2017,10,15,야간,일,1,1,0,0,0,전남,영암군,차대사람,횡단중,횡단중,운전자법규위반,안전운전 의무 불이행,단일로,기타단일로,승용차,승용차,보행자,보행자,924736,1644617,126.6772827,34.79332577
2017,11,0,주간,수,1,1,0,0,0,전남,영암군,차량단독,전도전복,전도전복,운전자법규위반,안전운전 의무 불이행,단일로,기타단일로,승용차,승용차,없음,없음,921159,1649155,126.63735157,34.83440291
2017,11,30,주간,목,1,1,0,0,0,전남,영암군,차량단독,전도전복,전도전복,운전자법규위반,안전운전 의무 불이행,단일로,기타단일로,농기계,농기계,없음,없음,931928,1653013,126.75520657,34.86953426
2017,11,50,주간,월,1,1,0,0,0,전남,영암군,차대사람,횡단중,횡단중,운전자법규위반,안전운전 의무 불이행,교차로,교차로내,승용차,승용차,보행자,보행자,926103,1649947,126.69174411,34.84148179
2017,12,43,야간,금,1,2,0,1,0,전남,영암군,차대사람,차도통행중,차도통행중,운전자법규위반,과속,단일로,기타단일로,승용차,승용차,보행자,보행자,896890,1639952,126.37350506,34.74882447
2017,12,20,야간,금,1,4,1,2,0,전남,영암군,차대사람,기타,기타,운전자법규위반,안전운전 의무 불이행,교차로,교차로내,승용차,승용차,보행자,보행자,930529,1647318,126.74037291,34.81808842
2017,1,11,주간,화,1,1,0,0,0,전남,완도군,차대사람,횡단중,횡단중,운전자법규위반,안전운전 의무 불이행,교차로,교차로내,화물차,화물차,보행자,보행자,936094,1600521,126.80474542,34.39646793
2017,2,13,주간,화,1,2,0,1,0,전남,완도군,차대차,추돌,추돌,운전자법규위반,앞지르기 금지위반,교차로,교차로내,화물차,화물차,화물차,화물차,935301,1599574,126.79619016,34.38787888
2017,7,49,주간,수,2,3,1,0,0,전남,완도군,차대차,정면충돌,정면충돌,운전자법규위반,중앙선 침범,단일로,기타단일로,화물차,화물차,화물차,화물차,937394,1601060,126.81884827,34.40140801
2017,7,14,주간,일,1,1,0,0,0,전남,완도군,차대사람,기타,기타,운전자법규위반,안전운전 의무 불이행,단일로,기타단일로,승합차,승합차,보행자,보행자,919314,1579129,126.62421168,34.20239378
2017,8,47,야간,금,1,1,0,0,0,전남,완도군,차량단독,기타,기타,운전자법규위반,안전운전 의무 불이행,교차로,교차로내,화물차,화물차,없음,없음,913456,1571902,126.56148869,34.13674894
2017,9,30,주간,일,1,2,1,0,0,전남,완도군,차대사람,기타,기타,운전자법규위반,안전운전 의무 불이행,교차로,교차로부근,승용차,승용차,보행자,보행자,914411,1576379,126.571271,34.17720433
2017,11,0,주간,수,1,1,0,0,0,전남,완도군,차량단독,도로이탈,도로이탈 추락,운전자법규위반,안전운전 의무 불이행,교차로,교차로내,이륜차,이륜차,없음,없음,935036,1594146,126.79371846,34.3389142
2017,12,25,주간,금,1,1,0,0,0,전남,완도군,차대차,측면충돌,측면충돌,운전자법규위반,중앙선 침범,단일로,기타단일로,화물차,화물차,이륜차,이륜차,937053,1600757,126.8151607,34.39865494
2017,1,15,야간,일,1,2,1,0,0,전남,장성군,차대차,기타,기타,운전자법규위반,안전운전 의무 불이행,단일로,기타단일로,승용차,승용차,승용차,승용차,933501,1700129,126.76863395,35.29446394
2017,1,23,주간,수,1,2,0,1,0,전남,장성군,차대차,측면충돌,측면충돌,운전자법규위반,안전운전 의무 불이행,교차로,교차로내,화물차,화물차,화물차,화물차,938376,1715376,126.8210965,35.43224725
2017,1,55,주간,목,1,1,0,0,0,전남,장성군,차대사람,횡단중,횡단중,운전자법규위반,안전운전 의무 불이행,교차로,교차로횡단보도내,승합차,승합차,보행자,보행자,923477,1696487,126.65884138,35.26144245