year,month,minute,day_night,day,death,casualties,중상자수,경상자수,부상신고자수,state,state2,사고유형_대분류,사고유형_중분류,사고유형,법규위반_대분류,법규위반,도로형태_대분류,도로형태,당사자종별_1당_대분류,당사자종별_1당,당사자종별_2당_대분류,당사자종별_2당,발생위치X_UTMK,발생위치Y_UTMK,경도,위도
2017,6,20,주간,월,1,1,0,0,0,전남,장성군,차량단독,공작물충돌,공작물충돌,운전자법규위반,안전운전 의무 불이행,단일로,기타단일로,승용차,승용차,없음,없음,930124,1695032,126.73200492,35.24826222
2017,8,15,야간,금,1,3,1,1,0,전남,장성군,차대차,측면충돌,측면충돌,운전자법규위반,안전거리 미확보,단일로,기타단일로,승합차,승합차,승합차,승합차,936623,1717842,126.80159316,35.45437085
2017,9,0,야간,화,2,3,0,1,0,전남,장성군,차량단독,전도,전도,운전자법규위반,과속,단일로,기타단일로,승용차,승용차,없음,없음,923473,1696960,126.65885891,35.26336313
2017,9,8,주간,목,1,1,0,0,0,전남,장성군,차대차,추돌,추돌,운전자법규위반,과속,단일로,기타단일로,승용차,승용차,이륜차,이륜차,936565,1703705,126.80291599,35.32738187
2017,10,0,주간,월,1,1,0,0,0,전남,장성군,차대사람,기타,기타,운전자법규위반,안전운전 의무 불이행,교차로,교차로내,화물차,화물차,보행자,보행자,934129,1705232,126.77512983,35.3405154
2017,10,47,야간,화,1,3,1,1,0,전남,장성군,차대차,기타,기타,운전자법규위반,중앙선 침범,단일로,기타단일로,화물차,화물차,농기계,농기계,941448,1694671,126.85618471,35.24566385
2017,10,28,주간,화,1,2,0,1,0,전남,장성군,차대차,기타,기타,운전자법규위반,안전운전 의무 불이행,단일로,기타단일로,이륜차,이륜차,건설기계,건설기계,939612,1697446,126.83620962,35.2702486
2017,11,5,주간,수,1,2,0,1,0,전남,장성군,차대차,후진중충돌,후진중충돌,운전자법규위반,기타(운전자법규위반),교차로,교차로부근,승용차,승용차,화물차,화물차,937137,1704452,126.80828876,35.33367665
2017,3,0,야간,목,1,1,0,0,0,전남,장흥군,차대차,측면충돌,측면충돌,운전자법규위반,안전운전 의무 불이행,교차로,교차로내,사륜오토바이(ATV),사륜오토바이(ATV),승용차,승용차,945190,1636853,126.90067454,34.72535202
2017,3,15,주간,금,1,1,0,0,0,전남,장흥군,차대사람,횡단중,횡단중,운전자법규위반,안전운전 의무 불이행,교차로,교차로내,화물차,화물차,보행자,보행자,951883,1621757,126.9753137,34.58882575
2017,3,20,야간,목,1,1,0,0,0,전남,장흥군,차대사람,길가장자리구역통행중,길가장자리구역통행중,운전자법규위반,안전운전 의무 불이행,단일로,기타단일로,승용차,승용차,보행자,보행자,940967,1649233,126.85436495,34.83601521
2017,5,20,야간,월,1,1,0,0,0,전남,장흥군,차량단독,전도전복,전도전복,운전자법규위반,안전운전 의무 불이행,단일로,기타단일로,승용차,승용차,없음,없음,951018,1609328,126.96659701,34.47670332
2017,5,0,야간,월,1,1,0,0,0,전남,장흥군,차대차,추돌,추돌,운전자법규위반,안전운전 의무 불이행,단일로,기타단일로,승합차,승합차,농기계,농기계,948397,1619293,126.93698603,34.5662274
2017,5,40,주간,목,1,2,1,0,0,전남,장흥군,차대사람,횡단중,횡단중,운전자법규위반,안전운전 의무 불이행,교차로,교차로내,승용차,승용차,보행자,보행자,945979,1631581,126.91031047,34.67712
2017,8,13,주간,화,1,1,0,0,0,전남,장흥군,차량단독,전도전복,전도전복,운전자법규위반,안전운전 의무 불이행,단일로,기타단일로,화물차,화물차,없음,없음,953439,1638705,126.99134715,34.74172752
2017,9,10,주간,토,1,1,0,0,0,전남,장흥군,차대사람,기타,기타,운전자법규위반,교차로 통행방법 위반,교차로,교차로내,화물차,화물차,보행자,보행자,948519,1625160,126.9384263,34.61934941
2017,10,50,주간,금,1,1,0,0,0,전남,장흥군,차대차,기타,기타,운전자법규위반,안전운전 의무 불이행,교차로,교차로내,자전거,자전거,승합차,승합차,945264,1611844,126.90399177,34.49930541
2017,11,59,야간,금,1,1,0,0,0,전남,장흥군,차대사람,기타,기타,운전자법규위반,안전운전 의무 불이행,단일로,기타단일로,승용차,승용차,보행자,보행자,951181,1618268,126.96785962,34.5573299
2017,11,0,주간,일,1,3,2,0,0,전남,장흥군,차량단독,공작물충돌,공작물충돌,운전자법규위반,안전운전 의무 불이행,단일로,기타단일로,승용차,승용차,없음,없음,936305,1645722,126.80364705,34.8040751
2017,1,30,주간,화,1,1,0,0,0,전남,진도군,차대사람,차도통행중,차도통행중,운전자법규위반,안전운전 의무 불이행,단일로,기타단일로,화물차,화물차,보행자,보행자,884179,1603828,126.23953435,34.42171273
2017,1,54,야간,일,1,1,0,0,0,전남,진도군,차대사람,횡단중,횡단중,운전자법규위반,안전운전 의무 불이행,교차로,교차로내,화물차,화물차,보행자,보행자,886798,1610332,126.26722782,34.48071788
2017,1,0,야간,토,1,2,1,0,0,전남,진도군,차량단독,공작물충돌,공작물충돌,운전자법규위반,안전운전 의무 불이행,단일로,기타단일로,화물차,화물차,없음,없음,888074,1604549,126.28187514,34.42870207
2017,2,40,주간,토,1,2,0,1,0,전남,진도군,차량단독,전도,전도,운전자법규위반,안전운전 의무 불이행,단일로,기타단일로,사륜오토바이(ATV),사륜오토바이(ATV),없음,없음,878094,1603426,126.17342525,34.41748406
2017,3,15,야간,목,1,1,0,0,0,전남,진도군,차량단독,전도,전도,운전자법규위반,안전운전 의무 불이행,단일로,기타단일로,화물차,화물차,없음,없음,894548,1605379,126.35221849,34.4368672
2017,3,40,야간,수,1,1,0,0,0,전남,진도군,차량단독,기타,기타,운전자법규위반,안전운전 의무 불이행,단일로,기타단일로,승용차,승용차,없음,없음,886660,1619666,126.26437275,34.5642884
2017,6,25,야간,화,1,1,0,0,0,전남,진도군,차량단독,공작물충돌,공작물충돌,운전자법규위반,안전운전 의무 불이행,단일로,기타단일로,화물차,화물차,없음,없음,876771,1604489,126.15889813,34.42687414
2017,6,57,주간,목,1,1,0,0,0,전남,진도군,차대차,측면충돌,측면충돌,운전자법규위반,안전운전 의무 불이행,단일로,기타단일로,사륜오토바이(ATV),사륜오토바이(ATV),승용차,승용차,882175,1606167,126.21750946,34.44267477
2017,7,45,주간,수,1,1,0,0,0,전남,진도군,차대사람,횡단중,횡단중,운전자법규위반,보행자 보호의무 위반,교차로,교차로횡단보도내,화물차,화물차,보행자,보행자,887940,1604199,126.2804629,34.42553186
2017,8,30,주간,화,1,1,0,0,0,전남,진도군,차량단독,전도,전도,운전자법규위반,안전운전 의무 불이행,단일로,기타단일로,이륜차,이륜차,없음,없음,880235,1599295,126.19783956,34.38087576
2017,10,0,주간,금,1,1,0,0,0,전남,진도군,차대차,기타,기타,운전자법규위반,직진 및 우회전차의 통행방해,교차로,교차로내,승합차,승합차,화물차,화물차,883287,1611321,126.23875985,34.48851418
2017,10,26,주간,금,1,3,2,0,0,전남,진도군,차량단독,공작물충돌,공작물충돌,운전자법규위반,안전운전 의무 불이행,단일로,기타단일로,화물차,화물차,없음,없음,895340,1609388,126.36063079,34.4729198
2017,10,40,야간,화,1,1,0,0,0,전남,진도군,차대사람,횡단중,횡단중,운전자법규위반,안전운전 의무 불이행,교차로,교차로내,승용차,승용차,보행자,보행자,886042,1610149,126.25902355,34.4789648
2017,11,30,야간,수,1,1,0,0,0,전남,진도군,차대사람,횡단중,횡단중,운전자법규위반,안전운전 의무 불이행,단일로,기타단일로,승용차,승용차,보행자,보행자,893352,1611997,126.33837665,34.4964147
2017,11,50,주간,목,1,1,0,0,0,전남,진도군,차대사람,길가장자리구역통행중,길가장자리구역통행중,운전자법규위반,안전운전 의무 불이행,단일로,기타단일로,승용차,승용차,보행자,보행자,887841,1604943,126.27928818,34.43222919
2017,12,52,주간,수,1,1,0,0,0,전남,진도군,차대사람,횡단중,횡단중,운전자법규위반,안전운전 의무 불이행,단일로,기타단일로,승용차,승용차,보행자,보행자,886506,1610592,126.26401094,34.48301549
2017,1,40,주간,수,1,1,0,0,0,전남,함평군,차대사람,기타,기타,운전자법규위반,기타(운전자법규위반),단일로,기타단일로,승합차,승합차,보행자,보행자,910326,1674753,126.51654082,35.06386838
2017,2,33,주간,금,1,1,0,0,0,전남,함평군,차대차,정면충돌,정면충돌,운전자법규위반,중앙선 침범,단일로,기타단일로,승용차,승용차,이륜차,이륜차,908281,1673112,126.49429768,35.04888928
2017,4,50,주간,목,1,1,0,0,0,전남,함평군,차대사람,횡단중,횡단중,운전자법규위반,안전운전 의무 불이행,교차로,교차로내,화물차,화물차,보행자,보행자,910572,1674477,126.51926813,35.0614018
2017,4,58,주간,일,1,4,3,0,0,전남,함평군,차량단독,전도전복,전도전복,운전자법규위반,안전운전 의무 불이행,단일로,기타단일로,승용차,승용차,없음,없음,920457,1686423,126.62651342,35.16993756
2017,5,0,주간,목,1,1,0,0,0,전남,함평군,차대차,기타,기타,운전자법규위반,안전운전 의무 불이행,단일로,기타단일로,화물차,화물차,이륜차,이륜차,906457,1679050,126.47363004,35.10225813
2017,5,50,야간,수,1,1,0,0,0,전남,함평군,차대사람,기타,기타,운전자법규위반,안전운전 의무 불이행,단일로,기타단일로,화물차,화물차,보행자,보행자,912518,1670559,126.54101961,35.02624734
2017,7,29,야간,토,1,4,0,3,0,전남,함평군,차대차,추돌,추돌,운전자법규위반,안전운전 의무 불이행,단일로,기타단일로,화물차,화물차,화물차,화물차,907172,1681931,126.48115071,35.12829893
2017,8,0,야간,금,2,7,5,0,0,전남,함평군,차대차,측면충돌,측면충돌,운전자법규위반,안전운전 의무 불이행,교차로,교차로내,승용차,승용차,승용차,승용차,911910,1672606,126.53413838,35.04465046
2017,10,30,야간,수,1,1,0,0,0,전남,함평군,차량단독,공작물충돌,공작물충돌,운전자법규위반,안전운전 의무 불이행,단일로,교량위,승용차,승용차,없음,없음,907225,1670906,126.48296672,35.02890354
2017,10,55,주간,화,1,6,2,3,0,전남,함평군,차대차,추돌,추돌,운전자법규위반,안전운전 의무 불이행,단일로,기타단일로,화물차,화물차,농기계,농기계,911844,1674105,126.53325556,35.0581598
2017,11,30,주간,화,1,1,0,0,0,전남,함평군,차대차,측면충돌,측면충돌,운전자법규위반,안전운전 의무 불이행,교차로,교차로내,이륜차,이륜차,화물차,화물차,910859,1674264,126.52243806,35.05950679
2017,12,5,주간,토,1,1,0,0,0,전남,함평군,차대차,측면충돌,측면충돌,운전자법규위반,안전운전 의무 불이행,단일로,기타단일로,승용차,승용차,승합차,승합차,907177,1678939,126.48154134,35.10132399
2017,2,43,주간,수,1,7,4,2,0,전남,해남군,차대차,정면충돌,정면충돌,운전자법규위반,중앙선 침범,단일로,기타단일로,승용차,승용차,승합차,승합차,916025,1619074,126.58595072,34.56299358
2017,4,5,주간,토,1,1,0,0,0,전남,해남군,차대차,측면충돌,측면충돌,운전자법규위반,중앙선 침범,교차로,교차로부근,이륜차,이륜차,화물차,화물차,919593,1601981,126.62510508,34.40848141
2017,5,34,야간,토,1,1,0,0,0,전남,해남군,차량단독,전도전복,전도전복,운전자법규위반,안전운전 의무 불이행,단일로,기타단일로,화물차,화물차,없음,없음,913022,1627214,126.55095374,34.63553547
2017,5,30,주간,월,1,1,0,0,0,전남,해남군,차대차,측면충돌,측면충돌,운전자법규위반,교차로 통행방법 위반,교차로,교차로내,화물차,화물차,이륜차,이륜차,923195,1619404,126.6623983,34.5662032
2017,5,30,주간,월,1,4,2,1,0,전남,해남군,차대차,추돌,추돌,운전자법규위반,과속,단일로,기타단일로,화물차,화물차,화물차,화물차,903761,1627759,126.44994993,34.63955901
2017,5,30,주간,일,1,1,0,0,0,전남,해남군,차대차,측면충돌,측면충돌,운전자법규위반,안전운전 의무 불이행,단일로,기타단일로,농기계,농기계,승용차,승용차,914102,1626721,126.56287025,34.63111884
2017,5,22,주간,화,1,2,1,0,0,전남,해남군,차대차,측면충돌,측면충돌,운전자법규위반,과속,교차로,교차로내,화물차,화물차,이륜차,이륜차,908976,1614972,126.508213,34.52473903
2017,7,20,야간,토,1,4,3,0,0,전남,해남군,차량단독,기타,기타,운전자법규위반,안전운전 의무 불이행,교차로,교차로부근,승용차,승용차,없음,없음,893811,1634162,126.34117703,34.69645309
2017,7,0,주간,목,1,1,0,0,0,전남,해남군,차량단독,전도전복,전도전복,운전자법규위반,안전운전 의무 불이행,단일로,기타단일로,농기계,농기계,없음,없음,911214,1591935,126.53518852,34.31714993
2017,7,44,야간,수,1,1,0,0,0,전남,해남군,차량단독,전도전복,전도전복,운전자법규위반,안전운전 의무 불이행,단일로,기타단일로,농기계,농기계,없음,없음,909270,1621024,126.51071678,34.5793412
2017,8,5,주간,화,1,1,0,0,0,전남,해남군,차량단독,전도전복,전도전복,운전자법규위반,안전운전 의무 불이행,단일로,기타단일로,승용차,승용차,없음,없음,912643,1607893,126.54888832,34.46122595
2017,9,38,야간,수,1,1,0,0,0,전남,해남군,차량단독,도로이탈,도로이탈 추락,운전자법규위반,안전운전 의무 불이행,교차로,교차로부근,화물차,화물차,없음,없음,918163,1615806,126.60842633,34.5330821
2017,9,40,주간,목,1,4,2,1,0,전남,해남군,차대차,측면충돌,측면충돌,운전자법규위반,안전거리 미확보,단일로,기타단일로,화물차,화물차,화물차,화물차,912711,1609379,126.54947669,34.47463095
2017,9,0,야간,금,2,2,0,0,0,전남,해남군,차대차,추돌,추돌,운전자법규위반,안전운전 의무 불이행,단일로,기타단일로,화물차,화물차,농기계,농기계,909253,1605380,126.51225078,34.43827373
2017,9,0,주간,토,1,1,0,0,0,전남,해남군,차량단독,공작물충돌,공작물충돌,운전자법규위반,안전운전 의무 불이행,단일로,기타단일로,승용차,승용차,없음,없음,923306,1607139,126.66503929,34.45527503
2017,10,0,주간,화,1,1,0,0,0,전남,해남군,차량단독,기타,기타,운전자법규위반,안전운전 의무 불이행,단일로,기타단일로,화물차,화물차,없음,없음,908941,1618621,126.50744118,34.55763811
2017,11,20,주간,일,1,1,0,0,0,전남,해남군,차대사람,기타,기타,운전자법규위반,안전운전 의무 불이행,교차로,교차로내,승합차,승합차,보행자,보행자,912638,1606168,126.54896428,34.44569248
2017,11,50,야간,월,1,1,0,0,0,전남,해남군,차량단독,기타,기타,운전자법규위반,안전운전 의무 불이행,단일로,기타단일로,화물차,화물차,없음,없음,918042,1600231,126.6083981,34.3925794
2017,11,0,주간,월,1,1,0,0,0,전남,해남군,차대사람,기타,기타,운전자법규위반,안전운전 의무 불이행,단일로,기타단일로,화물차,화물차,보행자,보행자,913934,1616505,126.56207323,34.53898866
2017,12,10,야간,목,2,2,0,0,0,전남,해남군,차대차,추돌,추돌,운전자법규위반,안전거리 미확보,단일로,기타단일로,승용차,승용차,농기계,농기계,894655,1635047,126.34970445,34.70437258
2017,1,50,주간,월,1,1,0,0,0,전남,화순군,차대차,측면충돌,측면충돌,운전자법규위반,안전운전 의무 불이행,교차로,교차로횡단보도내,자전거,자전거,화물차,화물차,954213,1674620,126.99783476,35.06561667
2017,1,40,주간,월,1,1,0,0,0,전남,화순군,차대사람,기타,기타,운전자법규위반,보행자 보호의무 위반,교차로,교차로횡단보도내,승용차,승용차,보행자,보행자,953778,1654583,126.98434189,35.06209203
2017,3,50,주간,화,1,2,1,0,0,전남,화순군,차대차,정면충돌,정면충돌,운전자법규위반,중앙선 침범,단일로,기타단일로,화물차,화물차,화물차,화물차,964158,1674339,127.10691529,35.06348536
2017,4,50,야간,수,1,1,0,0,0,전남,화순군,차대사람,차도통행중,차도통행중,운전자법규위반,안전운전 의무 불이행,단일로,기타단일로,승용차,승용차,보행자,보행자,950026,1670273,126.95217771,35.02622114
2017,4,25,주간,목,1,1,0,0,0,전남,화순군,차량단독,기타,기타,운전자법규위반,안전운전 의무 불이행,단일로,기타단일로,사륜오토바이(ATV),사륜오토바이(ATV),없음,없음,945247,1662717,126.90028923,34.95784122
2017,4,13,야간,토,1,1,0,0,0,전남,화순군,차대사람,차도통행중,차도통행중,운전자법규위반,안전운전 의무 불이행,단일로,기타단일로,승용차,승용차,보행자,보행자,967715,1665473,127.14626928,34.98365871
2017,5,36,야간,화,1,2,0,1,0,전남,화순군,차대차,정면충돌,정면충돌,운전자법규위반,안전운전 의무 불이행,단일로,기타단일로,화물차,화물차,이륜차,이륜차,962583,1666509,127.08790884,34.98843964
2017,5,40,야간,수,1,1,0,0,0,전남,화순군,차대사람,기타,기타,운전자법규위반,안전운전 의무 불이행,단일로,기타단일로,승용차,승용차,보행자,보행자,945012,1658612,126.89736572,34.93002715
2017,6,0,주간,수,1,4,2,1,0,전남,화순군,차대차,정면충돌,정면충돌,운전자법규위반,중앙선 침범,단일로,기타단일로,승용차,승용차,승합차,승합차,949345,1651704,126.94584041,34.85874862
2017,9,20,주간,일,1,4,2,1,0,전남,화순군,차대차,정면충돌,정면충돌,운전자법규위반,중앙선 침범,단일로,교량위,승용차,승용차,승용차,승용차,968311,1664670,127.15282981,34.97643666
2017,10,15,야간,수,1,1,0,0,0,전남,화순군,차량단독,공작물충돌,공작물충돌,운전자법규위반,안전운전 의무 불이행,교차로,교차로내,승용차,승용차,없음,없음,945992,1670378,126.90795161,35.02696024
2017,10,19,야간,토,1,1,0,0,0,전남,화순군,차량단독,전도전복,전도전복,운전자법규위반,안전운전 의무 불이행,교차로,교차로내,농기계,농기계,없음,없음,970337,1687872,127.17419468,35.18571459
2017,11,10,주간,화,1,1,0,0,0,전남,화순군,차대사람,기타,기타,운전자법규위반,안전운전 의무 불이행,단일로,기타단일로,화물차,화물차,보행자,보행자,952037,1661240,126.97474223,34.94486734
2017,2,57,주간,금,1,1,0,0,0,전북,고창군,차대차,측면충돌,측면충돌,운전자법규위반,직진 및 우회전차의 통행방해,교차로,교차로내,화물차,화물차,원동기장치자전거,원동기장치자전거,926804,1715824,126.69258258,35.43614306
2017,2,35,주간,화,1,1,0,0,0,전북,고창군,차대차,추돌,추돌,운전자법규위반,안전운전 의무 불이행,단일로,기타단일로,승용차,승용차,자전거,자전거,912927,1724591,126.53906357,35.51374029
2017,3,20,야간,토,1,1,0,0,0,전북,고창군,차대사람,기타,기타,운전자법규위반,안전운전 의무 불이행,단일로,기타단일로,화물차,화물차,보행자,보행자,922204,1712811,126.64319255,35.40798864
2017,6,0,주간,월,2,3,1,0,0,전북,고창군,차대차,정면충돌,정면충돌,운전자법규위반,중앙선 침범,단일로,기타단일로,승용차,승용차,화물차,화물차,915955,1727488,126.5728589,35.53980212
2017,7,40,야간,목,1,1,0,0,0,전북,고창군,차대사람,길가장자리구역통행중,길가장자리구역통행중,운전자법규위반,안전운전 의무 불이행,단일로,기타단일로,화물차,화물차,보행자,보행자,912062,1723711,126.53032841,35.50541329
2017,7,0,야간,일,1,1,0,0,0,전북,고창군,차대사람,기타,기타,운전자법규위반,부당한 회전,교차로,교차로내,화물차,화물차,보행자,보행자,918915,1718901,126.60636644,35.46263184
2017,9,23,야간,화,1,1,0,0,0,전북,고창군,차대차,추돌,추돌,운전자법규위반,안전운전 의무 불이행,단일로,기타단일로,화물차,화물차,농기계,농기계,908216,1714671,126.48894579,35.42356634
2017,9,35,야간,수,1,1,0,0,0,전북,고창군,차대차,추돌,추돌,운전자법규위반,안전운전 의무 불이행,단일로,기타단일로,승합차,승합차,자전거,자전거,914830,1713078,126.56196028,35.40979245
2017,9,0,야간,금,1,1,0,0,0,전북,고창군,차량단독,도로이탈,도로이탈 추락,운전자법규위반,안전운전 의무 불이행,단일로,기타단일로,농기계,농기계,없음,없음,924812,1722728,126.67099646,35.49759886
2017,9,50,주간,토,1,2,1,0,0,전북,고창군,차대차,측면충돌,측면충돌,운전자법규위반,직진 및 우회전차의 통행방해,교차로,교차로부근,화물차,화물차,이륜차,이륜차,923795,1710736,126.66090722,35.38940372
2017,10,58,주간,수,1,2,1,0,0,전북,고창군,차대차,추돌,추돌,운전자법규위반,안전운전 의무 불이행,단일로,기타단일로,화물차,화물차,농기계,농기계,908059,1716521,126.48700771,35.44023031
2017,11,20,야간,월,1,2,0,1,0,전북,고창군,차대차,추돌,추돌,운전자법규위반,안전운전 의무 불이행,단일로,기타단일로,화물차,화물차,농기계,농기계,930736,1727209,126.73592478,35.53843003
2017,11,4,주간,금,1,1,0,0,0,전북,고창군,차대사람,차도통행중,차도통행중,운전자법규위반,안전운전 의무 불이행,단일로,기타단일로,화물차,화물차,보행자,보행자,907865,1715776,126.48495486,35.43349591
2017,11,30,야간,일,1,4,2,1,0,전북,고창군,차대차,측면충돌,측면충돌,운전자법규위반,안전운전 의무 불이행,단일로,기타단일로,승용차,승용차,승용차,승용차,925945,1723996,126.68337177,35.50911604
2017,12,35,주간,금,1,2,1,0,0,전북,고창군,차대차,측면충돌,측면충돌,운전자법규위반,신호위반,교차로,교차로내,승용차,승용차,승용차,승용차,924902,1724213,126.67185125,35.51099405
2017,12,20,야간,화,1,1,0,0,0,전북,고창군,차대차,추돌,추돌,운전자법규위반,안전운전 의무 불이행,단일로,기타단일로,화물차,화물차,화물차,화물차,916233,1705850,126.57815227,35.34474593
2017,2,35,야간,금,1,1,0,0,0,전북,군산시,차대사람,횡단중,횡단중,운전자법규위반,안전운전 의무 불이행,단일로,기타단일로,승용차,승용차,보행자,보행자,928392,1775763,126.70573076,35.97599937
2017,2,5,주간,토,1,3,0,2,0,전북,군산시,차대차,추돌,추돌,운전자법규위반,안전운전 의무 불이행,단일로,기타단일로,이륜차,이륜차,승용차,승용차,911336,1767038,126.51754366,35.89594469
2017,2,0,야간,월,1,2,0,1,0,전북,군산시,차대사람,횡단중,횡단중,운전자법규위반,과속,교차로,교차로내,승용차,승용차,보행자,보행자,925982,1775707,126.67833076,35.97527301
2017,2,44,주간,수,1,1,0,0,0,전북,군산시,차대사람,횡단중,횡단중,운전자법규위반,안전운전 의무 불이행,교차로,교차로내,승용차,승용차,보행자,보행자,926948,1773763,126.68989968,35.9578621
2017,3,35,주간,일,1,2,0,1,0,전북,군산시,차량단독,전도,전도,운전자법규위반,안전운전 의무 불이행,단일로,기타단일로,승용차,승용차,없음,없음,941891,1776266,126.85541403,35.98143181
2017,4,38,야간,수,1,1,0,0,0,전북,군산시,차대사람,횡단중,횡단중,운전자법규위반,안전운전 의무 불이행,교차로,교차로부근,승용차,승용차,보행자,보행자,929301,1775923,126.71563961,35.97750346
2017,4,5,주간,일,1,1,0,0,0,전북,군산시,차대사람,횡단중,횡단중,운전자법규위반,보행자 보호의무 위반,교차로,교차로횡단보도내,승용차,승용차,보행자,보행자,929331,1776662,126.71606502,35.98417246
2017,5,45,주간,목,1,1,0,0,0,전북,군산시,차대차,측면충돌,측면충돌,운전자법규위반,신호위반,교차로,교차로내,자전거,자전거,승용차,승용차,929830,1775955,126.72166259,35.97783479
2017,6,51,야간,일,1,1,0,0,0,전북,군산시,차대사람,기타,기타,운전자법규위반,안전운전 의무 불이행,교차로,교차로내,승용차,승용차,보행자,보행자,927063,1774208,126.69106589,35.96192163
2017,6,5,주간,금,1,4,3,0,0,전북,군산시,차대차,정면충돌,정면충돌,운전자법규위반,중앙선 침범,단일로,기타단일로,승용차,승용차,화물차,화물차,918245,1773593,126.59341672,35.95563936
2017,6,30,주간,화,1,3,0,2,0,전북,군산시,차대차,측면충돌,측면충돌,운전자법규위반,신호위반,교차로,교차로내,승용차,승용차,승용차,승용차,914205,1773436,126.54863945,35.95387729
2017,7,30,주간,목,1,3,0,2,0,전북,군산시,차대차,정면충돌,정면충돌,운전자법규위반,중앙선 침범,단일로,기타단일로,승용차,승용차,원동기장치자전거,원동기장치자전거,939163,1781086,126.82478459,36.02471924
2017,7,0,야간,일,1,1,0,0,0,전북,군산시,차대사람,횡단중,횡단중,운전자법규위반,안전운전 의무 불이행,단일로,기타단일로,승용차,승용차,보행자,보행자,931272,1774764,126.73768997,35.96923571
2017,7,5,야간,월,1,1,0,0,0,전북,군산시,차대차,측면충돌,측면충돌,운전자법규위반,안전운전 의무 불이행,교차로,교차로내,승용차,승용차,이륜차,이륜차,930878,1775383,126.73320004,35.97283052
2017,8,55,야간,화,1,2,1,0,0,전북,군산시,차대차,기타,기타,운전자법규위반,신호위반,교차로,교차로내,원동기장치자전거,원동기장치자전거,원동기장치자전거,원동기장치자전거,930342,1772547,126.72764056,35.94714777
2017,8,0,야간,화,1,1,0,0,0,전북,군산시,차대사람,횡단중,횡단중,운전자법규위반,보행자 보호의무 위반,교차로,교차로횡단보도내,승용차,승용차,보행자,보행자,928038,1774693,126.70190167,35.96632714
2017,9,30,야간,월,2,5,1,2,0,전북,군산시,차대차,기타,기타,운전자법규위반,안전운전 의무 불이행,단일로,기타단일로,승용차,승용차,화물차,화물차,937085,1778972,126.80189097,36.00552893
2017,9,42,주간,목,1,1,0,0,0,전북,군산시,차대차,측면충돌,측면충돌,운전자법규위반,직진 및 우회전차의 통행방해,교차로,교차로내,승용차,승용차,화물차,화물차,924176,1767292,126.65978034,35.8993141
2017,9,36,주간,금,1,1,0,0,0,전북,군산시,차대사람,횡단중,횡단중,운전자법규위반,보행자 보호의무 위반,단일로,기타단일로,승용차,승용차,보행자,보행자,929963,1775805,126.72315098,35.97649208
2017,10,35,주간,일,1,1,0,0,0,전북,군산시,차량단독,공작물충돌,공작물충돌,운전자법규위반,안전운전 의무 불이행,교차로,교차로부근,화물차,화물차,없음,없음,931893,1777173,126.74443924,35.98896154
2017,10,30,야간,토,1,2,0,1,0,전북,군산시,차량단독,공작물충돌,공작물충돌,운전자법규위반,과속,단일로,기타단일로,승용차,승용차,없음,없음,926374,1775173,126.68340409,35.97053023
2017,10,53,야간,금,1,1,0,0,0,전북,군산시,차대차,추돌,추돌,운전자법규위반,안전운전 의무 불이행,교차로,교차로내,승용차,승용차,자전거,자전거,931823,1776441,126.74372572,35.98235753
2017,10,0,야간,월,1,1,0,0,0,전북,군산시,차대사람,횡단중,횡단중,운전자법규위반,안전운전 의무 불이행,단일로,기타단일로,승용차,승용차,보행자,보행자,927715,1777208,126.6980904,35.98897623
2017,10,20,주간,화,1,1,0,0,0,전북,군산시,차대사람,기타,기타,운전자법규위반,안전운전 의무 불이행,단일로,기타단일로,승합차,승합차,보행자,보행자,929422,1776193,126.71711617,35.97995095
2017,11,20,주간,수,1,1,0,0,0,전북,군산시,차대사람,횡단중,횡단중,운전자법규위반,보행자 보호의무 위반,교차로,교차로부근,승용차,승용차,보행자,보행자,925946,1776044,126.67857617,35.97834995
2017,11,30,야간,화,1,1,0,0,0,전북,군산시,차량단독,공작물충돌,공작물충돌,운전자법규위반,안전운전 의무 불이행,단일로,기타단일로,승용차,승용차,없음,없음,924960,1769431,126.6683182,35.91858707
2017,12,50,야간,금,1,1,0,0,0,전북,군산시,차대사람,기타,기타,운전자법규위반,안전운전 의무 불이행,단일로,기타단일로,승용차,승용차,보행자,보행자,928327,1777639,126.70484017,35.99290691
2017,12,0,주간,금,1,1,0,0,0,전북,군산시,차대사람,기타,기타,운전자법규위반,안전운전 의무 불이행,단일로,기타단일로,화물차,화물차,보행자,보행자,942695,1771460,126.86467919,35.93815115
2017,12,0,야간,금,1,2,0,1,0,전북,군산시,차대차,기타,기타,운전자법규위반,안전운전 의무 불이행,단일로,기타단일로,승용차,승용차,화물차,화물차,918221,1775671,126.59293638,35.97437023
2017,12,25,야간,화,1,1,0,0,0,전북,군산시,차량단독,공작물충돌,공작물충돌,운전자법규위반,안전운전 의무 불이행,단일로,기타단일로,승용차,승용차,없음,없음,941712,1776723,126.85339493,35.98554116
2017,1,30,주간,월,1,1,0,0,0,전북,김제시,차대사람,횡단중,횡단중,운전자법규위반,안전운전 의무 불이행,단일로,기타단일로,승용차,승용차,보행자,보행자,945623,1762231,126.89776982,35.85511359