year,month,minute,day_night,day,death,casualties,중상자수,경상자수,부상신고자수,state,state2,사고유형_대분류,사고유형_중분류,사고유형,법규위반_대분류,법규위반,도로형태_대분류,도로형태,당사자종별_1당_대분류,당사자종별_1당,당사자종별_2당_대분류,당사자종별_2당,발생위치X_UTMK,발생위치Y_UTMK,경도,위도
2017,1,25,주간,월,1,1,0,0,0,전북,김제시,차대차,측면충돌,측면충돌,운전자법규위반,직진 및 우회전차의 통행방해,교차로,교차로내,원동기장치자전거,원동기장치자전거,화물차,화물차,936815,1757836,126.80057436,35.81496188
2017,2,40,주간,목,1,1,0,0,0,전북,김제시,차대사람,횡단중,횡단중,운전자법규위반,보행자 보호의무 위반,교차로,교차로횡단보도내,승용차,승용차,보행자,보행자,945385,1756576,126.89552087,35.80411658
2017,3,30,주간,화,1,1,0,0,0,전북,김제시,차량단독,전도,전도,운전자법규위반,안전운전 의무 불이행,단일로,기타단일로,화물차,화물차,없음,없음,953971,1763131,126.99016914,35.86365562
2017,3,1,야간,금,1,1,0,0,0,전북,김제시,차량단독,공작물충돌,공작물충돌,운전자법규위반,안전운전 의무 불이행,단일로,기타단일로,원동기장치자전거,원동기장치자전거,없음,없음,944040,1767772,126.87984958,35.90497985
2017,4,17,야간,목,1,2,0,1,0,전북,김제시,차대사람,횡단중,횡단중,운전자법규위반,과속,교차로,교차로부근,승용차,승용차,보행자,보행자,953252,1757742,126.98252122,35.81503533
2017,5,20,주간,월,1,1,0,0,0,전북,김제시,차대차,측면충돌,측면충돌,운전자법규위반,안전운전 의무 불이행,교차로,교차로내,승용차,승용차,이륜차,이륜차,947029,1766279,126.91307154,35.89168602
2017,5,10,야간,토,1,1,0,0,0,전북,김제시,차대사람,기타,기타,운전자법규위반,과속,기타,기타,승용차,승용차,보행자,보행자,939823,1756669,126.83395718,35.80462977
2017,8,3,야간,화,1,3,0,2,0,전북,김제시,차대차,추돌,추돌,운전자법규위반,안전운전 의무 불이행,단일로,기타단일로,화물차,화물차,승용차,승용차,954251,1746790,126.99420481,35.71633981
2017,9,50,주간,화,1,1,0,0,0,전북,김제시,차량단독,기타,기타,운전자법규위반,안전운전 의무 불이행,기타,기타,농기계,농기계,없음,없음,950703,1763453,126.95395331,35.86639964
2017,9,40,주간,금,1,2,0,1,0,전북,김제시,차대차,측면충돌,측면충돌,운전자법규위반,앞지르기 금지위반,교차로,교차로내,화물차,화물차,원동기장치자전거,원동기장치자전거,949965,1754965,126.9463109,35.78983626
2017,9,17,주간,월,1,3,1,1,0,전북,김제시,차대차,추돌,추돌,운전자법규위반,안전운전 의무 불이행,단일로,기타단일로,승용차,승용차,화물차,화물차,958500,1754856,127.04076217,35.78925133
2017,9,10,주간,토,1,1,0,0,0,전북,김제시,차량단독,도로이탈,도로이탈 기타,운전자법규위반,안전운전 의무 불이행,단일로,기타단일로,화물차,화물차,없음,없음,938403,1760406,126.81795336,35.83823287
2017,10,55,야간,토,1,1,0,0,0,전북,김제시,차대차,추돌,추돌,운전자법규위반,안전운전 의무 불이행,단일로,기타단일로,승용차,승용차,이륜차,이륜차,950992,1767464,126.9569075,35.90257617
2017,10,44,주간,월,1,4,3,0,0,전북,김제시,차대차,추돌,추돌,운전자법규위반,안전거리 미확보,교차로,교차로부근,화물차,화물차,화물차,화물차,953515,1754587,126.98561581,35.78660273
2017,11,47,야간,수,1,3,0,2,0,전북,김제시,차대차,추돌,추돌,운전자법규위반,안전운전 의무 불이행,단일로,기타단일로,화물차,화물차,화물차,화물차,954625,1752287,126.99802855,35.76591799
2017,11,50,야간,일,1,1,0,0,0,전북,김제시,차대사람,횡단중,횡단중,운전자법규위반,안전운전 의무 불이행,교차로,교차로부근,화물차,화물차,보행자,보행자,950472,1767909,126.95111754,35.90656194
2017,11,35,주간,월,1,1,0,0,0,전북,김제시,차대사람,횡단중,횡단중,운전자법규위반,보행자 보호의무 위반,단일로,기타단일로,승용차,승용차,보행자,보행자,945953,1757053,126.90177494,35.80844853
2017,11,39,주간,금,1,1,0,0,0,전북,김제시,차대사람,차도통행중,차도통행중,운전자법규위반,안전운전 의무 불이행,단일로,기타단일로,화물차,화물차,보행자,보행자,944288,1756771,126.8833663,35.80581299
2017,12,20,야간,일,1,3,0,1,1,전북,김제시,차대차,기타,기타,운전자법규위반,안전운전 의무 불이행,단일로,기타단일로,승용차,승용차,승용차,승용차,921361,1792901,126.6260449,36.12995372
2017,12,50,주간,월,1,3,2,0,0,전북,김제시,차대차,측면충돌,측면충돌,운전자법규위반,교차로 통행방법 위반,교차로,교차로내,화물차,화물차,화물차,화물차,953913,1746439,126.9904882,35.71315942
2017,12,5,야간,수,1,1,0,0,0,전북,김제시,차대사람,횡단중,횡단중,운전자법규위반,기타(운전자법규위반),교차로,교차로내,승용차,승용차,보행자,보행자,953067,1757752,126.98047284,35.81511665
2017,12,29,야간,목,1,1,0,0,0,전북,김제시,차대차,정면충돌,정면충돌,운전자법규위반,중앙선 침범,단일로,기타단일로,승용차,승용차,승용차,승용차,947221,1762926,126.91542098,35.86146689
2017,12,50,주간,금,1,1,0,0,0,전북,김제시,차대차,정면충돌,정면충돌,운전자법규위반,중앙선 침범,단일로,기타단일로,승용차,승용차,원동기장치자전거,원동기장치자전거,945723,1757499,126.89919899,35.81245686
2017,2,37,주간,수,1,1,0,0,0,전북,남원시,차대차,추돌,추돌,운전자법규위반,안전운전 의무 불이행,단일로,기타단일로,승용차,승용차,자전거,자전거,985856,1710640,127.34422073,35.39141029
2017,3,25,야간,화,1,1,0,0,0,전북,남원시,차대차,측면충돌,측면충돌,운전자법규위반,과속,교차로,교차로내,승용차,승용차,자전거,자전거,989556,1712128,127.38497796,35.40481441
2017,4,20,주간,월,1,1,0,0,0,전북,남원시,차대사람,횡단중,횡단중,운전자법규위반,안전운전 의무 불이행,단일로,기타단일로,승용차,승용차,보행자,보행자,991947,1714166,127.41129039,35.42321288
2017,4,4,주간,월,1,1,0,0,0,전북,남원시,차대사람,횡단중,횡단중,운전자법규위반,안전운전 의무 불이행,단일로,기타단일로,화물차,화물차,보행자,보행자,990522,1713673,127.39559874,35.41875505
2017,5,7,야간,수,1,2,0,1,0,전북,남원시,차대차,추돌,추돌,운전자법규위반,안전운전 의무 불이행,단일로,기타단일로,화물차,화물차,화물차,화물차,991510,1715462,127.40646301,35.43489501
2017,5,25,주간,월,1,1,0,0,0,전북,남원시,차량단독,전도전복,전도전복,운전자법규위반,안전운전 의무 불이행,교차로,교차로부근,이륜차,이륜차,없음,없음,984296,1703237,127.32721953,35.32457649
2017,5,20,야간,금,1,5,2,2,0,전북,남원시,차대차,정면충돌,정면충돌,운전자법규위반,중앙선 침범,단일로,기타단일로,승용차,승용차,화물차,화물차,986696,1710499,127.35350681,35.39009192
2017,5,40,주간,토,1,1,0,0,0,전북,남원시,차대차,측면충돌,측면충돌,운전자법규위반,교차로 통행방법 위반,교차로,교차로내,화물차,화물차,이륜차,이륜차,989365,1713724,127.38285361,35.41920322
2017,6,35,야간,월,1,1,0,0,0,전북,남원시,차대사람,기타,기타,운전자법규위반,안전운전 의무 불이행,단일로,기타단일로,승용차,승용차,보행자,보행자,989580,1713035,127.38523068,35.41299292
2017,6,30,주간,화,1,1,0,0,0,전북,남원시,차량단독,전도전복,전도전복,운전자법규위반,안전운전 의무 불이행,단일로,기타단일로,개인형이동수단(PM),개인형이동수단(PM),없음,없음,984025,1714697,127.3240137,35.42790515
2017,6,30,야간,목,1,1,0,0,0,전북,남원시,차량단독,전도전복,전도전복,운전자법규위반,안전운전 의무 불이행,단일로,기타단일로,이륜차,이륜차,없음,없음,989227,1711915,127.38135743,35.40289033
2017,6,45,주간,목,1,1,0,0,0,전북,남원시,차대차,측면충돌,측면충돌,운전자법규위반,교차로 통행방법 위반,교차로,교차로부근,이륜차,이륜차,화물차,화물차,974940,1709537,127.22408954,35.38119148
2017,7,30,주간,토,1,4,1,2,0,전북,남원시,차대차,정면충돌,정면충돌,운전자법규위반,안전운전 의무 불이행,단일로,기타단일로,승용차,승용차,승용차,승용차,985994,1704284,127.34588349,35.33404246
2017,7,50,야간,월,1,1,0,0,0,전북,남원시,차량단독,도로이탈,도로이탈 추락,운전자법규위반,안전운전 의무 불이행,기타,기타,자전거,자전거,없음,없음,982757,1701201,127.3103299,35.30619266
2017,7,35,야간,토,1,1,0,0,0,전북,남원시,차량단독,전도전복,전도전복,운전자법규위반,안전운전 의무 불이행,교차로,교차로부근,화물차,화물차,없음,없음,1014079,1715102,127.65510636,35.43158558
2017,8,10,주간,수,1,1,0,0,0,전북,남원시,차대차,추돌,추돌,운전자법규위반,안전운전 의무 불이행,단일로,기타단일로,이륜차,이륜차,화물차,화물차,990193,1712682,127.39195253,35.40984052
2017,8,10,주간,수,1,1,0,0,0,전북,남원시,차대차,추돌,추돌,운전자법규위반,안전운전 의무 불이행,단일로,기타단일로,승용차,승용차,이륜차,이륜차,984741,1711659,127.33195826,35.4005234
2017,8,25,야간,금,1,1,0,0,0,전북,남원시,차대사람,횡단중,횡단중,운전자법규위반,안전운전 의무 불이행,교차로,교차로횡단보도내,승용차,승용차,보행자,보행자,989074,1711367,127.37967979,35.39794744
2017,8,50,주간,목,1,2,0,1,0,전북,남원시,차대차,측면충돌,측면충돌,운전자법규위반,신호위반,교차로,교차로내,승용차,승용차,이륜차,이륜차,1009457,1718827,127.60422983,35.46522767
2017,9,0,주간,일,1,1,0,0,0,전북,남원시,차량단독,전복,전복,운전자법규위반,안전운전 의무 불이행,단일로,기타단일로,자전거,자전거,없음,없음,990205,1723757,127.39198546,35.50967672
2017,9,10,주간,일,1,1,0,0,0,전북,남원시,차량단독,공작물충돌,공작물충돌,운전자법규위반,안전운전 의무 불이행,단일로,터널안,승용차,승용차,없음,없음,953936,1952044,126.97839369,37.56660917
2017,9,40,주간,일,1,1,0,0,0,전북,남원시,차량단독,공작물충돌,공작물충돌,운전자법규위반,안전운전 의무 불이행,단일로,기타단일로,승용차,승용차,없음,없음,989709,1712021,127.38666433,35.40385121
2017,10,0,야간,월,1,1,0,0,0,전북,남원시,차대차,추돌,추돌,운전자법규위반,안전운전 의무 불이행,단일로,기타단일로,화물차,화물차,자전거,자전거,988792,1712494,127.37655885,35.40810626
2017,11,45,주간,화,1,1,0,0,0,전북,남원시,차대사람,횡단중,횡단중,운전자법규위반,과속,교차로,교차로내,승용차,승용차,보행자,보행자,988165,1712360,127.36965524,35.40689076
2017,11,40,주간,수,1,1,0,0,0,전북,남원시,차대차,측면충돌,측면충돌,운전자법규위반,안전운전 의무 불이행,교차로,교차로내,이륜차,이륜차,화물차,화물차,981721,1702523,127.29890464,35.31809462
2017,1,57,야간,수,1,1,0,0,0,전북,무주군,차대사람,기타,기타,운전자법규위반,안전운전 의무 불이행,단일로,기타단일로,화물차,화물차,보행자,보행자,1016396,1762021,127.68158695,35.85459223
2017,2,5,주간,토,1,3,1,1,0,전북,무주군,차대차,추돌,추돌,운전자법규위반,안전운전 의무 불이행,교차로,교차로부근,승합차,승합차,승용차,승용차,1013708,1775294,127.65238517,35.97414343
2017,4,22,주간,화,1,1,0,0,0,전북,무주군,차량단독,전도,전도,운전자법규위반,안전운전 의무 불이행,단일로,기타단일로,자전거,자전거,없음,없음,1029024,1765038,127.82155134,35.88150075
2017,4,22,야간,금,2,2,0,0,0,전북,무주군,차대차,측면충돌,측면충돌,운전자법규위반,안전운전 의무 불이행,단일로,기타단일로,승용차,승용차,승용차,승용차,1013748,1775486,127.65249307,35.97603394
2017,4,52,주간,목,1,1,0,0,0,전북,무주군,차량단독,전도,전도,운전자법규위반,안전운전 의무 불이행,단일로,기타단일로,화물차,화물차,없음,없음,1026400,1779261,127.79295385,36.00980831
2017,5,0,야간,일,1,1,0,0,0,전북,무주군,차량단독,전도,전도,운전자법규위반,안전운전 의무 불이행,단일로,기타단일로,이륜차,이륜차,없음,없음,1013557,1778716,127.65042978,36.00515806
2017,6,20,주간,일,1,1,0,0,0,전북,무주군,차량단독,전도,전도,운전자법규위반,안전운전 의무 불이행,단일로,기타단일로,화물차,화물차,없음,없음,1019989,1779787,127.72182651,36.01470331
2017,8,25,야간,토,1,1,0,0,0,전북,무주군,차대사람,기타,기타,운전자법규위반,안전운전 의무 불이행,단일로,기타단일로,화물차,화물차,보행자,보행자,1023865,1779414,127.76482852,36.01125314
2017,10,0,주간,토,1,1,0,0,0,전북,무주군,차량단독,기타,기타,운전자법규위반,안전운전 의무 불이행,단일로,기타단일로,농기계,농기계,없음,없음,1012420,1769103,127.63766305,35.91850265
2017,2,10,야간,목,1,1,0,0,0,전북,부안군,차대사람,횡단중,횡단중,운전자법규위반,안전운전 의무 불이행,단일로,기타단일로,승용차,승용차,보행자,보행자,935813,1745746,126.79045202,35.7058981
2017,2,30,주간,금,1,1,0,0,0,전북,부안군,차대차,측면충돌,측면충돌,운전자법규위반,신호위반,교차로,교차로내,원동기장치자전거,원동기장치자전거,승용차,승용차,927339,1748450,126.69654021,35.72968731
2017,3,55,야간,수,1,1,0,0,0,전북,부안군,차량단독,전도,전도,운전자법규위반,안전운전 의무 불이행,단일로,기타단일로,원동기장치자전거,원동기장치자전거,없음,없음,931669,1748358,126.74442381,35.72916805
2017,4,0,주간,금,1,3,1,1,0,전북,부안군,차대차,측면충돌,측면충돌,운전자법규위반,직진 및 우회전차의 통행방해,교차로,교차로내,농기계,농기계,화물차,화물차,929421,1752405,126.71921213,35.76549507
2017,5,14,주간,일,1,1,0,0,0,전북,부안군,차량단독,도로이탈,도로이탈 추락,운전자법규위반,안전운전 의무 불이행,교차로,교차로부근,화물차,화물차,없음,없음,926788,1744642,126.69079512,35.69531555
2017,7,3,주간,수,1,1,0,0,0,전북,부안군,차대사람,횡단중,횡단중,운전자법규위반,안전운전 의무 불이행,교차로,교차로부근,승합차,승합차,보행자,보행자,930449,1748073,126.73095933,35.72651316
2017,7,0,주간,금,1,1,0,0,0,전북,부안군,차량단독,전도,전도,운전자법규위반,안전운전 의무 불이행,교차로,교차로내,이륜차,이륜차,없음,없음,939129,1744026,126.82723632,35.69060148
2017,8,55,야간,일,1,2,1,0,0,전북,부안군,차량단독,공작물충돌,공작물충돌,운전자법규위반,과속,교차로,교차로내,승용차,승용차,없음,없음,912050,1741268,126.52828558,35.66369334
2017,10,26,주간,금,1,1,0,0,0,전북,부안군,차대차,측면충돌,측면충돌,운전자법규위반,안전운전 의무 불이행,단일로,기타단일로,원동기장치자전거,원동기장치자전거,화물차,화물차,924489,1753351,126.66456718,35.77365703
2017,10,20,야간,일,1,3,1,1,0,전북,부안군,차대차,추돌,추돌,운전자법규위반,안전운전 의무 불이행,교차로,교차로부근,승용차,승용차,농기계,농기계,927381,1745172,126.69730102,35.70013765
2017,11,30,주간,화,1,1,0,0,0,전북,부안군,차대차,측면충돌,측면충돌,운전자법규위반,안전운전 의무 불이행,단일로,기타단일로,승용차,승용차,이륜차,이륜차,924767,1735605,126.6693034,35.61369014
2017,12,40,주간,화,1,1,0,0,0,전북,부안군,차량단독,전도전복,전도전복,운전자법규위반,안전운전 의무 불이행,교차로,교차로내,화물차,화물차,없음,없음,929751,1747699,126.72327476,35.72309178
2017,1,30,주간,금,1,4,0,3,0,전북,순창군,차량단독,전도,전도,운전자법규위반,안전운전 의무 불이행,단일로,기타단일로,승용차,승용차,없음,없음,970819,1714895,127.17852618,35.42939081
2017,2,20,야간,수,1,2,0,1,0,전북,순창군,차대차,추돌,추돌,운전자법규위반,안전운전 의무 불이행,단일로,기타단일로,승용차,승용차,화물차,화물차,967659,1714129,127.14374489,35.42238638
2017,3,45,야간,수,1,1,0,0,0,전북,순창군,차대차,추돌,추돌,운전자법규위반,안전운전 의무 불이행,단일로,기타단일로,화물차,화물차,자전거,자전거,963848,1717468,127.10154634,35.45240011
2017,5,7,야간,수,1,1,0,0,0,전북,순창군,차대사람,횡단중,횡단중,운전자법규위반,안전운전 의무 불이행,단일로,교량위,승용차,승용차,보행자,보행자,964642,1709162,127.11072685,35.37749813
2017,5,30,주간,월,1,1,0,0,0,전북,순창군,차대차,측면충돌,측면충돌,운전자법규위반,신호위반,교차로,교차로내,승용차,승용차,사륜오토바이(ATV),사륜오토바이(ATV),947138,1716979,126.91751738,35.44720454
2017,5,5,주간,금,1,2,0,1,0,전북,순창군,차대차,정면충돌,정면충돌,운전자법규위반,직진 및 우회전차의 통행방해,교차로,교차로내,승합차,승합차,승용차,승용차,961864,1706587,127.07979587,35.35413836
2017,7,15,주간,월,1,2,0,1,0,전북,순창군,차대차,측면충돌,측면충돌,운전자법규위반,안전운전 의무 불이행,단일로,기타단일로,농기계,농기계,승용차,승용차,975662,1717877,127.23178956,35.4564088
2017,8,50,주간,수,1,1,0,0,0,전북,순창군,차대차,측면충돌,측면충돌,운전자법규위반,안전운전 의무 불이행,단일로,기타단일로,화물차,화물차,자전거,자전거,967360,1710625,127.14059156,35.39078225
2017,9,40,주간,화,1,1,0,0,0,전북,순창군,차대차,정면충돌,정면충돌,운전자법규위반,중앙선 침범,단일로,기타단일로,이륜차,이륜차,화물차,화물차,971475,1710523,127.18590593,35.38998884
2017,9,30,주간,금,1,2,0,1,0,전북,순창군,차대차,측면충돌,측면충돌,운전자법규위반,신호위반,교차로,교차로내,승합차,승합차,승용차,승용차,967731,1706891,127.14482423,35.35712594
2017,10,50,야간,토,1,1,0,0,0,전북,순창군,차량단독,도로이탈,도로이탈 추락,운전자법규위반,안전운전 의무 불이행,단일로,기타단일로,화물차,화물차,없음,없음,969386,1709473,127.16294329,35.38045931
2017,11,1,주간,목,1,2,0,1,0,전북,순창군,차대차,측면충돌,측면충돌,운전자법규위반,앞지르기 금지위반,단일로,교량위,승용차,승용차,이륜차,이륜차,966702,1708865,127.13341806,35.37489111
2017,12,20,주간,토,1,1,0,0,0,전북,순창군,차대사람,기타,기타,운전자법규위반,안전운전 의무 불이행,단일로,기타단일로,승용차,승용차,보행자,보행자,954004,1952035,126.97916422,37.56653145
2017,12,0,주간,목,1,1,0,0,0,전북,순창군,차대사람,기타,기타,운전자법규위반,안전운전 의무 불이행,주차장,주차장,화물차,화물차,보행자,보행자,967756,1708948,127.1450182,35.37567414
2017,2,12,주간,화,1,4,0,3,0,전북,완주군,차대차,추돌,추돌,운전자법규위반,안전운전 의무 불이행,단일로,기타단일로,화물차,화물차,특수차,특수차,961057,1769017,127.06836567,35.91703035
2017,3,50,주간,목,1,1,0,0,0,전북,완주군,차대차,측면충돌,측면충돌,운전자법규위반,안전운전 의무 불이행,교차로,교차로내,화물차,화물차,원동기장치자전거,원동기장치자전거,962445,1769098,127.08374571,35.91781495
2017,3,35,야간,월,1,1,0,0,0,전북,완주군,차대차,추돌,추돌,운전자법규위반,안전운전 의무 불이행,단일로,기타단일로,승용차,승용차,화물차,화물차,969647,1770074,127.16353301,35.92686467
2017,3,50,주간,목,1,1,0,0,0,전북,완주군,차대차,추돌,추돌,운전자법규위반,안전운전 의무 불이행,단일로,기타단일로,화물차,화물차,화물차,화물차,974777,1750411,127.22102045,35.7497274
2017,4,45,야간,목,1,2,0,1,0,전북,완주군,차대차,측면충돌,측면충돌,운전자법규위반,중앙선 침범,교차로,교차로내,승용차,승용차,승합차,승합차,970256,1769756,127.17015909,35.92380229
2017,4,28,주간,목,1,4,1,2,0,전북,완주군,차대차,정면충돌,정면충돌,운전자법규위반,안전운전 의무 불이행,단일로,기타단일로,승용차,승용차,승용차,승용차,957218,1758396,127.02638658,35.8211127
2017,4,10,야간,목,1,1,0,0,0,전북,완주군,차대차,추돌,추돌,운전자법규위반,안전거리 미확보,교차로,교차로부근,원동기장치자전거,원동기장치자전거,승용차,승용차,957059,1759346,127.02457537,35.82967085
2017,6,5,야간,목,1,3,0,2,0,전북,완주군,차대차,추돌,추돌,운전자법규위반,과속,단일로,기타단일로,화물차,화물차,건설기계,건설기계,965268,1743443,127.11659,35.68664946
2017,7,20,주간,수,1,2,0,1,0,전북,완주군,차대차,측면충돌,측면충돌,운전자법규위반,신호위반,교차로,교차로내,승용차,승용차,화물차,화물차,965830,1774517,127.12103061,35.96679596
2017,8,25,주간,화,1,1,0,0,0,전북,완주군,차량단독,전도,전도,운전자법규위반,안전운전 의무 불이행,기타,기타,농기계,농기계,없음,없음,979465,1783644,127.27201414,36.04946599
2017,9,10,주간,일,1,1,0,0,0,전북,완주군,차량단독,공작물충돌,공작물충돌,운전자법규위반,안전운전 의무 불이행,단일로,기타단일로,승용차,승용차,없음,없음,970355,1771120,127.17134213,35.93631704
2017,9,50,주간,일,1,1,0,0,0,전북,완주군,차대차,추돌,추돌,운전자법규위반,안전운전 의무 불이행,단일로,기타단일로,승용차,승용차,자전거,자전거,963951,1769325,127.10042734,35.91991826
2017,9,0,주간,일,1,1,0,0,0,전북,완주군,차량단독,기타,기타,운전자법규위반,안전운전 의무 불이행,단일로,기타단일로,자전거,자전거,없음,없음,968059,1747520,127.14683212,35.7234664
2017,9,43,야간,수,1,1,0,0,0,전북,완주군,차대사람,횡단중,횡단중,운전자법규위반,안전운전 의무 불이행,교차로,교차로내,승용차,승용차,보행자,보행자,969433,1771360,127.16111134,35.93845243
2017,10,26,야간,일,1,1,0,0,0,전북,완주군,차대사람,횡단중,횡단중,운전자법규위반,안전운전 의무 불이행,단일로,교량위,승합차,승합차,보행자,보행자,964198,1770000,127.10313466,35.92601303
2017,10,20,야간,목,1,1,0,0,0,전북,완주군,차대사람,횡단중,횡단중,운전자법규위반,안전운전 의무 불이행,교차로,교차로부근,승용차,승용차,보행자,보행자,972065,1784015,127.1898449,36.05262645
2017,10,5,주간,수,1,1,0,0,0,전북,완주군,차대사람,횡단중,횡단중,운전자법규위반,안전운전 의무 불이행,단일로,기타단일로,승용차,승용차,보행자,보행자,968911,1772539,127.15527799,35.94906566
2017,11,15,주간,토,1,1,0,0,0,전북,완주군,차량단독,도로이탈,도로이탈 추락,운전자법규위반,안전운전 의무 불이행,단일로,기타단일로,화물차,화물차,없음,없음,968969,1766999,127.15625773,35.89896922
2017,11,50,주간,화,1,1,0,0,0,전북,완주군,차대사람,횡단중,횡단중,운전자법규위반,안전운전 의무 불이행,교차로,교차로횡단보도내,승합차,승합차,보행자,보행자,968945,1765050,127.15590552,35.88100372
2017,12,49,야간,수,1,1,0,0,0,전북,완주군,차대차,기타,기타,운전자법규위반,안전운전 의무 불이행,단일로,기타단일로,승용차,승용차,이륜차,이륜차,973604,1762030,127.20766304,35.85445496
2017,12,20,주간,화,1,1,0,0,0,전북,완주군,차량단독,도로이탈,도로이탈 추락,운전자법규위반,안전운전 의무 불이행,단일로,기타단일로,화물차,화물차,없음,없음,967261,1778607,127.13673213,36.00371959
2017,12,30,주간,수,1,1,0,0,0,전북,완주군,차대사람,기타,기타,운전자법규위반,안전운전 의무 불이행,단일로,기타단일로,화물차,화물차,보행자,보행자,961583,1768411,127.07422485,35.91158758
2017,12,21,야간,토,1,1,0,0,0,전북,완주군,차대차,추돌,추돌,운전자법규위반,안전거리 미확보,단일로,교량위,화물차,화물차,화물차,화물차,960193,1755858,127.05944649,35.79835544
2017,12,15,주간,토,1,1,0,0,0,전북,완주군,차대사람,횡단중,횡단중,운전자법규위반,안전운전 의무 불이행,단일로,기타단일로,화물차,화물차,보행자,보행자,970131,1771763,127.16883462,35.94210743
2017,1,40,야간,목,1,1,0,0,0,전북,익산시,차대사람,횡단중,횡단중,운전자법규위반,안전운전 의무 불이행,단일로,기타단일로,승용차,승용차,보행자,보행자,952718,1771582,126.97578886,35.93978773
2017,1,5,주간,월,1,2,0,1,0,전북,익산시,차대차,측면충돌,측면충돌,운전자법규위반,신호위반,교차로,교차로내,화물차,화물차,승용차,승용차,956600,1794233,127.01758271,36.14417944
2017,1,21,야간,수,1,1,0,0,0,전북,익산시,차대사람,횡단중,횡단중,운전자법규위반,보행자 보호의무 위반,교차로,교차로횡단보도내,화물차,화물차,보행자,보행자,951388,1774444,126.96958844,35.94602655
2017,1,30,야간,토,1,2,0,1,0,전북,익산시,차대차,추돌,추돌,운전자법규위반,안전운전 의무 불이행,단일로,기타단일로,승용차,승용차,이륜차,이륜차,951902,1772271,126.96670055,35.94595966
2017,2,55,주간,월,1,1,0,0,0,전북,익산시,차대차,측면충돌,측면충돌,운전자법규위반,안전운전 의무 불이행,단일로,기타단일로,화물차,화물차,자전거,자전거,951271,1773252,126.95964423,35.95477269
2017,2,30,주간,수,1,1,0,0,0,전북,익산시,차대사람,횡단중,횡단중,운전자법규위반,중앙선 침범,단일로,기타단일로,승용차,승용차,보행자,보행자,949907,1770865,126.94467006,35.93318339
2017,2,0,야간,월,1,2,0,1,0,전북,익산시,차대차,추돌,추돌,운전자법규위반,안전운전 의무 불이행,단일로,기타단일로,승용차,승용차,화물차,화물차,942987,1768454,126.86813195,35.91106762
2017,3,20,주간,화,1,1,0,0,0,전북,익산시,차대차,측면충돌,측면충돌,운전자법규위반,안전거리 미확보,단일로,기타단일로,자전거,자전거,승용차,승용차,951690,1789099,126.96332224,36.09766228
2017,4,15,주간,화,1,1,0,0,0,전북,익산시,차대차,측면충돌,측면충돌,운전자법규위반,중앙선 침범,단일로,기타단일로,자전거,자전거,승용차,승용차,954093,1773782,126.98724994,35.95925119
2017,4,0,야간,금,1,1,0,0,0,전북,익산시,차대사람,차도통행중,차도통행중,운전자법규위반,안전운전 의무 불이행,교차로,교차로부근,승용차,승용차,보행자,보행자,949710,1774114,126.90559612,36.05467895
2017,5,50,야간,금,1,1,0,0,0,전북,익산시,차대사람,횡단중,횡단중,운전자법규위반,안전운전 의무 불이행,단일로,기타단일로,화물차,화물차,보행자,보행자,953346,1773311,126.98264957,35.955406
2017,6,55,주간,금,1,1,0,0,0,전북,익산시,차량단독,전도전복,전도전복,운전자법규위반,안전운전 의무 불이행,단일로,기타단일로,승용차,승용차,없음,없음,951463,1771220,126.96155489,35.93662505
2017,7,50,주간,월,1,1,0,0,0,전북,익산시,차대차,측면충돌,측면충돌,운전자법규위반,신호위반,교차로,교차로내,원동기장치자전거,원동기장치자전거,화물차,화물차,948184,1773237,126.92541497,35.95447846
2017,7,45,야간,목,1,2,1,0,0,전북,익산시,차대차,측면충돌,측면충돌,운전자법규위반,신호위반,교차로,교차로내,승용차,승용차,승용차,승용차,955106,1779309,127.00182591,36.00956428
2017,7,10,주간,금,1,1,0,0,0,전북,익산시,차대사람,횡단중,횡단중,운전자법규위반,안전운전 의무 불이행,교차로,교차로횡단보도내,건설기계,건설기계,보행자,보행자,953828,1772468,126.98804336,35.94782872
2017,7,0,야간,금,1,1,0,0,0,전북,익산시,차대사람,횡단중,횡단중,운전자법규위반,안전운전 의무 불이행,교차로,교차로횡단보도내,화물차,화물차,보행자,보행자,954254,1773827,126.99325234,35.96017647
2017,7,3,야간,토,1,1,0,0,0,전북,익산시,차대사람,횡단중,횡단중,운전자법규위반,안전운전 의무 불이행,교차로,교차로부근,승합차,승합차,보행자,보행자,950430,1771502,126.95898152,35.95324962
2017,7,20,야간,수,1,1,0,0,0,전북,익산시,차대사람,횡단중,횡단중,운전자법규위반,안전운전 의무 불이행,교차로,교차로내,승용차,승용차,보행자,보행자,945601,1779828,126.89602058,36.01388357
2017,7,0,야간,토,1,2,1,0,0,전북,익산시,차량단독,기타,기타,운전자법규위반,안전운전 의무 불이행,단일로,기타단일로,승용차,승용차,없음,없음,962953,1771862,127.09363327,35.9456009
2017,8,37,야간,목,1,1,0,0,0,전북,익산시,차량단독,전복,전복,운전자법규위반,안전운전 의무 불이행,단일로,기타단일로,사륜오토바이(ATV),사륜오토바이(ATV),없음,없음,951346,1789697,126.95946395,36.10303631
2017,8,0,주간,토,1,2,1,0,0,전북,익산시,차대차,추돌,추돌,운전자법규위반,안전운전 의무 불이행,단일로,기타단일로,승용차,승용차,화물차,화물차,953052,1769206,126.97963213,35.91838259