year,month,minute,day_night,day,death,casualties,중상자수,경상자수,부상신고자수,state,state2,사고유형_대분류,사고유형_중분류,사고유형,법규위반_대분류,법규위반,도로형태_대분류,도로형태,당사자종별_1당_대분류,당사자종별_1당,당사자종별_2당_대분류,당사자종별_2당,발생위치X_UTMK,발생위치Y_UTMK,경도,위도
2017,9,40,주간,금,1,1,0,0,0,충남,청양군,차대차,추돌,추돌,운전자법규위반,과속,단일로,기타단일로,화물차,화물차,자전거,자전거,950726,1825343,126.95032893,36.42435844
2017,9,25,주간,월,1,2,1,0,0,충남,청양군,차대차,추돌,추돌,운전자법규위반,안전운전 의무 불이행,단일로,기타단일로,화물차,화물차,건설기계,건설기계,958933,1827894,127.04174319,36.44774205
2017,11,40,야간,목,1,1,0,0,0,충남,청양군,차량단독,공작물충돌,공작물충돌,운전자법규위반,안전운전 의무 불이행,교차로,교차로내,승용차,승용차,없음,없음,937084,1829676,126.7978043,36.46262116
2017,12,30,야간,목,1,1,0,0,0,충남,청양군,차량단독,공작물충돌,공작물충돌,운전자법규위반,안전운전 의무 불이행,교차로,교차로부근,화물차,화물차,없음,없음,936903,1829117,126.79582989,36.45757012
2017,12,32,야간,수,1,1,0,0,0,충남,청양군,차량단독,전도전복,전도전복,운전자법규위반,안전운전 의무 불이행,교차로,교차로부근,화물차,화물차,없음,없음,937036,1827559,126.79744076,36.44353415
2017,1,15,주간,토,1,1,0,0,0,충남,태안군,차대차,추돌,추돌,운전자법규위반,안전운전 의무 불이행,단일로,기타단일로,승용차,승용차,건설기계,건설기계,884057,1863168,126.20103042,36.75952642
2017,2,55,주간,토,1,1,0,0,0,충남,태안군,차대차,정면충돌,정면충돌,운전자법규위반,과속,교차로,교차로내,건설기계,건설기계,승용차,승용차,891815,1859944,126.28838599,36.73138626
2017,2,8,야간,금,1,1,0,0,0,충남,태안군,차량단독,전도전복,전도전복,운전자법규위반,안전거리 미확보,단일로,기타단일로,승용차,승용차,없음,없음,896854,1836025,126.34802236,36.51636137
2017,3,0,주간,월,1,2,0,1,0,충남,태안군,차대차,정면충돌,정면충돌,운전자법규위반,중앙선 침범,단일로,기타단일로,화물차,화물차,승용차,승용차,892344,1853916,126.29515777,36.67711678
2017,3,6,주간,목,1,1,0,0,0,충남,태안군,차량단독,도로이탈,도로이탈 추락,운전자법규위반,안전운전 의무 불이행,단일로,기타단일로,원동기장치자전거,원동기장치자전거,없음,없음,889236,1869185,126.25816588,36.81437468
2017,8,57,주간,금,1,1,0,0,0,충남,태안군,차대사람,횡단중,횡단중,운전자법규위반,안전운전 의무 불이행,교차로,교차로내,화물차,화물차,보행자,보행자,900853,1827791,126.39373278,36.44256688
2017,8,54,주간,금,1,1,0,0,0,충남,태안군,차량단독,도로이탈,도로이탈 추락,운전자법규위반,안전운전 의무 불이행,단일로,기타단일로,승용차,승용차,없음,없음,898600,1828428,126.36851515,36.44807289
2017,8,54,주간,목,1,1,0,0,0,충남,태안군,차대차,측면충돌,측면충돌,운전자법규위반,안전거리 미확보,단일로,기타단일로,이륜차,이륜차,승합차,승합차,894990,1843352,126.32621006,36.58219838
2017,9,0,야간,토,1,1,0,0,0,충남,태안군,차량단독,공작물충돌,공작물충돌,운전자법규위반,안전운전 의무 불이행,단일로,기타단일로,승용차,승용차,없음,없음,893295,1852846,126.30594791,36.66758011
2017,10,0,주간,목,1,1,0,0,0,충남,태안군,차량단독,기타,기타,운전자법규위반,안전운전 의무 불이행,단일로,기타단일로,농기계,농기계,없음,없음,898008,1844877,126.35973658,36.596271
2017,10,0,주간,목,1,1,0,0,0,충남,태안군,차량단독,전도전복,전도전복,운전자법규위반,안전운전 의무 불이행,단일로,기타단일로,농기계,농기계,없음,없음,891078,1860078,126.28011457,36.73250967
2017,10,8,야간,토,1,1,0,0,0,충남,태안군,차량단독,전도전복,전도전복,운전자법규위반,안전운전 의무 불이행,교차로,교차로부근,승용차,승용차,없음,없음,896151,1834651,126.34035719,36.50390099
2017,12,5,주간,토,1,2,1,0,0,충남,태안군,차대차,정면충돌,정면충돌,운전자법규위반,중앙선 침범,단일로,기타단일로,승용차,승용차,승용차,승용차,887356,1859848,126.2384725,36.73000224
2017,12,22,야간,목,1,1,0,0,0,충남,태안군,차대사람,횡단중,횡단중,운전자법규위반,기타(운전자법규위반),교차로,교차로횡단보도내,승용차,승용차,보행자,보행자,892994,1861897,126.30131381,36.74912203
2017,1,43,야간,일,1,2,0,1,0,충남,홍성군,차대차,추돌,추돌,운전자법규위반,안전운전 의무 불이행,단일로,기타단일로,승용차,승용차,승용차,승용차,916497,1842880,126.5666315,36.58006864
2017,1,35,야간,토,1,1,0,0,0,충남,홍성군,차대사람,차도통행중,차도통행중,운전자법규위반,안전운전 의무 불이행,단일로,기타단일로,승용차,승용차,보행자,보행자,914929,1845363,126.54883245,36.60231141
2017,2,5,주간,토,1,1,0,0,0,충남,홍성군,차량단독,전도전복,전도전복,운전자법규위반,안전운전 의무 불이행,단일로,기타단일로,이륜차,이륜차,없음,없음,917065,1845380,126.57271008,36.60265285
2017,2,55,야간,월,1,4,3,0,0,충남,홍성군,차대차,측면충돌,측면충돌,운전자법규위반,중앙선 침범,단일로,기타단일로,승용차,승용차,승용차,승용차,925306,1848190,126.66456948,36.62866363
2017,2,45,주간,월,1,1,0,0,0,충남,홍성군,차대차,정면충돌,정면충돌,운전자법규위반,교차로 통행방법 위반,교차로,교차로내,승용차,승용차,이륜차,이륜차,925060,1845502,126.66208055,36.60441455
2017,5,20,주간,수,1,1,0,0,0,충남,홍성군,차량단독,전도전복,전도전복,운전자법규위반,안전운전 의무 불이행,단일로,기타단일로,농기계,농기계,없음,없음,926201,1831017,126.67622345,36.47393297
2017,6,20,야간,목,1,1,0,0,0,충남,홍성군,차량단독,전도전복,전도전복,운전자법규위반,안전운전 의무 불이행,단일로,기타단일로,자전거,자전거,없음,없음,929778,1851819,126.71425087,36.66171608
2017,6,23,주간,금,1,1,0,0,0,충남,홍성군,차대사람,횡단중,횡단중,운전자법규위반,안전운전 의무 불이행,단일로,기타단일로,화물차,화물차,보행자,보행자,933108,1846778,126.75194843,36.61651544
2017,7,30,주간,수,1,1,0,0,0,충남,홍성군,철길건널목,철길건널목,철길건널목,운전자법규위반,철길건널목 통과방법위반,철길건널목,철길건널목,자전거,자전거,기타,기타,921523,1833748,126.62373371,36.49817877
2017,7,30,주간,월,1,1,0,0,0,충남,홍성군,차대차,측면충돌,측면충돌,운전자법규위반,신호위반,교차로,교차로내,화물차,화물차,승용차,승용차,912972,1846573,126.52681729,36.61304138
2017,8,48,주간,월,1,1,0,0,0,충남,홍성군,차대차,추돌,추돌,운전자법규위반,안전운전 의무 불이행,단일로,기타단일로,화물차,화물차,농기계,농기계,918331,1844328,126.58697523,36.59327952
2017,9,7,주간,수,2,5,1,2,0,충남,홍성군,차대차,추돌,추돌,운전자법규위반,안전운전 의무 불이행,단일로,기타단일로,승용차,승용차,특수차,특수차,928640,1846072,126.70205273,36.60982733
2017,10,50,야간,토,1,1,0,0,0,충남,홍성군,차대사람,차도통행중,차도통행중,운전자법규위반,안전운전 의무 불이행,교차로,교차로내,승합차,승합차,보행자,보행자,925252,1846487,126.66413132,36.61330848
2017,1,57,야간,금,1,1,0,0,0,충북,괴산군,차대사람,횡단중,횡단중,운전자법규위반,안전운전 의무 불이행,교차로,교차로부근,승용차,승용차,보행자,보행자,1026454,1867987,127.79657802,36.80968996
2017,2,55,주간,월,1,1,0,0,0,충북,괴산군,차대사람,길가장자리구역통행중,길가장자리구역통행중,운전자법규위반,안전운전 의무 불이행,단일로,기타단일로,승용차,승용차,보행자,보행자,1026264,1853594,127.79395268,36.67994669
2017,7,25,주간,목,1,1,0,0,0,충북,괴산군,차대차,추돌,추돌,운전자법규위반,안전운전 의무 불이행,단일로,기타단일로,화물차,화물차,농기계,농기계,1021521,1873012,127.74141654,36.8551134
2017,8,5,야간,수,1,1,0,0,0,충북,괴산군,차대사람,횡단중,횡단중,운전자법규위반,안전운전 의무 불이행,단일로,기타단일로,승용차,승용차,보행자,보행자,1026117,1848424,127.79213131,36.63334405
2017,8,35,주간,월,1,1,0,0,0,충북,괴산군,차량단독,공작물충돌,공작물충돌,운전자법규위반,기타(운전자법규위반),단일로,기타단일로,건설기계,건설기계,없음,없음,1037268,1873249,127.91807024,36.85675982
2017,9,5,주간,월,1,1,0,0,0,충북,괴산군,차대차,추돌,추돌,운전자법규위반,안전운전 의무 불이행,단일로,기타단일로,승용차,승용차,화물차,화물차,1042974,1863093,127.98150422,36.76496724
2017,9,37,주간,토,1,2,1,0,0,충북,괴산군,차대차,정면충돌,정면충돌,운전자법규위반,안전운전 의무 불이행,단일로,기타단일로,이륜차,이륜차,승용차,승용차,1029621,1870840,127.83219416,36.83531462
2017,9,42,야간,월,1,1,0,0,0,충북,괴산군,차대사람,기타,기타,운전자법규위반,안전운전 의무 불이행,단일로,기타단일로,승용차,승용차,보행자,보행자,1025660,1848630,127.78702649,36.63521354
2017,10,10,주간,일,1,1,0,0,0,충북,괴산군,차량단독,기타,기타,운전자법규위반,안전운전 의무 불이행,단일로,기타단일로,이륜차,이륜차,없음,없음,1033181,1853082,127.87134582,36.67511489
2017,11,43,야간,목,1,1,0,0,0,충북,괴산군,차대사람,차도통행중,차도통행중,운전자법규위반,안전운전 의무 불이행,단일로,기타단일로,화물차,화물차,보행자,보행자,1020914,1857246,127.7341746,36.71300155
2017,11,50,야간,목,1,7,6,0,0,충북,괴산군,차대차,추돌,추돌,운전자법규위반,안전운전 의무 불이행,단일로,기타단일로,화물차,화물차,승용차,승용차,1043447,1862839,127.98678933,36.762656
2017,11,1,야간,목,1,2,1,0,0,충북,괴산군,차대차,추돌,추돌,운전자법규위반,안전운전 의무 불이행,단일로,기타단일로,화물차,화물차,승용차,승용차,1043272,1863114,127.98484426,36.76514298
2017,11,30,야간,금,1,1,0,0,0,충북,괴산군,차대차,측면충돌,측면충돌,운전자법규위반,안전운전 의무 불이행,단일로,기타단일로,승용차,승용차,자전거,자전거,1027547,1867852,127.80882669,36.8084418
2017,11,35,주간,일,1,1,0,0,0,충북,괴산군,차량단독,공작물충돌,공작물충돌,운전자법규위반,안전운전 의무 불이행,단일로,기타단일로,화물차,화물차,없음,없음,1012951,1867191,127.64518188,36.80279543
2017,12,35,주간,월,1,2,0,1,0,충북,괴산군,차대차,정면충돌,정면충돌,운전자법규위반,중앙선 침범,단일로,기타단일로,승용차,승용차,건설기계,건설기계,1023477,1864483,127.76309493,36.77818118
2017,2,30,주간,수,1,43,1,41,0,충북,단양군,차량단독,기타,기타,운전자법규위반,과속,단일로,기타단일로,승합차,승합차,없음,없음,1070623,1889487,128.2937359,37.00121906
2017,4,10,주간,토,1,2,0,1,0,충북,단양군,차량단독,공작물충돌,공작물충돌,운전자법규위반,안전운전 의무 불이행,단일로,기타단일로,승용차,승용차,없음,없음,1075119,1886799,128.34399412,36.97664222
2017,7,10,주간,목,2,3,1,0,0,충북,단양군,차대차,정면충돌,정면충돌,운전자법규위반,중앙선 침범,단일로,기타단일로,화물차,화물차,건설기계,건설기계,1076246,1889232,128.35690113,36.99848122
2017,9,55,주간,화,1,1,0,0,0,충북,단양군,차대차,측면충돌,측면충돌,운전자법규위반,직진 및 우회전차의 통행방해,교차로,교차로내,이륜차,이륜차,승용차,승용차,1075146,1881021,128.3437228,36.92455992
2017,10,25,야간,수,1,2,0,1,0,충북,단양군,차대사람,횡단중,횡단중,운전자법규위반,신호위반,단일로,기타단일로,승합차,승합차,보행자,보행자,1071480,1893004,128.30370072,37.03285479
2017,11,50,야간,목,1,1,0,0,0,충북,단양군,차량단독,전도전복,전도전복,운전자법규위반,안전운전 의무 불이행,기타,기타,승용차,승용차,없음,없음,1080444,1887119,128.40385034,36.97908612
2017,11,0,야간,일,1,1,0,0,0,충북,단양군,차량단독,전도전복,전도전복,운전자법규위반,안전운전 의무 불이행,교차로,교차로부근,화물차,화물차,없음,없음,1069316,1892006,128.2792795,37.02402157
2017,11,50,주간,금,1,1,0,0,0,충북,단양군,차대차,추돌,추돌,운전자법규위반,안전운전 의무 불이행,교차로,교차로내,승용차,승용차,건설기계,건설기계,1073979,1891135,128.33161246,37.01581504
2017,1,52,주간,토,1,1,0,0,0,충북,보은군,차량단독,전도전복,전도전복,운전자법규위반,안전운전 의무 불이행,단일로,기타단일로,승용차,승용차,없음,없음,1022127,1833268,127.74706614,36.49681369
2017,2,53,야간,금,1,1,0,0,0,충북,보은군,차대사람,횡단중,횡단중,운전자법규위반,안전운전 의무 불이행,단일로,기타단일로,승용차,승용차,보행자,보행자,1018248,1829770,127.70367164,36.46536049
2017,2,40,야간,금,1,2,1,0,0,충북,보은군,차대차,기타,기타,운전자법규위반,안전운전 의무 불이행,단일로,기타단일로,승합차,승합차,승용차,승용차,1031697,1828418,127.85372274,36.45282155
2017,3,53,야간,수,1,1,0,0,0,충북,보은군,차량단독,전도,전도,운전자법규위반,안전운전 의무 불이행,교차로,교차로부근,승용차,승용차,없음,없음,1020562,1830984,127.72953101,36.47625802
2017,3,20,주간,월,1,1,0,0,0,충북,보은군,차대사람,기타,기타,운전자법규위반,안전운전 의무 불이행,단일로,기타단일로,건설기계,건설기계,보행자,보행자,1022416,1832973,127.75028447,36.49414751
2017,4,20,야간,월,1,1,0,0,0,충북,보은군,차량단독,전도,전도,운전자법규위반,안전운전 의무 불이행,교차로,교차로부근,건설기계,건설기계,없음,없음,1017838,1833517,127.69918197,36.49914802
2017,4,55,야간,목,1,2,1,0,0,충북,보은군,차대차,추돌,추돌,운전자법규위반,안전운전 의무 불이행,단일로,기타단일로,화물차,화물차,화물차,화물차,1027269,1828670,127.80431802,36.45522956
2017,5,50,야간,화,1,2,0,0,1,충북,보은군,차량단독,전도전복,전도전복,운전자법규위반,안전운전 의무 불이행,단일로,교량위,승용차,승용차,없음,없음,1010588,1831269,127.61819672,36.47898956
2017,6,28,야간,월,1,6,0,5,0,충북,보은군,차대차,추돌,추돌,운전자법규위반,안전운전 의무 불이행,단일로,기타단일로,화물차,화물차,승용차,승용차,1020410,1835537,127.72795453,36.51730713
2017,8,30,주간,수,1,2,1,0,0,충북,보은군,차대차,정면충돌,정면충돌,운전자법규위반,중앙선 침범,단일로,기타단일로,화물차,화물차,화물차,화물차,953936,1952044,127.5999084,36.50629708
2017,8,5,야간,수,1,4,2,1,0,충북,보은군,차대차,정면충돌,정면충돌,운전자법규위반,중앙선 침범,단일로,기타단일로,승용차,승용차,이륜차,이륜차,1021077,1827147,127.73517537,36.4416556
2017,8,30,주간,수,1,1,0,0,0,충북,보은군,차대차,측면충돌,측면충돌,운전자법규위반,신호위반,교차로,교차로내,이륜차,이륜차,승용차,승용차,1018492,1831390,127.70643371,36.47996039
2017,9,15,주간,월,1,1,0,0,0,충북,보은군,차대차,측면충돌,측면충돌,운전자법규위반,신호위반,교차로,교차로내,승용차,승용차,승용차,승용차,1009745,1831153,127.60878464,36.47795275
2017,9,8,주간,월,1,2,1,0,0,충북,보은군,차대차,정면충돌,정면충돌,운전자법규위반,중앙선 침범,단일로,기타단일로,화물차,화물차,화물차,화물차,1028788,1823953,127.8210944,36.41266069
2017,9,40,야간,수,1,2,0,1,0,충북,보은군,차대차,추돌,추돌,운전자법규위반,안전운전 의무 불이행,단일로,기타단일로,화물차,화물차,화물차,화물차,1025297,1828674,127.78231117,36.4553197
2017,10,5,주간,일,2,6,4,0,0,충북,보은군,차대차,기타,기타,운전자법규위반,교차로 통행방법 위반,교차로,교차로내,승용차,승용차,승용차,승용차,1021341,1833181,127.73828747,36.49604723
2017,10,20,주간,수,1,1,0,0,0,충북,보은군,차대차,측면충돌,측면충돌,운전자법규위반,교차로 통행방법 위반,교차로,교차로내,이륜차,이륜차,화물차,화물차,1020465,1838901,127.72865807,36.54763264
2017,11,10,야간,금,1,2,0,1,0,충북,보은군,차대차,추돌,추돌,운전자법규위반,안전운전 의무 불이행,단일로,기타단일로,화물차,화물차,화물차,화물차,1024225,1828594,127.77034542,36.45462619
2017,1,50,야간,일,1,1,0,0,0,충북,영동군,차대차,기타,기타,운전자법규위반,과속,단일로,기타단일로,승합차,승합차,승용차,승용차,1021404,1800669,127.73809677,36.20293914
2017,3,13,야간,일,1,1,0,0,0,충북,영동군,차량단독,도로이탈,도로이탈 기타,운전자법규위반,안전운전 의무 불이행,단일로,기타단일로,승용차,승용차,없음,없음,1023154,1804358,127.75767254,36.23615709
2017,3,0,야간,수,1,1,0,0,0,충북,영동군,차량단독,기타,기타,운전자법규위반,안전운전 의무 불이행,기타,기타,화물차,화물차,없음,없음,1024478,1796821,127.77217138,36.16817435
2017,4,40,주간,토,1,2,0,1,0,충북,영동군,차대차,정면충돌,정면충돌,운전자법규위반,중앙선 침범,단일로,기타단일로,화물차,화물차,건설기계,건설기계,1035250,1799674,127.89207148,36.19356329
2017,5,58,야간,월,2,8,5,1,0,충북,영동군,차대차,기타,기타,운전자법규위반,안전운전 의무 불이행,단일로,기타단일로,승합차,승합차,승용차,승용차,1026784,1809341,127.79823976,36.28098717
2017,5,40,주간,토,1,1,0,0,0,충북,영동군,차대차,기타,기타,운전자법규위반,안전운전 의무 불이행,교차로,교차로내,이륜차,이륜차,화물차,화물차,1015655,1790008,127.67393317,36.10693323
2017,5,30,주간,금,1,1,0,0,0,충북,영동군,차대사람,기타,기타,운전자법규위반,보행자 보호의무 위반,교차로,교차로횡단보도내,승합차,승합차,보행자,보행자,1025017,1797580,127.77818866,36.1750034
2017,6,0,주간,화,1,2,0,1,0,충북,영동군,차대차,측면충돌,측면충돌,운전자법규위반,중앙선 침범,단일로,기타단일로,화물차,화물차,승용차,승용차,1043661,1795245,127.98537458,36.1532913
2017,7,20,주간,목,1,1,0,0,0,충북,영동군,차량단독,기타,기타,운전자법규위반,안전운전 의무 불이행,교차로,교차로내,농기계,농기계,없음,없음,1023712,1792634,127.76352798,36.13044499
2017,7,20,주간,일,1,1,0,0,0,충북,영동군,차량단독,도로이탈,도로이탈 기타,운전자법규위반,안전운전 의무 불이행,단일로,기타단일로,승용차,승용차,없음,없음,1011750,1797754,127.63066296,36.17682402
2017,8,35,주간,수,1,1,0,0,0,충북,영동군,차량단독,기타,기타,운전자법규위반,안전운전 의무 불이행,교차로,교차로부근,특수차,특수차,없음,없음,1033828,1801233,127.87632273,36.20766913
2017,1,0,주간,일,1,2,1,0,0,충북,옥천군,차대차,추돌,추돌,운전자법규위반,안전운전 의무 불이행,단일로,기타단일로,농기계,농기계,농기계,농기계,1015164,1822155,127.66910133,36.3967631
2017,1,40,주간,금,1,1,0,0,0,충북,옥천군,차량단독,전도,전도,운전자법규위반,안전운전 의무 불이행,단일로,기타단일로,화물차,화물차,없음,없음,1017276,1822185,127.69265385,36.3969979
2017,3,53,주간,금,1,1,0,0,0,충북,옥천군,차대사람,차도통행중,차도통행중,운전자법규위반,과속,단일로,기타단일로,승용차,승용차,보행자,보행자,1001292,1815523,127.51439675,36.33709188
2017,7,20,야간,수,1,4,1,2,0,충북,옥천군,차대차,추돌,추돌,운전자법규위반,안전운전 의무 불이행,단일로,기타단일로,화물차,화물차,특수차,특수차,1003248,1814881,127.53618976,36.33129935
2017,7,10,주간,화,1,1,0,0,0,충북,옥천군,차대차,측면충돌,측면충돌,운전자법규위반,안전운전 의무 불이행,교차로,교차로내,원동기장치자전거,원동기장치자전거,승용차,승용차,1005985,1811649,127.56666104,36.30214826
2017,8,40,주간,수,1,2,1,0,0,충북,옥천군,차량단독,공작물충돌,공작물충돌,운전자법규위반,안전운전 의무 불이행,단일로,기타단일로,승용차,승용차,없음,없음,1007726,1816194,127.58609737,36.34311108
2017,9,35,야간,토,1,1,0,0,0,충북,옥천군,차대사람,차도통행중,차도통행중,운전자법규위반,안전운전 의무 불이행,교차로,교차로내,이륜차,이륜차,보행자,보행자,1006190,1811734,127.56894501,36.30291328
2017,11,0,야간,화,1,5,0,4,0,충북,옥천군,차대차,기타,기타,운전자법규위반,안전운전 의무 불이행,단일로,기타단일로,승용차,승용차,승용차,승용차,1007831,1808164,127.58718685,36.270716
2017,11,40,야간,토,1,1,0,0,0,충북,옥천군,차대사람,횡단중,횡단중,운전자법규위반,안전운전 의무 불이행,교차로,교차로내,화물차,화물차,보행자,보행자,1006136,1810547,127.56833422,36.29221224
2017,11,0,야간,금,1,1,0,0,0,충북,옥천군,차대차,측면충돌,측면충돌,운전자법규위반,안전운전 의무 불이행,단일로,기타단일로,화물차,화물차,화물차,화물차,1002012,1816287,127.52242167,36.34397843
2017,1,15,야간,토,1,1,0,0,0,충북,음성군,차량단독,전도,전도,운전자법규위반,안전운전 의무 불이행,단일로,기타단일로,승용차,승용차,없음,없음,1000785,1883931,127.50881726,36.95378837
2017,2,35,주간,수,1,1,0,0,0,충북,음성군,차대사람,횡단중,횡단중,운전자법규위반,안전운전 의무 불이행,단일로,기타단일로,승용차,승용차,보행자,보행자,1007212,1884577,127.58101264,36.95958442
2017,3,30,주간,수,1,1,0,0,0,충북,음성군,차대차,추돌,추돌,운전자법규위반,안전거리 미확보,단일로,교량위,원동기장치자전거,원동기장치자전거,화물차,화물차,1012586,1902170,127.64167317,37.11811723
2017,3,25,야간,목,1,1,0,0,0,충북,음성군,차량단독,전도,전도,운전자법규위반,안전거리 미확보,단일로,기타단일로,승용차,승용차,없음,없음,1022047,1881581,127.74756635,36.93234658
2017,4,47,주간,일,1,1,0,0,0,충북,음성군,차대사람,횡단중,횡단중,운전자법규위반,안전운전 의무 불이행,단일로,기타단일로,승용차,승용차,보행자,보행자,998739,1885864,127.48583299,36.97121285
2017,4,20,야간,화,1,2,0,1,0,충북,음성군,차대차,측면충돌,측면충돌,운전자법규위반,중앙선 침범,단일로,기타단일로,승용차,승용차,승용차,승용차,1009460,1897147,127.60642236,37.07287539
2017,5,0,야간,목,1,1,0,0,0,충북,음성군,차량단독,전도,전도,운전자법규위반,안전운전 의무 불이행,단일로,기타단일로,원동기장치자전거,원동기장치자전거,없음,없음,1018877,1880924,127.71195418,36.92649293
2017,5,20,주간,화,1,1,0,0,0,충북,음성군,차대사람,횡단중,횡단중,운전자법규위반,안전운전 의무 불이행,교차로,교차로내,승용차,승용차,보행자,보행자,1012351,1902264,127.63902948,37.1189677
2017,5,8,주간,금,2,2,0,0,0,충북,음성군,차량단독,전도,전도,운전자법규위반,안전운전 의무 불이행,교차로,교차로부근,승용차,승용차,없음,없음,1014926,1881060,127.66759456,36.92778978
2017,6,33,주간,월,1,1,0,0,0,충북,음성군,차량단독,전도전복,전도전복,운전자법규위반,안전운전 의무 불이행,단일로,기타단일로,화물차,화물차,없음,없음,997495,1887152,127.47185269,36.98282099
2017,6,50,야간,금,1,1,0,0,0,충북,음성군,차대사람,횡단중,횡단중,운전자법규위반,안전운전 의무 불이행,교차로,교차로부근,승용차,승용차,보행자,보행자,1006377,1887090,127.5716543,36.98224381
2017,6,50,야간,금,1,1,0,0,0,충북,음성군,차량단독,도로이탈,도로이탈 기타,운전자법규위반,안전운전 의무 불이행,교차로,교차로부근,승용차,승용차,없음,없음,1013426,1889385,127.65090011,37.00285765
2017,10,15,야간,화,1,4,2,1,0,충북,음성군,차대차,측면충돌,측면충돌,운전자법규위반,신호위반,교차로,교차로내,승용차,승용차,승합차,승합차,1009847,1892934,127.61072081,37.03489402
2017,10,0,주간,금,1,22,9,12,0,충북,음성군,차대차,추돌,추돌,운전자법규위반,안전운전 의무 불이행,단일로,기타단일로,화물차,화물차,승합차,승합차,1013722,1904359,127.65450052,37.13783335
2017,11,20,야간,화,1,1,0,0,0,충북,음성군,차대사람,기타,기타,운전자법규위반,안전운전 의무 불이행,교차로,교차로내,승용차,승용차,보행자,보행자,1015372,1881231,127.67260586,36.92932408
2017,11,10,야간,화,1,2,0,1,0,충북,음성군,차대차,측면충돌,측면충돌,운전자법규위반,중앙선 침범,단일로,기타단일로,승용차,승용차,화물차,화물차,1012288,1900500,127.6382914,37.10306742
2017,12,14,주간,수,1,1,0,0,0,충북,음성군,차대사람,횡단중,횡단중,운전자법규위반,과속,교차로,교차로내,승용차,승용차,보행자,보행자,1004768,1886822,127.5535733,36.97983747
2017,12,0,야간,토,1,4,1,2,0,충북,음성군,차대차,측면충돌,측면충돌,운전자법규위반,과속,단일로,기타단일로,승용차,승용차,승용차,승용차,998464,1891889,127.48273116,37.02552439
2017,12,30,야간,수,1,1,0,0,0,충북,음성군,차량단독,전도전복,전도전복,운전자법규위반,안전운전 의무 불이행,단일로,기타단일로,승용차,승용차,없음,없음,1009957,1893336,127.61196298,37.03851663
2017,12,10,야간,화,1,1,0,0,0,충북,음성군,차대사람,횡단중,횡단중,운전자법규위반,안전운전 의무 불이행,단일로,기타단일로,승용차,승용차,보행자,보행자,1008246,1888274,127.59266798,36.99290237
2017,1,0,주간,일,1,2,1,0,0,충북,제천시,차량단독,전도,전도,운전자법규위반,안전운전 의무 불이행,기타,기타,승용차,승용차,없음,없음,1061802,1882087,128.19399747,36.93513838
2017,2,43,야간,토,1,1,0,0,0,충북,제천시,차대사람,횡단중,횡단중,운전자법규위반,보행자 보호의무 위반,단일로,기타단일로,승용차,승용차,보행자,보행자,1051792,1879716,128.08143494,36.91436959
2017,2,14,야간,목,1,1,0,0,0,충북,제천시,차대사람,횡단중,횡단중,운전자법규위반,과속,단일로,기타단일로,승용차,승용차,보행자,보행자,1065359,1907571,128.23615268,37.16460112
2017,3,33,야간,금,1,1,0,0,0,충북,제천시,차대차,정면충돌,정면충돌,운전자법규위반,안전운전 의무 불이행,교차로,교차로부근,승용차,승용차,특수차,특수차,1064646,1902644,128.22769704,37.1202413
2017,6,30,야간,목,1,1,0,0,0,충북,제천시,차대사람,기타,기타,운전자법규위반,안전운전 의무 불이행,교차로,교차로내,승용차,승용차,보행자,보행자,1059019,1903674,128.16444112,37.1298972
2017,6,5,주간,수,1,1,0,0,0,충북,제천시,차량단독,전도전복,전도전복,운전자법규위반,안전운전 의무 불이행,단일로,기타단일로,화물차,화물차,없음,없음,1063616,1897512,128.2156683,37.07405423
2017,6,30,주간,수,1,1,0,0,0,충북,제천시,차대차,정면충돌,정면충돌,운전자법규위반,중앙선 침범,단일로,기타단일로,이륜차,이륜차,화물차,화물차,1055144,1906210,128.12100528,37.15299238
2017,8,10,야간,금,1,1,0,0,0,충북,제천시,차대사람,기타,기타,운전자법규위반,안전운전 의무 불이행,교차로,교차로부근,승용차,승용차,보행자,보행자,1063474,1905819,128.21477435,37.14893947
2017,8,30,야간,목,1,1,0,0,0,충북,제천시,차대사람,횡단중,횡단중,운전자법규위반,신호위반,교차로,교차로부근,화물차,화물차,보행자,보행자,1063405,1903431,128.21379515,37.12741988
2017,9,42,야간,화,1,1,0,0,0,충북,제천시,차량단독,전도전복,전도전복,운전자법규위반,안전운전 의무 불이행,교차로,교차로내,건설기계,건설기계,없음,없음,1069445,1910440,128.28243705,37.19016553
2017,10,15,주간,화,1,2,1,0,0,충북,제천시,차대차,측면충돌,측면충돌,운전자법규위반,중앙선 침범,교차로,교차로내,원동기장치자전거,원동기장치자전거,화물차,화물차,1061427,1907601,128.19187121,37.16513835
2017,10,46,야간,목,1,1,0,0,0,충북,제천시,차량단독,기타,기타,운전자법규위반,안전운전 의무 불이행,단일로,기타단일로,승용차,승용차,없음,없음,1062158,1901270,128.1995785,37.10802523
2017,11,15,야간,화,1,1,0,0,0,충북,제천시,차대사람,차도통행중,차도통행중,운전자법규위반,안전운전 의무 불이행,단일로,기타단일로,승용차,승용차,보행자,보행자,1059771,1897182,128.1723893,37.07133281